site,area,city,district,state,region,lat,lon,ne_count
(unknown),North,Shahjahanpur,Shahjahanpur,Uttar Pradesh,North,27.879191,79.925987,41886
LIE,North,Imphal,Imphal West,Manipur,Northeast,24.820517,93.947836,11182
RHK,Hadapsar,Pune,Pune,Maharashtra,West,18.510222,73.848048,10010
WKF,Central,Mathura,Mathura,Uttar Pradesh,North,27.497661,77.674495,9794
WIS,Fatehgunj,Vadodara,Vadodara,Gujarat,West,22.303349,73.19458,9561
GME,North,Kamarhati,North 24 Parganas,West Bengal,East,22.669418,88.379364,9560
EDO,South,Ballari,Ballari,Karnataka,South,15.124621,76.925211,9552
FGN,East,Silchar,Cachar,Assam,Northeast,24.828157,92.764968,9239
HNP,North,Kozhikode,Kozhikode,Kerala,South,11.258043,75.796277,9106
MRP,East,Ratnagiri,Ratnagiri,Maharashtra,West,16.99478,73.287463,8730
LWG,East,Karaikudi,Sivaganga,Tamil Nadu,South,10.074314,78.759075,7442
CAP,City Light,Surat,Surat,Gujarat,West,21.163542,72.846064,7229
MAY,West,Dhanbad,Dhanbad,Jharkhand,East,23.798187,86.419314,7228
ABN,Central,Bhilwara,Bhilwara,Rajasthan,North,25.352067,74.632608,6660
MWO,South,Margao,South Goa,Goa,West,15.270252,73.98816,5835
LTL,South,Jodhpur,Jodhpur,Rajasthan,North,26.22294,73.032833,5761
FWS,North,Ambattur,Tiruvallur,Tamil Nadu,South,13.100814,80.17672,5522
BRY,Cyber City,Gurgaon,Gurugram,Haryana,North,28.469157,77.029798,5428
RFL,East,Davanagere,Davanagere,Karnataka,South,14.470369,75.907551,5387
EDP,South,Thrissur,Thrissur,Kerala,South,10.514321,76.213906,5182
MXA,East,Bhiwandi,Thane,Maharashtra,West,19.301758,73.049773,5132
LDM,East,Durgapur,Paschim Bardhaman,West Bengal,East,23.515367,87.303109,4793
CTD,North,Satara,Satara,Maharashtra,West,17.68031,74.03837,4754
DVI,Central,Karnal,Karnal,Haryana,North,29.69219,76.99201,4623
RBA,West,Kalyan,Thane,Maharashtra,West,19.248563,73.127754,4613
PWK,East,Port Blair,Cuddalore,Tamil Nadu,South,11.74598,79.764422,4566
SCA,Central,Jamshedpur,East Singhbhum,Jharkhand,East,22.813969,86.206591,4375
ERN,Central,Varanasi,Varanasi,Uttar Pradesh,North,25.323719,82.974887,4197
AAS,Central,Tinsukia,Tinsukia,Assam,Northeast,27.498767,95.361621,3939
HUT,Beltola,Guwahati,Kamrup Metro,Assam,Northeast,26.134186,91.718567,3935
BGS,Central,Varanasi,Varanasi,Uttar Pradesh,North,25.329601,82.975583,3928
HDW,South,Jalandhar,Jalandhar,Punjab,North,31.303884,75.580181,3885
ODE,Central,Jabalpur,Jabalpur,Madhya Pradesh,Central,23.189371,79.989427,3869
SIL,North,Ambala,Ambala,Haryana,North,30.377396,76.796364,3834
SSG,East,Aizawl,Aizawl,Mizoram,Northeast,23.721444,92.706062,3810
BOF,East,Jabalpur,Jabalpur,Madhya Pradesh,Central,23.170121,79.984762,3719
PRT,Paltan Bazar,Guwahati,Kamrup Metro,Assam,Northeast,26.146197,91.749192,3718
MYP,East,Gangtok,East Sikkim,Sikkim,Northeast,27.333223,88.594258,3643
RDG,South,Kohima,Kohima,Nagaland,Northeast,25.659261,94.114284,3627
DKF,South,Ballari,Ballari,Karnataka,South,15.117541,76.916978,3592
ITO,Central,Nadiad,Kheda,Gujarat,West,22.699461,72.864469,3577
ETR,East,Margao,South Goa,Goa,West,15.281392,73.979126,3233
WAC,North,Durgapur,Paschim Bardhaman,West Bengal,East,23.514776,87.324495,3129
NFD,Fort Kochi,Kochi,Ernakulam,Kerala,South,9.934023,76.276329,3043
QWD,West,Ludhiana,Ludhiana,Punjab,North,30.909124,75.843002,2997
RBH,North,Roorkee,Haridwar,Uttarakhand,North,29.85045,77.897454,2928
NIG,North,Silchar,Cachar,Assam,Northeast,24.836099,92.79775,2806
FLD,East,Jabalpur,Jabalpur,Madhya Pradesh,Central,23.17114,79.984426,2764
SPS,West,Amritsar,Amritsar,Punjab,North,31.633518,74.853164,2686
SAD,Vannarpet,Tirunelveli,Tirunelveli,Tamil Nadu,South,8.713741,77.74708,2616
CWE,North,Shahjahanpur,Shahjahanpur,Uttar Pradesh,North,27.884017,79.924556,2548
CUR,East,Bokaro Steel City,Bokaro,Jharkhand,East,23.66452,86.135368,2543
SCT,Palayamkottai,Tirunelveli,Tirunelveli,Tamil Nadu,South,8.697896,77.760454,2461
SVL,Central,Kanpur,Kanpur Nagar,Uttar Pradesh,North,26.455342,80.328377,2284
LON,North,Imphal,Imphal West,Manipur,Northeast,24.822881,93.949073,2243
POA,Jaydev Vihar,Bhubaneswar,Khordha,Odisha,East,20.308843,85.807509,2214
KSD,East,Itanagar,Papum Pare,Arunachal Pradesh,Northeast,27.101465,93.598615,2037
BIS,North,Sambalpur,Sambalpur,Odisha,East,21.46276,83.988441,2011
SGV,Thillai Nagar,Tiruchirappalli,Tiruchirappalli,Tamil Nadu,South,10.769827,78.704617,1963
EDV,East,Junagadh,Junagadh,Gujarat,West,21.521444,70.447122,1950
SAM,South,Durgapur,Paschim Bardhaman,West Bengal,East,23.504102,87.317291,1869
DRK,Periya Semur,Erode,Erode,Tamil Nadu,South,11.337192,77.732313,1848
WVY,North,Akbarpur,Ambedkar Nagar,Uttar Pradesh,North,26.433173,82.547332,1740
NEF,North,Ballari,Ballari,Karnataka,South,15.140113,76.930586,1686
AZV,Juhu,Mumbai,Mumbai,Maharashtra,West,19.078444,72.866435,1686
SSH,Central,Jalandhar,Jalandhar,Punjab,North,31.334161,75.578635,1658
NLS,South,Agra,Agra,Uttar Pradesh,North,27.15902,78.019771,1591
HLD,North,Guntur,Guntur,Andhra Pradesh,South,16.303094,80.45319,1572
NHL,North,Mathura,Mathura,Uttar Pradesh,North,27.489589,77.689896,1523
HWH,North,Bhagalpur,Bhagalpur,Bihar,East,25.243689,86.999534,1504
BLH,Srirangam,Tiruchirappalli,Tiruchirappalli,Tamil Nadu,South,10.792255,78.718683,1467
ZWP,Bariatu,Ranchi,Ranchi,Jharkhand,East,23.332369,85.294789,1457
VBP,North,Tiruvottiyur,Tiruvallur,Tamil Nadu,South,13.157698,80.318816,1452
AKI,South,Port Blair,Cuddalore,Tamil Nadu,South,11.733483,79.766409,1405
VPK,North,Aizawl,Aizawl,Mizoram,Northeast,23.725975,92.731848,1396
KDP,North,Pathankot,Pathankot,Punjab,North,32.277166,75.668045,1387
LBK,North,Durgapur,Paschim Bardhaman,West Bengal,East,23.515747,87.330079,1385
WNG,East,Panaji,North Goa,Goa,West,15.492279,73.814773,1373
CDP,East,Aligarh,Aligarh,Uttar Pradesh,North,27.893866,78.073641,1342
VWT,East,Aligarh,Aligarh,Uttar Pradesh,North,27.900997,78.075778,1335
RUS,Varachha,Surat,Surat,Gujarat,West,21.179304,72.815703,1333
TGV,Adajan,Surat,Surat,Gujarat,West,21.182095,72.83323,1301
SNK,TT Nagar,Bhopal,Bhopal,Madhya Pradesh,Central,23.251513,77.433915,1250
KVN,East,Yamunanagar,Yamunanagar,Haryana,North,30.130958,77.259661,1247
XAN,Civil Lines,Nagpur,Nagpur,Maharashtra,West,21.133357,79.098208,1224
PLA,Central,Durgapur,Paschim Bardhaman,West Bengal,East,23.526225,87.317736,1212
MII,Argora,Ranchi,Ranchi,Jharkhand,East,23.355257,85.29368,1186
ELN,Central,Margao,South Goa,Goa,West,15.299986,73.992188,1179
ESG,East,Mysore,Mysuru,Karnataka,South,12.300842,76.625902,1176
DEX,North,Durgapur,Paschim Bardhaman,West Bengal,East,23.526125,87.32432,1172
BPN,Central,Rohtak,Rohtak,Haryana,North,28.902491,76.602842,1155
OKN,Central,Junagadh,Junagadh,Gujarat,West,21.529989,70.460646,1097
RNE,North,Sambalpur,Sambalpur,Odisha,East,21.470469,83.990458,1084
LEM,Chithode,Erode,Erode,Tamil Nadu,South,11.324646,77.71249,1075
TZN,North,Ambala,Ambala,Haryana,North,30.375415,76.785118,1053
HAT,East,Kalyan,Thane,Maharashtra,West,19.234032,73.132081,1051
BRU,North,Nellore,Nellore,Andhra Pradesh,South,14.43859,80.003569,1045
DSV,Pan Bazar,Guwahati,Kamrup Metro,Assam,Northeast,26.152473,91.738461,1036
TMI,Sector 56,Gurgaon,Gurugram,Haryana,North,28.447984,77.045954,1036
WTK,South,Solapur,Solapur,Maharashtra,West,17.637766,75.903968,1026
TRS,Central,Firozabad,Firozabad,Uttar Pradesh,North,27.172868,78.396347,1016
PRN,West,Dehradun,Dehradun,Uttarakhand,North,30.321584,78.012626,996
ENR,North,Durgapur,Paschim Bardhaman,West Bengal,East,23.520264,87.323297,925
COS,East,Jalandhar,Jalandhar,Punjab,North,31.324958,75.57047,924
KMP,Hazratganj,Lucknow,Lucknow,Uttar Pradesh,North,26.852229,80.961225,919
MNC,Central,Satara,Satara,Maharashtra,West,17.696795,74.015121,906
ELS,Bodakdev,Ahmedabad,Ahmedabad,Gujarat,West,23.00018,72.566156,890
RDP,Dum Dum,Kolkata,Kolkata,West Bengal,East,22.559772,88.366561,875
KRU,North,Jalandhar,Jalandhar,Punjab,North,31.322662,75.58828,866
RYP,Central,Hisar,Hisar,Haryana,North,29.156576,75.720963,863
ZKP,North,Dibrugarh,Dibrugarh,Assam,Northeast,27.468098,94.923301,857
GNV,North,Solapur,Solapur,Maharashtra,West,17.661418,75.91978,846
WHR,East,Durgapur,Paschim Bardhaman,West Bengal,East,23.519399,87.295231,837
HDT,North,Durgapur,Paschim Bardhaman,West Bengal,East,23.525468,87.328685,816
RVA,Katpadi,Vellore,Vellore,Tamil Nadu,South,12.912337,79.118777,786
STE,Central,Mira-Bhayandar,Thane,Maharashtra,West,19.305901,72.857417,786
WRK,Central,Sambalpur,Sambalpur,Odisha,East,21.482778,83.971665,785
MRA,Pan Bazar,Guwahati,Kamrup Metro,Assam,Northeast,26.159657,91.731353,732
DPO,Central,Dharamshala,Kangra,Himachal Pradesh,North,32.226424,76.320807,705
TPK,Central,Port Blair,Cuddalore,Tamil Nadu,South,11.76163,79.767618,686
AER,Central,Gulbarga,Kalaburagi,Karnataka,South,17.336935,76.831233,673
KLP,South,Junagadh,Junagadh,Gujarat,West,21.507877,70.456555,667
MYR,South,Avadi,Tiruvallur,Tamil Nadu,South,13.092817,80.112969,652
WBD,North,Agartala,West Tripura,Tripura,Northeast,23.830944,91.302619,645
ARA,Central,Firozabad,Firozabad,Uttar Pradesh,North,27.17194,78.394503,628
KEF,East,Margao,South Goa,Goa,West,15.283459,73.97944,624
ATV,East,Satara,Satara,Maharashtra,West,17.674726,74.01233,557
BDE,North,Firozabad,Firozabad,Uttar Pradesh,North,27.155083,78.40937,539
KIL,Central,Ballari,Ballari,Karnataka,South,15.146285,76.922663,509
ACP,NIT,Faridabad,Faridabad,Haryana,North,28.41911,77.315629,504
EDY,Singanallur,Coimbatore,Coimbatore,Tamil Nadu,South,11.008349,76.951473,478
DSY,Central,Karnal,Karnal,Haryana,North,29.698016,76.991849,476
MEY,North,Kolhapur,Kolhapur,Maharashtra,West,16.703223,74.263042,430
PGT,Sector 18,Noida,Gautam Buddha Nagar,Uttar Pradesh,North,28.543546,77.386798,430
MWS,Central,Margao,South Goa,Goa,West,15.28804,73.980639,389
CLL,AB Road,Indore,Indore,Madhya Pradesh,Central,22.728087,75.847871,377
RVL,Central,Agartala,West Tripura,Tripura,Northeast,23.837646,91.286446,368
GDY,East,Durgapur,Paschim Bardhaman,West Bengal,East,23.516318,87.296646,363
TZI,North,Agartala,West Tripura,Tripura,Northeast,23.83501,91.295443,362
EAD,East,Belgaum,Belgaum,Karnataka,South,15.855633,74.484448,361
BNB,Sayajigunj,Vadodara,Vadodara,Gujarat,West,22.317301,73.190367,332
WKS,South,Ajmer,Ajmer,Rajasthan,North,26.433079,74.63923,326
HBW,West,Varanasi,Varanasi,Uttar Pradesh,North,25.321675,82.960242,316
HOP,Hazratganj,Lucknow,Lucknow,Uttar Pradesh,North,26.851391,80.955389,310
LDB,Central,Durgapur,Paschim Bardhaman,West Bengal,East,23.536265,87.310196,289
MEH,East,Durgapur,Paschim Bardhaman,West Bengal,East,23.526191,87.302667,286
PWS,South,Bareilly,Bareilly,Uttar Pradesh,North,28.34605,79.424402,284
PGR,North,Dehradun,Dehradun,Uttarakhand,North,30.319598,78.051566,282
CHT,Central,Durgapur,Paschim Bardhaman,West Bengal,East,23.531337,87.316731,278
BEV,Central,Jalandhar,Jalandhar,Punjab,North,31.341984,75.578618,275
MSA,Sodala,Jaipur,Jaipur,Rajasthan,North,26.920847,75.781326,252
SAN,West,Gwalior,Gwalior,Madhya Pradesh,Central,26.227445,78.170682,246
KDF,Hinoo,Ranchi,Ranchi,Jharkhand,East,23.339436,85.328034,192
NPT,Sector 62,Noida,Gautam Buddha Nagar,Uttar Pradesh,North,28.545773,77.403482,192
FCV,Bhawarkua,Indore,Indore,Madhya Pradesh,Central,22.70897,75.870038,191
WKP,Dadar,Mumbai,Mumbai,Maharashtra,West,19.07844,72.888999,178
RAL,East,Margao,South Goa,Goa,West,15.285842,73.976033,176
GIY,South,Loni,Ghaziabad,Uttar Pradesh,North,28.717895,77.294037,155
FML,Adajan,Surat,Surat,Gujarat,West,21.175956,72.83021,152
STP,East,Loni,Ghaziabad,Uttar Pradesh,North,28.736355,77.272658,145
RDT,Central,Durgapur,Paschim Bardhaman,West Bengal,East,23.535777,87.315762,142
RJF,Central,Nellore,Nellore,Andhra Pradesh,South,14.455192,79.9913,137
WDV,East,Bokaro Steel City,Bokaro,Jharkhand,East,23.672535,86.144393,132
MNA,North,Jalandhar,Jalandhar,Punjab,North,31.331945,75.596533,124
SPB,South,Amritsar,Amritsar,Punjab,North,31.622042,74.882079,123
BGT,East,Durgapur,Paschim Bardhaman,West Bengal,East,23.52469,87.304344,87
BAL,East,Karnal,Karnal,Haryana,North,29.68987,76.976107,87
HKA,East,Agartala,West Tripura,Tripura,Northeast,23.826301,91.273828,86
HYW,Central,Durgapur,Paschim Bardhaman,West Bengal,East,23.532347,87.310148,85
CUL,East,Margao,South Goa,Goa,West,15.284841,73.980126,84
NDF,East,Asansol,Paschim Bardhaman,West Bengal,East,23.668898,86.943685,83
ANA,North,Jalandhar,Jalandhar,Punjab,North,31.323772,75.589452,77
NBP,East,Bhiwandi,Thane,Maharashtra,West,19.303136,73.057429,77
THU,East,Durgapur,Paschim Bardhaman,West Bengal,East,23.524896,87.300176,75
NRM,South,Agartala,West Tripura,Tripura,Northeast,23.814911,91.290089,70
SYW,Central,Davanagere,Davanagere,Karnataka,South,14.478554,75.926076,69
PNA,North,Agartala,West Tripura,Tripura,Northeast,23.832658,91.303089,69
LSA,Central,Solapur,Solapur,Maharashtra,West,17.665482,75.904205,65
KWM,Central,Davanagere,Davanagere,Karnataka,South,14.474941,75.918712,65
MER,East,Dhule,Dhule,Maharashtra,West,20.90606,74.764502,62
RLN,South,Hisar,Hisar,Haryana,North,29.131961,75.721949,61
RVR,South,Durgapur,Paschim Bardhaman,West Bengal,East,23.498587,87.312172,58
BRM,East,Puducherry,Puducherry,Puducherry,South,11.93774,79.797866,55
SFT,East,Agartala,West Tripura,Tripura,Northeast,23.826053,91.278346,53
BFL,Central,Durgapur,Paschim Bardhaman,West Bengal,East,23.528109,87.306759,52
KHG,Central,Kamarhati,North 24 Parganas,West Bengal,East,22.6763,88.371334,52
NOC,Central,Amravati,Amravati,Maharashtra,West,20.953486,77.784242,52
EMG,South,Davanagere,Davanagere,Karnataka,South,14.446749,75.920741,50
CLP,East,Ajmer,Ajmer,Rajasthan,North,26.448432,74.633247,50
ABA,East,Moradabad,Moradabad,Uttar Pradesh,North,28.83514,78.770613,49
BFU,East,Durgapur,Paschim Bardhaman,West Bengal,East,23.516849,87.305527,48
NTH,South,Jalandhar,Jalandhar,Punjab,North,31.306237,75.573623,42
BHE,East,Durgapur,Paschim Bardhaman,West Bengal,East,23.514713,87.301615,37
ISO,Central,Jalgaon,Jalgaon,Maharashtra,West,21.02312,75.559606,36
SGW,North,Dhule,Dhule,Maharashtra,West,20.909613,74.792687,33
BNA,Pearl City,Thoothukudi,Thoothukudi,Tamil Nadu,South,8.778281,78.138583,29
VKR,East,Anantapur,Anantapur,Andhra Pradesh,South,14.687083,77.592639,29
UTZ,North,Dhule,Dhule,Maharashtra,West,20.899745,74.783609,28
ACO,East,Durgapur,Paschim Bardhaman,West Bengal,East,23.5197,87.301224,27
KMT,East,Dhule,Dhule,Maharashtra,West,20.904868,74.762948,27
BTB,North,Agartala,West Tripura,Tripura,Northeast,23.82966,91.297534,27
SVG,Tonk Road,Jaipur,Jaipur,Rajasthan,North,26.89219,75.789522,26
WTN,North,Gorakhpur,Gorakhpur,Uttar Pradesh,North,26.765481,83.385143,26
JFH,North,Durgapur,Paschim Bardhaman,West Bengal,East,23.525191,87.321201,26
VLN,Central,Anand,Anand,Gujarat,West,22.571731,72.923138,26
BSX,Arera Colony,Bhopal,Bhopal,Madhya Pradesh,Central,23.265148,77.42504,25
MLE,Central,Loni,Ghaziabad,Uttar Pradesh,North,28.746644,77.289392,21
KZN,North,Durgapur,Paschim Bardhaman,West Bengal,East,23.518939,87.322089,20
ERK,West,Jamshedpur,East Singhbhum,Jharkhand,East,22.804845,86.186724,20
LNE,East,Mathura,Mathura,Uttar Pradesh,North,27.495736,77.657934,17
TDL,North,Mathura,Mathura,Uttar Pradesh,North,27.497655,77.691754,16
BOJ,East,Durgapur,Paschim Bardhaman,West Bengal,East,23.524241,87.298922,16
XSI,Central,Jabalpur,Jabalpur,Madhya Pradesh,Central,23.191175,79.988175,15
SLO,Central,Moradabad,Moradabad,Uttar Pradesh,North,28.853994,78.779704,14
KBI,South,Durgapur,Paschim Bardhaman,West Bengal,East,23.503546,87.306648,14
SIT,Central,Loni,Ghaziabad,Uttar Pradesh,North,28.752135,77.290052,14
XSC,Central,Gandhinagar,Gandhinagar,Gujarat,West,23.228051,72.636742,13
XSA,Palayamkottai,Tirunelveli,Tirunelveli,Tamil Nadu,South,8.695783,77.756818,12
PKV,South,Gaya,Gaya,Bihar,East,24.770407,84.997246,12
HEN,North,Puducherry,Puducherry,Puducherry,South,11.936697,79.819175,12
ZBD,North,Durgapur,Paschim Bardhaman,West Bengal,East,23.514806,87.32502,11
PSS,East,Anantapur,Anantapur,Andhra Pradesh,South,14.681205,77.588217,11
XNB,Danapur,Patna,Patna,Bihar,East,25.60143,85.121078,11
XSD,East,Bathinda,Bathinda,Punjab,North,30.210728,74.932726,11
SKZ,South,Durgapur,Paschim Bardhaman,West Bengal,East,23.501175,87.31524,11
PSB,North,Kohima,Kohima,Nagaland,Northeast,25.673087,94.12461,11
TCX,North,Gangtok,East Sikkim,Sikkim,Northeast,27.340165,88.619042,10
XPO,Gokulam,Mysuru,Mysuru,Karnataka,South,12.294037,76.654239,10
PSP,East,Dhanbad,Dhanbad,Jharkhand,East,23.785205,86.422417,10
NZA,Beltola,Guwahati,Kamrup Metro,Assam,Northeast,26.13553,91.722069,10
DPA,Central,Jodhpur,Jodhpur,Rajasthan,North,26.24954,73.025171,10
JRL,East,Durgapur,Paschim Bardhaman,West Bengal,East,23.524769,87.296159,9
XSH,Central,Jabalpur,Jabalpur,Madhya Pradesh,Central,23.19313,79.987488,9
XXX,Central,Bhilai,Durg,Chhattisgarh,Central,21.206021,81.352031,9
PPE,North,Ballari,Ballari,Karnataka,South,15.140313,76.937308,9
NEV,North,Kollam,Kollam,Kerala,South,8.892481,76.629129,9
XNC,East,Rourkela,Sundargarh,Odisha,East,22.259292,84.842777,9
PSD,Central,Tinsukia,Tinsukia,Assam,Northeast,27.498894,95.362291,9
XSB,Bondel,Mangalore,Dakshina Kannada,Karnataka,South,12.906883,74.843047,8
SUN,Singanallur,Coimbatore,Coimbatore,Tamil Nadu,South,11.004107,76.955963,8
OED,Central,Bhagalpur,Bhagalpur,Bihar,East,25.254686,86.978953,8
PSR,South,Kalyan,Thane,Maharashtra,West,19.23,73.146838,8
XCS,Juhu,Mumbai,Mumbai,Maharashtra,West,19.083194,72.862289,8
JSA,Sector 22,Chandigarh,Chandigarh,Chandigarh,North,30.724984,76.797681,8
SPN,South,Ludhiana,Ludhiana,Punjab,North,30.887357,75.86862,8
LEL,Central,Durgapur,Paschim Bardhaman,West Bengal,East,23.525644,87.30912,8
PSL,East,Moradabad,Moradabad,Uttar Pradesh,North,28.839062,78.765076,8
XSY,East,Asansol,Paschim Bardhaman,West Bengal,East,23.674093,86.940962,8
SCS,South,Bidar,Bidar,Karnataka,South,17.893899,77.52926,8
XCF,East,Firozabad,Firozabad,Uttar Pradesh,North,27.158724,78.386209,8
SPG,North,Nellore,Nellore,Andhra Pradesh,South,14.44232,80.001288,8
NDV,Vasundhara,Ghaziabad,Ghaziabad,Uttar Pradesh,North,28.659044,77.453988,8
BCM,North,Jalandhar,Jalandhar,Punjab,North,31.330229,75.58592,8
VGN,Central,Udaipur,Udaipur,Rajasthan,North,24.595943,73.710682,7
POP,Vartak Nagar,Thane,Thane,Maharashtra,West,19.207796,72.995001,7
PSN,North,Silchar,Cachar,Assam,Northeast,24.833584,92.79312,7
WFL,Thillai Nagar,Tiruchirappalli,Tiruchirappalli,Tamil Nadu,South,10.774263,78.704882,7
POM,North,Karnal,Karnal,Haryana,North,29.684001,77.006052,7
SAS,South,Karaikudi,Sivaganga,Tamil Nadu,South,10.054902,78.774027,7
CLK,Central,Bidar,Bidar,Karnataka,South,17.925336,77.531128,7
CLC,East,Junagadh,Junagadh,Gujarat,West,21.522498,70.445309,7
SOS,Sathuvachari,Vellore,Vellore,Tamil Nadu,South,12.925744,79.132508,7
OLD,Pearl City,Thoothukudi,Thoothukudi,Tamil Nadu,South,8.773468,78.136685,7
XMA,East,Kakinada,East Godavari,Andhra Pradesh,South,16.990044,82.237231,7
XDS,North,Mysore,Mysuru,Karnataka,South,12.297742,76.655483,7
XBC,Old Faridabad,Faridabad,Faridabad,Haryana,North,28.40188,77.335372,7
PCS,East,Maheshtala,South 24 Parganas,West Bengal,East,22.511792,88.238984,7
XMS,South,Dhule,Dhule,Maharashtra,West,20.886789,74.773677,7
XBL,South,Dharamshala,Kangra,Himachal Pradesh,North,32.201512,76.322679,7
SIU,Bondel,Mangalore,Dakshina Kannada,Karnataka,South,12.905312,74.841568,7
PSA,North,Thrissur,Thrissur,Kerala,South,10.527635,76.229533,7
POL,Six Mile,Guwahati,Kamrup Metro,Assam,Northeast,26.133423,91.736721,7
PBV,North,Moradabad,Moradabad,Uttar Pradesh,North,28.837748,78.789482,7
XSG,East,Nanded,Nanded,Maharashtra,West,19.136988,77.310557,7
SBX,South,Gaya,Gaya,Bihar,East,24.77329,84.998206,7
XDO,Central,Kalyan,Thane,Maharashtra,West,19.253619,73.134377,7
EMP,East,Jammu,Jammu,Jammu and Kashmir,North,32.725166,74.8449,7
SAK,East,Ajmer,Ajmer,Rajasthan,North,26.449108,74.629609,7
PPB,Gajuwaka,Visakhapatnam,Visakhapatnam,Andhra Pradesh,South,17.674956,83.219726,7
ROI,Central,Agartala,West Tripura,Tripura,Northeast,23.836678,91.285941,7
HYS,Vartak Nagar,Thane,Thane,Maharashtra,West,19.207541,72.992399,6
ABL,East,Bhilwara,Bhilwara,Rajasthan,North,25.347747,74.623866,6
BVW,Hasthampatti,Salem,Salem,Tamil Nadu,South,11.662692,78.164444,6
XCL,Korlagunta,Tirupati,Chittoor,Andhra Pradesh,South,13.610054,79.417362,6
SQZ,East,Agartala,West Tripura,Tripura,Northeast,23.836255,91.270725,6
XUM,Central,Jammu,Jammu,Jammu and Kashmir,North,32.738058,74.85504,6
POB,South,Anand,Anand,Gujarat,West,22.545609,72.927617,6
DTR,North,Shillong,East Khasi Hills,Meghalaya,Northeast,25.577648,91.906383,6
DDC,Central,Bathinda,Bathinda,Punjab,North,30.223753,74.94743,6
BRA,South,Jodhpur,Jodhpur,Rajasthan,North,26.224963,73.036437,6
PFS,North,Kohima,Kohima,Nagaland,Northeast,25.67354,94.121198,6
XCP,Central,Rajkot,Rajkot,Gujarat,West,22.31477,70.801582,6
DDO,South,Jalandhar,Jalandhar,Punjab,North,31.306242,75.577375,6
RMP,C-Scheme,Jaipur,Jaipur,Rajasthan,North,26.921709,75.786833,6
SAV,Arera Colony,Bhopal,Bhopal,Madhya Pradesh,Central,23.266949,77.425999,6
BBA,Sector 22,Chandigarh,Chandigarh,Chandigarh,North,30.722377,76.793784,6
SYT,East,Kamarhati,North 24 Parganas,West Bengal,East,22.670365,88.360606,6
DEV,South,Allahabad,Prayagraj,Uttar Pradesh,North,25.420454,81.857601,6
XIT,Frazer Road,Patna,Patna,Bihar,East,25.583667,85.13735,6
NSP,South,Bhilai,Durg,Chhattisgarh,Central,21.177445,81.349421,6
SOP,North,Varanasi,Varanasi,Uttar Pradesh,North,25.321321,82.986195,6
LHM,North,Bhilai,Durg,Chhattisgarh,Central,21.192786,81.365065,6
SIR,Tallakulam,Madurai,Madurai,Tamil Nadu,South,9.914759,78.120152,6
ATN,Bani Park,Jaipur,Jaipur,Rajasthan,North,26.901173,75.774703,6
INT,North,Rajkot,Rajkot,Gujarat,West,22.307403,70.81574,6
DTL,Central,Howrah,Howrah,West Bengal,East,22.607237,88.265301,6
CFT,Hinoo,Ranchi,Ranchi,Jharkhand,East,23.336967,85.323412,6
ISP,North,Brahmapur,Ganjam,Odisha,East,19.313304,84.808287,6
XIS,North,Nellore,Nellore,Andhra Pradesh,South,14.443551,80.00062,6
SPQ,Central,Cuttack,Cuttack,Odisha,East,20.473753,85.883626,6
SCE,East,Durgapur,Paschim Bardhaman,West Bengal,East,23.521583,87.302851,6
XSK,North,Gaya,Gaya,Bihar,East,24.791639,85.012986,6
RTM,North,Rajahmundry,East Godavari,Andhra Pradesh,South,17.0018,81.817407,6
PSU,Sathuvachari,Vellore,Vellore,Tamil Nadu,South,12.929243,79.130934,6
RBC,East,Aizawl,Aizawl,Mizoram,Northeast,23.726498,92.705538,6
PSO,North,Hubli,Dharwad,Karnataka,South,15.364483,75.13707,6
UNP,South,Ambala,Ambala,Haryana,North,30.359551,76.777845,6
SIS,East,Anantapur,Anantapur,Andhra Pradesh,South,14.683368,77.591037,6
DOD,North,Jabalpur,Jabalpur,Madhya Pradesh,Central,23.187211,80.00019,6
XCC,North,Warangal,Warangal Urban,Telangana,South,17.969871,79.608765,6
LDN,North,Rajahmundry,East Godavari,Andhra Pradesh,South,17.000072,81.81647,5
VLW,Sabarmati,Ahmedabad,Ahmedabad,Gujarat,West,23.009193,72.561643,5
SBO,East,Dhanbad,Dhanbad,Jharkhand,East,23.786067,86.425281,5
NEB,Central,Durgapur,Paschim Bardhaman,West Bengal,East,23.532587,87.313447,5
SOT,East,Durgapur,Paschim Bardhaman,West Bengal,East,23.521865,87.301191,5
MDR,West,Jodhpur,Jodhpur,Rajasthan,North,26.242526,73.01032,5
PGD,North,Jalandhar,Jalandhar,Punjab,North,31.324452,75.592323,5
XMP,North,Dhule,Dhule,Maharashtra,West,20.90381,74.787566,5
BCL,East,Mathura,Mathura,Uttar Pradesh,North,27.492772,77.664022,5
DVK,South,Ratnagiri,Ratnagiri,Maharashtra,West,16.977364,73.299641,5
CRT,North,Kohima,Kohima,Nagaland,Northeast,25.675604,94.121541,5
JST,Central,Kamarhati,North 24 Parganas,West Bengal,East,22.682105,88.368049,5
POK,Central,Moradabad,Moradabad,Uttar Pradesh,North,28.846455,78.77291,5
DWR,East,Jalandhar,Jalandhar,Punjab,North,31.327226,75.567076,5
RSP,East,Kohima,Kohima,Nagaland,Northeast,25.674941,94.098007,5
EMB,Central,Latur,Latur,Maharashtra,West,18.418841,76.561407,5
SMP,Central,Jammu,Jammu,Jammu and Kashmir,North,32.736109,74.858223,5
TPR,East,Panipat,Panipat,Haryana,North,29.392883,76.951681,5
PSF,South,Akola,Akola,Maharashtra,West,20.681555,77.006514,5
XAL,East,Sambalpur,Sambalpur,Odisha,East,21.46706,83.965408,5
SBU,North,Bhuj,Kutch,Gujarat,West,23.254894,69.682513,5
DOG,North,Durgapur,Paschim Bardhaman,West Bengal,East,23.521779,87.325544,5
MEE,North,Bikaner,Bikaner,Rajasthan,North,28.026721,73.331434,5
KES,East,Tinsukia,Tinsukia,Assam,Northeast,27.489526,95.350232,5
BVC,South,Karnal,Karnal,Haryana,North,29.668671,76.9916,5
CLN,Sector 86,Faridabad,Faridabad,Haryana,North,28.401756,77.303554,5
SAO,Kolar,Bhopal,Bhopal,Madhya Pradesh,Central,23.270506,77.39524,5
SAU,South,Varanasi,Varanasi,Uttar Pradesh,North,25.304513,82.984464,5
ICT,Arera Colony,Bhopal,Bhopal,Madhya Pradesh,Central,23.269085,77.425313,5
CIN,Hasthampatti,Salem,Salem,Tamil Nadu,South,11.66426,78.160335,5
SNM,Central,Udaipur,Udaipur,Rajasthan,North,24.596134,73.714035,5
SND,Central,Anantapur,Anantapur,Andhra Pradesh,South,14.69118,77.600224,5
ROC,East,Bhilwara,Bhilwara,Rajasthan,North,25.346442,74.623695,5
XNT,South,Maheshtala,South 24 Parganas,West Bengal,East,22.491241,88.248227,5
XTB,South,Durgapur,Paschim Bardhaman,West Bengal,East,23.501086,87.311574,5
NAB,East,Bhilai,Durg,Chhattisgarh,Central,21.195695,81.338796,5
XTL,Airoli,Navi Mumbai,Thane,Maharashtra,West,19.040017,73.014091,5
XAT,Hampankatta,Mangalore,Dakshina Kannada,Karnataka,South,12.9238,74.855769,5
XED,North,Kadapa,YSR Kadapa,Andhra Pradesh,South,14.467242,78.840013,5
BMW,Central,Aizawl,Aizawl,Mizoram,Northeast,23.7395,92.716034,5
JDS,North,Dhanbad,Dhanbad,Jharkhand,East,23.799596,86.444639,5
SNB,Fort Kochi,Kochi,Ernakulam,Kerala,South,9.936625,76.280371,5
TDW,North,Loni,Ghaziabad,Uttar Pradesh,North,28.739665,77.303308,5
SMK,South,Durgapur,Paschim Bardhaman,West Bengal,East,23.501636,87.313465,5
ASA,Kolar,Bhopal,Bhopal,Madhya Pradesh,Central,23.269708,77.395017,5
UPS,MP Nagar,Bhopal,Bhopal,Madhya Pradesh,Central,23.27212,77.410891,5
XSW,South,Port Blair,Cuddalore,Tamil Nadu,South,11.729212,79.772211,5
LSP,South,Shillong,East Khasi Hills,Meghalaya,Northeast,25.561318,91.89256,5
ETS,RS Puram,Coimbatore,Coimbatore,Tamil Nadu,South,11.027785,76.955993,5
GEM,North,Nashik,Nashik,Maharashtra,West,20.002259,73.804948,5
NPD,East,Ambattur,Tiruvallur,Tamil Nadu,South,13.096615,80.149466,5
XTC,Central,Karaikudi,Sivaganga,Tamil Nadu,South,10.083664,78.776527,5
WLM,Singanallur,Coimbatore,Coimbatore,Tamil Nadu,South,11.007495,76.954934,5
NBW,North,Ambala,Ambala,Haryana,North,30.379377,76.791001,5
SIM,Central,Dehradun,Dehradun,Uttarakhand,North,30.326702,78.030935,5
PMS,Adajan,Surat,Surat,Gujarat,West,21.182001,72.831517,5
PSK,Vinayaka Nagar,Tirupati,Chittoor,Andhra Pradesh,South,13.6281,79.433529,5
OBS,North,Korba,Korba,Chhattisgarh,Central,22.361184,82.763259,5
APS,Central,Bikaner,Bikaner,Rajasthan,North,28.033339,73.310092,5
ACS,Sector 86,Faridabad,Faridabad,Haryana,North,28.402191,77.305975,5
TDC,East,Korba,Korba,Chhattisgarh,Central,22.360626,82.740464,5
XTN,North,Jalandhar,Jalandhar,Punjab,North,31.324497,75.589265,5
SCB,North,Kalyan,Thane,Maharashtra,West,19.246371,73.149662,5
ATM,North,Jabalpur,Jabalpur,Madhya Pradesh,Central,23.186665,79.999804,5
XPS,Airoli,Navi Mumbai,Thane,Maharashtra,West,19.040736,73.012865,5
XDI,South,Rajahmundry,East Godavari,Andhra Pradesh,South,16.983721,81.803365,5
XAF,Bypass Road,Madurai,Madurai,Tamil Nadu,South,9.919647,78.106592,5
GVI,North,Durgapur,Paschim Bardhaman,West Bengal,East,23.521586,87.325832,5
AMF,Central,Anantapur,Anantapur,Andhra Pradesh,South,14.693775,77.600038,5
ABQ,Pratap Nagar,Nagpur,Nagpur,Maharashtra,West,21.15573,79.071778,5
SPP,Patliputra,Patna,Patna,Bihar,East,25.600265,85.149531,5
AME,South,Malegaon,Nashik,Maharashtra,West,20.540245,74.527253,5
XAB,East,Dehradun,Dehradun,Uttarakhand,North,30.306634,78.025731,5
SGI,Paltan Bazar,Guwahati,Kamrup Metro,Assam,Northeast,26.150535,91.747278,5
SIC,South,Ulhasnagar,Thane,Maharashtra,West,19.201986,73.165173,5
SPC,North,Pathankot,Pathankot,Punjab,North,32.275193,75.664716,5
PLC,North,Bhilwara,Bhilwara,Rajasthan,North,25.345656,74.652298,5
XBS,South,Aurangabad,Aurangabad,Maharashtra,West,19.860324,75.352626,5
DHA,Vinayaka Nagar,Tirupati,Chittoor,Andhra Pradesh,South,13.627302,79.434966,5
SIK,South,Solapur,Solapur,Maharashtra,West,17.641084,75.90483,5
DOJ,Central,Bokaro Steel City,Bokaro,Jharkhand,East,23.678157,86.149887,5
THH,North,Durgapur,Paschim Bardhaman,West Bengal,East,23.52139,87.326701,5
EOH,North,Port Blair,Cuddalore,Tamil Nadu,South,11.748487,79.786833,5
HMS,North,Nadiad,Kheda,Gujarat,West,22.694649,72.878344,5
SPL,Central,Amravati,Amravati,Maharashtra,West,20.947979,77.778244,5
BDR,South,Tiruvottiyur,Tiruvallur,Tamil Nadu,South,13.145283,80.302241,5
DJD,Central,Patiala,Patiala,Punjab,North,30.348778,76.38774,5
ITH,Central,Dhule,Dhule,Maharashtra,West,20.916732,74.774357,5
ASR,South,Ajmer,Ajmer,Rajasthan,North,26.432656,74.640035,5
RBI,North,Guntur,Guntur,Andhra Pradesh,South,16.304903,80.449115,5
AFG,Central,Durgapur,Paschim Bardhaman,West Bengal,East,23.530151,87.313089,5
NBJ,GS Road,Guwahati,Kamrup Metro,Assam,Northeast,26.136995,91.752299,5
NBO,North,Margao,South Goa,Goa,West,15.283432,74.000824,5
LMS,South,Durgapur,Paschim Bardhaman,West Bengal,East,23.504178,87.310375,5
LVU,Central,Loni,Ghaziabad,Uttar Pradesh,North,28.757149,77.289169,5
UMT,South,Rohtak,Rohtak,Haryana,North,28.879481,76.608526,5
ITB,Central,Kurnool,Kurnool,Andhra Pradesh,South,15.839953,78.036536,5
ILS,Central,Itanagar,Papum Pare,Arunachal Pradesh,Northeast,27.111205,93.606552,4
LMY,Central,Warangal,Warangal Urban,Telangana,South,17.975341,79.590214,4
SMZ,Kongu Nagar,Tiruppur,Tiruppur,Tamil Nadu,South,11.090899,77.339695,4
AAA,East,Jamnagar,Jamnagar,Gujarat,West,22.469619,70.046429,4
XLM,Central,Shahjahanpur,Shahjahanpur,Uttar Pradesh,North,27.892164,79.910258,4
CDS,South,Warangal,Warangal Urban,Telangana,South,17.949213,79.59326,4
AZS,North,Varanasi,Varanasi,Uttar Pradesh,North,25.321699,82.986057,4
ASE,South,Kota,Kota,Rajasthan,North,25.19971,75.873561,4
PFM,East,Rohtak,Rohtak,Haryana,North,28.895538,76.59684,4
NSK,Central,Belgaum,Belgaum,Karnataka,South,15.862373,74.497274,4
VHD,Central,Shillong,East Khasi Hills,Meghalaya,Northeast,25.589671,91.893831,4
XPC,South,Bhuj,Kutch,Gujarat,West,23.235838,69.670875,4
XMM,Central,Dhule,Dhule,Maharashtra,West,20.914794,74.776278,4
DIL,North,Malegaon,Nashik,Maharashtra,West,20.555964,74.545079,4
BTC,South,Jamnagar,Jamnagar,Gujarat,West,22.452581,70.059681,4
NBK,East,Karnal,Karnal,Haryana,North,29.687312,76.978327,4
LMH,East,Sambalpur,Sambalpur,Odisha,East,21.46681,83.964109,4
ALN,Bariatu,Ranchi,Ranchi,Jharkhand,East,23.337323,85.298515,4
MSC,Central,Thrissur,Thrissur,Kerala,South,10.537698,76.213588,4
ASN,North,Ambattur,Tiruvallur,Tamil Nadu,South,13.099946,80.176499,4
AMN,South,Kolhapur,Kolhapur,Maharashtra,West,16.687215,74.241895,4
DAS,Central,Ambala,Ambala,Haryana,North,30.390093,76.778212,4
VLM,Central,Ballari,Ballari,Karnataka,South,15.150632,76.922081,4
SWE,Borivali,Mumbai,Mumbai,Maharashtra,West,19.058709,72.878283,4
KTM,South,Rohtak,Rohtak,Haryana,North,28.879096,76.606366,4
PAL,Lalpur,Ranchi,Ranchi,Jharkhand,East,23.355468,85.308501,4
NNC,North,Dhule,Dhule,Maharashtra,West,20.90229,74.790942,4
SKE,North,Bareilly,Bareilly,Uttar Pradesh,North,28.365012,79.445391,4
POH,East,Kolhapur,Kolhapur,Maharashtra,West,16.706723,74.234343,4
MOD,South,Muzaffarpur,Muzaffarpur,Bihar,East,26.102342,85.363382,4
UDB,North,Jhansi,Jhansi,Uttar Pradesh,North,25.449758,78.581219,4
GBP,South,Malegaon,Nashik,Maharashtra,West,20.53888,74.527742,4
DLS,East,Kolhapur,Kolhapur,Maharashtra,West,16.705009,74.233842,4
THS,East,Loni,Ghaziabad,Uttar Pradesh,North,28.740192,77.279329,4
RPS,East,Dhule,Dhule,Maharashtra,West,20.904184,74.765218,4
TZM,East,Dhule,Dhule,Maharashtra,West,20.905459,74.765603,4
LTN,South,Anand,Anand,Gujarat,West,22.547567,72.927429,4
BSF,North,Puducherry,Puducherry,Puducherry,South,11.942561,79.821345,4
VGI,North,Loni,Ghaziabad,Uttar Pradesh,North,28.741508,77.301652,4
MNP,Central,Ambattur,Tiruvallur,Tamil Nadu,South,13.110932,80.159668,4
XHB,North,Loni,Ghaziabad,Uttar Pradesh,North,28.738403,77.305178,4
SWG,South,Kohima,Kohima,Nagaland,Northeast,25.658237,94.107794,4
LDE,North,Durgapur,Paschim Bardhaman,West Bengal,East,23.519165,87.326966,4
ADC,Tirunagar,Madurai,Madurai,Tamil Nadu,South,9.932357,78.103451,4
MZN,East,Anantapur,Anantapur,Andhra Pradesh,South,14.68371,77.588019,4
APN,Kharghar,Navi Mumbai,Thane,Maharashtra,West,19.020355,73.031463,4
SIP,East,Ambala,Ambala,Haryana,North,30.379426,76.76741,4
SNW,East,Jamnagar,Jamnagar,Gujarat,West,22.472441,70.048564,4
SPX,Central,Kamarhati,North 24 Parganas,West Bengal,East,22.680797,88.368201,4
NTT,East,Ratnagiri,Ratnagiri,Maharashtra,West,16.99302,73.289567,4
MZA,East,Junagadh,Junagadh,Gujarat,West,21.523218,70.445482,4
RAC,North,Firozabad,Firozabad,Uttar Pradesh,North,27.157204,78.408932,4
RBB,South,Gulbarga,Kalaburagi,Karnataka,South,17.310115,76.836254,4
CLI,East,Durgapur,Paschim Bardhaman,West Bengal,East,23.519537,87.302133,4
CKB,Lalpur,Ranchi,Ranchi,Jharkhand,East,23.354959,85.310736,4
XCM,North,Firozabad,Firozabad,Uttar Pradesh,North,27.160032,78.408159,4
KLI,Kalwa,Thane,Thane,Maharashtra,West,19.208602,72.976255,4
NFS,Central,Roorkee,Haridwar,Uttarakhand,North,29.866215,77.887496,4
MDI,South,Dhule,Dhule,Maharashtra,West,20.885871,74.774659,4
HKS,South,Panaji,North Goa,Goa,West,15.47257,73.826292,4
XKS,North,Firozabad,Firozabad,Uttar Pradesh,North,27.159975,78.411135,4
AGR,South,Avadi,Tiruvallur,Tamil Nadu,South,13.095168,80.11082,4
SLK,Race Course,Coimbatore,Coimbatore,Tamil Nadu,South,11.010871,76.945143,4
MNK,Central,Kamarhati,North 24 Parganas,West Bengal,East,22.68157,88.369245,4
PSC,South,Kamarhati,North 24 Parganas,West Bengal,East,22.650785,88.369088,4
PPD,Central,Allahabad,Prayagraj,Uttar Pradesh,North,25.447942,81.847129,4
NWB,Manpada,Thane,Thane,Maharashtra,West,19.210337,72.965265,4
JAR,North,Jabalpur,Jabalpur,Madhya Pradesh,Central,23.187703,79.998458,4
SPO,Central,Kurnool,Kurnool,Andhra Pradesh,South,15.838119,78.036983,4
LRZ,East,Loni,Ghaziabad,Uttar Pradesh,North,28.738458,77.277787,4
MGP,North,Agartala,West Tripura,Tripura,Northeast,23.83203,91.300715,4
MFE,Bariatu,Ranchi,Ranchi,Jharkhand,East,23.334931,85.297542,4
ABJ,North,Dhule,Dhule,Maharashtra,West,20.903507,74.789768,4
XHS,East,Bhavnagar,Bhavnagar,Gujarat,West,21.763352,72.14216,4
LCB,Central,Jammu,Jammu,Jammu and Kashmir,North,32.736124,74.858398,4
PMR,North,Ludhiana,Ludhiana,Punjab,North,30.905563,75.870879,4
PPN,East,Davanagere,Davanagere,Karnataka,South,14.465665,75.909675,4
SPI,Central,Sangli,Sangli,Maharashtra,West,16.864228,74.581585,4
XXS,South,Meerut,Meerut,Uttar Pradesh,North,28.970577,77.717484,4
EAE,East,Durgapur,Paschim Bardhaman,West Bengal,East,23.519719,87.301274,4
BMD,East,Firozabad,Firozabad,Uttar Pradesh,North,27.159228,78.383397,4
XSX,Central,Margao,South Goa,Goa,West,15.295843,73.988117,4
XCH,South,Saharanpur,Saharanpur,Uttar Pradesh,North,29.950526,77.557002,4
ABH,Chandrasekharpur,Bhubaneswar,Khordha,Odisha,East,20.287289,85.823628,4
NHS,Korlagunta,Tirupati,Chittoor,Andhra Pradesh,South,13.612788,79.419227,4
DDM,South,Raipur,Raipur,Chhattisgarh,Central,21.238335,81.641787,4
AIR,Central,Dhule,Dhule,Maharashtra,West,20.913413,74.774002,4
XGT,Saibaba Colony,Coimbatore,Coimbatore,Tamil Nadu,South,11.023791,76.966357,4
STW,Nerul,Navi Mumbai,Thane,Maharashtra,West,19.023814,73.044967,4
AKB,Central,Durgapur,Paschim Bardhaman,West Bengal,East,23.531434,87.312153,4
DJC,East,Jalandhar,Jalandhar,Punjab,North,31.327067,75.566299,4
SSO,North,Kamarhati,North 24 Parganas,West Bengal,East,22.670366,88.382402,4
XDE,North,Siliguri,Darjeeling,West Bengal,East,26.725719,88.410073,4
XCA,East,Jalandhar,Jalandhar,Punjab,North,31.326156,75.567363,4
MPO,Jagatpura,Jaipur,Jaipur,Rajasthan,North,26.912965,75.776111,4
PBN,East,Karnal,Karnal,Haryana,North,29.685661,76.980774,4
DSI,Central,Panaji,North Goa,Goa,West,15.499995,73.828149,4
OFM,Central,Kamarhati,North 24 Parganas,West Bengal,East,22.681053,88.371259,4
XAK,East,Dibrugarh,Dibrugarh,Assam,Northeast,27.471873,94.902749,4
NPO,Central,Thrissur,Thrissur,Kerala,South,10.536544,76.212855,4
GTR,South,Ludhiana,Ludhiana,Punjab,North,30.887429,75.869498,4
DTC,South,Yamunanagar,Yamunanagar,Haryana,North,30.112589,77.267533,4
MCD,Kongu Nagar,Tiruppur,Tiruppur,Tamil Nadu,South,11.090337,77.339642,4
ISF,Central,Anantapur,Anantapur,Andhra Pradesh,South,14.693224,77.601673,4
NKP,South,Ballari,Ballari,Karnataka,South,15.122754,76.921079,4
NBH,South,Dhule,Dhule,Maharashtra,West,20.886555,74.774943,4
XWS,Saraswathipuram,Mysuru,Mysuru,Karnataka,South,12.297225,76.628743,4
NCT,South,Shimla,Shimla,Himachal Pradesh,North,31.087708,77.174466,4
MLX,Central,Loni,Ghaziabad,Uttar Pradesh,North,28.751156,77.287956,4
MFS,South,Amritsar,Amritsar,Punjab,North,31.618854,74.884153,4
DVO,North,Durgapur,Paschim Bardhaman,West Bengal,East,23.522204,87.324922,4
PHH,Central,Asansol,Paschim Bardhaman,West Bengal,East,23.686626,86.952829,4
XNM,Central,Bokaro Steel City,Bokaro,Jharkhand,East,23.679724,86.149842,4
HBZ,Central,Bokaro Steel City,Bokaro,Jharkhand,East,23.681436,86.149365,4
TAM,North,Mathura,Mathura,Uttar Pradesh,North,27.493166,77.688609,4
RBP,East,Tiruvottiyur,Tiruvallur,Tamil Nadu,South,13.164587,80.290101,4
SBS,North,Jodhpur,Jodhpur,Rajasthan,North,26.245261,73.039578,4
RTS,Argora,Ranchi,Ranchi,Jharkhand,East,23.352617,85.292188,4
ACH,North,Malegaon,Nashik,Maharashtra,West,20.559629,74.542409,4
AFR,Junction,Tirunelveli,Tirunelveli,Tamil Nadu,South,8.713432,77.770552,4
ERT,Gajuwaka,Visakhapatnam,Visakhapatnam,Andhra Pradesh,South,17.677212,83.21742,4
XCO,East,Rourkela,Sundargarh,Odisha,East,22.258508,84.844485,4
FAM,North,Anantapur,Anantapur,Andhra Pradesh,South,14.681405,77.615849,4
XTT,East,Guntur,Guntur,Andhra Pradesh,South,16.307099,80.426816,4
XMH,South,Rohtak,Rohtak,Haryana,North,28.877595,76.605953,4
XBT,Korlagunta,Tirupati,Chittoor,Andhra Pradesh,South,13.60934,79.417766,4
SSR,North,Dibrugarh,Dibrugarh,Assam,Northeast,27.473212,94.927325,4
LUS,Central,Junagadh,Junagadh,Gujarat,West,21.53259,70.457966,4
SHW,East,Dibrugarh,Dibrugarh,Assam,Northeast,27.474161,94.901683,4
AML,Central,Agra,Agra,Uttar Pradesh,North,27.187125,78.007233,4
TBK,South,Jamshedpur,East Singhbhum,Jharkhand,East,22.789381,86.213607,4
SKC,North,Jabalpur,Jabalpur,Madhya Pradesh,Central,23.18758,79.999295,4
XBE,East,Kota,Kota,Rajasthan,North,25.203636,75.858888,4
SIN,North,Kalyan,Thane,Maharashtra,West,19.247939,73.147459,4
DJS,South,Jalandhar,Jalandhar,Punjab,North,31.308103,75.575514,4
XMB,North,Dehradun,Dehradun,Uttarakhand,North,30.320371,78.046833,4
PMM,South,Thrissur,Thrissur,Kerala,South,10.5103,76.214461,4
DIC,North,Jalandhar,Jalandhar,Punjab,North,31.327649,75.590304,4
TDS,South,Jammu,Jammu,Jammu and Kashmir,North,32.708573,74.855514,4
XHH,North,Warangal,Warangal Urban,Telangana,South,17.967952,79.610032,4
TLN,North,Dibrugarh,Dibrugarh,Assam,Northeast,27.473692,94.926606,4
SCC,Sathuvachari,Vellore,Vellore,Tamil Nadu,South,12.926784,79.132139,4
SCN,South,Durgapur,Paschim Bardhaman,West Bengal,East,23.504367,87.311753,4
XIL,Central,Davanagere,Davanagere,Karnataka,South,14.476867,75.921282,4
FPT,North,Gwalior,Gwalior,Madhya Pradesh,Central,26.224313,78.195705,4
SCI,North,Patiala,Patiala,Punjab,North,30.340847,76.400038,4
HGS,Central,Durgapur,Paschim Bardhaman,West Bengal,East,23.531286,87.313301,4
NSS,Sector 76,Noida,Gautam Buddha Nagar,Uttar Pradesh,North,28.524163,77.389082,4
BSS,North,Brahmapur,Ganjam,Odisha,East,19.313452,84.80685,4
SGA,Central,Jalandhar,Jalandhar,Punjab,North,31.33613,75.575836,4
SGS,Central,Shillong,East Khasi Hills,Meghalaya,Northeast,25.588665,91.892753,4
DEP,South,Roorkee,Haridwar,Uttarakhand,North,29.836414,77.886356,4
PCN,North,Bhavnagar,Bhavnagar,Gujarat,West,21.764108,72.165679,4
EMH,East,Ajmer,Ajmer,Rajasthan,North,26.451824,74.62958,4
DES,South,Shahjahanpur,Shahjahanpur,Uttar Pradesh,North,27.86259,79.90752,4
CLS,South,Anantapur,Anantapur,Andhra Pradesh,South,14.664019,77.599078,4
CAT,Central,Margao,South Goa,Goa,West,15.295711,73.986682,4
DOL,East,Aizawl,Aizawl,Mizoram,Northeast,23.725288,92.70634,4
NPS,North,Jalandhar,Jalandhar,Punjab,North,31.325119,75.589158,4
SNI,Central,Aizawl,Aizawl,Mizoram,Northeast,23.739738,92.715695,4
XAM,Central,Dhule,Dhule,Maharashtra,West,20.913373,74.77407,4
TBM,South,Durgapur,Paschim Bardhaman,West Bengal,East,23.503966,87.311913,4
AMS,Millerpuram,Thoothukudi,Thoothukudi,Tamil Nadu,South,8.762794,78.125713,4
XTS,Hampankatta,Mangalore,Dakshina Kannada,Karnataka,South,12.922976,74.854329,4
KPS,Central,Roorkee,Haridwar,Uttarakhand,North,29.863352,77.88758,4
XAD,East,Kota,Kota,Rajasthan,North,25.204756,75.8572,4
XNE,Central,Gulbarga,Kalaburagi,Karnataka,South,17.340771,76.835685,4
POS,Central,Gandhinagar,Gandhinagar,Gujarat,West,23.226861,72.635332,4
TSD,AB Road,Indore,Indore,Madhya Pradesh,Central,22.729138,75.841284,4
MNH,North,Ahmednagar,Ahmednagar,Maharashtra,West,19.094453,74.763506,4
VTK,Central,Loni,Ghaziabad,Uttar Pradesh,North,28.749846,77.288222,4
ORS,Central,Ajmer,Ajmer,Rajasthan,North,26.460875,74.638532,4
SSS,Central,Aizawl,Aizawl,Mizoram,Northeast,23.738044,92.718354,4
NEC,Central,Ulhasnagar,Thane,Maharashtra,West,19.231726,73.165001,4
BSP,South,Akola,Akola,Maharashtra,West,20.682558,77.007924,4
DVP,North,Durgapur,Paschim Bardhaman,West Bengal,East,23.519424,87.32735,4
MQM,South,Aizawl,Aizawl,Mizoram,Northeast,23.710675,92.717243,4
FSC,West,Kanpur,Kanpur Nagar,Uttar Pradesh,North,26.453522,80.319815,4
NBX,West,Kota,Kota,Rajasthan,North,25.217547,75.84924,4
PST,South,Malegaon,Nashik,Maharashtra,West,20.53967,74.527782,4
SBN,East,Kozhikode,Kozhikode,Kerala,South,11.260102,75.769403,4
SMG,North,Bhagalpur,Bhagalpur,Bihar,East,25.240711,86.997783,4
DYE,NIT,Faridabad,Faridabad,Haryana,North,28.413772,77.31901,4
XDP,Sadar,Nagpur,Nagpur,Maharashtra,West,21.156294,79.086713,4
DPS,Sayajigunj,Vadodara,Vadodara,Gujarat,West,22.316261,73.191987,4
ROM,Indirapuram,Ghaziabad,Ghaziabad,Uttar Pradesh,North,28.6808,77.452829,4
DJB,East,Jhansi,Jhansi,Uttar Pradesh,North,25.449658,78.557415,4
LUB,Suramangalam,Salem,Salem,Tamil Nadu,South,11.645116,78.146536,4
DOC,South,Varanasi,Varanasi,Uttar Pradesh,North,25.303465,82.985658,4
KSP,East,Hisar,Hisar,Haryana,North,29.148573,75.710786,4
BDS,Central,Agra,Agra,Uttar Pradesh,North,27.188106,78.008647,4
DED,Vijayanagar,Mysuru,Mysuru,Karnataka,South,12.276745,76.641159,4
ZSC,Central,Jalandhar,Jalandhar,Punjab,North,31.336159,75.574787,4
XLP,North,Kozhikode,Kozhikode,Kerala,South,11.258269,75.794971,4
STT,Sector 17,Chandigarh,Chandigarh,Chandigarh,North,30.744375,76.780402,4
PPF,South,Firozabad,Firozabad,Uttar Pradesh,North,27.139451,78.395591,4
MDO,East,Belgaum,Belgaum,Karnataka,South,15.84941,74.486682,4
BPO,East,Durgapur,Paschim Bardhaman,West Bengal,East,23.518883,87.301247,4
RMS,South,Roorkee,Haridwar,Uttarakhand,North,29.835172,77.888185,4
EBS,Beach Road,Thoothukudi,Thoothukudi,Tamil Nadu,South,8.762268,78.147704,4
XMT,Central,Aligarh,Aligarh,Uttar Pradesh,North,27.908912,78.086945,4
AFE,North,Anantapur,Anantapur,Andhra Pradesh,South,14.681358,77.614781,4
NVR,East,Bhiwandi,Thane,Maharashtra,West,19.298306,73.053321,4
KYA,KK Nagar,Madurai,Madurai,Tamil Nadu,South,9.932621,78.132966,3
NSI,North,Akbarpur,Ambedkar Nagar,Uttar Pradesh,North,26.429648,82.554066,3
ASH,West,Jodhpur,Jodhpur,Rajasthan,North,26.242663,73.009712,3
EBK,North,Anand,Anand,Gujarat,West,22.562825,72.944651,3
XFN,Athwagate,Surat,Surat,Gujarat,West,21.160917,72.829112,3
HUM,Sohna Road,Gurgaon,Gurugram,Haryana,North,28.470075,77.01088,3
DOO,North,Bhuj,Kutch,Gujarat,West,23.251751,69.685447,3
KGQ,South,Shahjahanpur,Shahjahanpur,Uttar Pradesh,North,27.86436,79.905514,3
WTO,Central,Jhansi,Jhansi,Uttar Pradesh,North,25.458085,78.566558,3
NEE,North,Nadiad,Kheda,Gujarat,West,22.6936,72.87828,3
GOO,Central,Ajmer,Ajmer,Rajasthan,North,26.461998,74.63829,3
PDB,North,Warangal,Warangal Urban,Telangana,South,17.969168,79.60983,3
BNF,North,Dibrugarh,Dibrugarh,Assam,Northeast,27.471662,94.924519,3
MVA,East,Kohima,Kohima,Nagaland,Northeast,25.675669,94.096987,3
XAS,North,Tiruvottiyur,Tiruvallur,Tamil Nadu,South,13.16352,80.31536,3
FLA,East,Puducherry,Puducherry,Puducherry,South,11.941571,79.796308,3
WNP,South,Bareilly,Bareilly,Uttar Pradesh,North,28.350436,79.431825,3
MNM,East,Kanpur,Kanpur Nagar,Uttar Pradesh,North,26.44222,80.327454,3
TGM,Central,Dhule,Dhule,Maharashtra,West,20.916891,74.77403,3
BRS,North,Jalandhar,Jalandhar,Punjab,North,31.327364,75.592309,3
MQD,Dwaraka Nagar,Visakhapatnam,Visakhapatnam,Andhra Pradesh,South,17.692306,83.230611,3
NBC,Central,Ahmednagar,Ahmednagar,Maharashtra,West,19.106958,74.74763,3
XAE,Central,Varanasi,Varanasi,Uttar Pradesh,North,25.329241,82.973245,3
FRA,Central,Kurnool,Kurnool,Andhra Pradesh,South,15.837143,78.036177,3
OOG,South,Durgapur,Paschim Bardhaman,West Bengal,East,23.502272,87.311027,3
VTY,North,Loni,Ghaziabad,Uttar Pradesh,North,28.738929,77.303685,3
HIL,South,Thrissur,Thrissur,Kerala,South,10.508398,76.212467,3
BDC,Anna Nagar,Madurai,Madurai,Tamil Nadu,South,9.934744,78.119999,3
XCK,Central,Dharamshala,Kangra,Himachal Pradesh,North,32.228534,76.322263,3
APK,Central,Kolhapur,Kolhapur,Maharashtra,West,16.716184,74.2426,3
FTH,South,Howrah,Howrah,West Bengal,East,22.580749,88.273439,3
SKT,West,Varanasi,Varanasi,Uttar Pradesh,North,25.320952,82.959009,3
XNA,Malad,Mumbai,Mumbai,Maharashtra,West,19.083775,72.870774,3
XLK,South,Davanagere,Davanagere,Karnataka,South,14.447486,75.922509,3
MSG,Central,Agartala,West Tripura,Tripura,Northeast,23.841095,91.285716,3
TXE,Central,Satara,Satara,Maharashtra,West,17.69151,74.018545,3
APL,East,Durgapur,Paschim Bardhaman,West Bengal,East,23.521026,87.300356,3
EMY,Central,Durgapur,Paschim Bardhaman,West Bengal,East,23.53183,87.312625,3
PTS,East,Gangtok,East Sikkim,Sikkim,Northeast,27.340255,88.594739,3
NTW,Malad,Mumbai,Mumbai,Maharashtra,West,19.085567,72.87159,3
MPL,Central,Durgapur,Paschim Bardhaman,West Bengal,East,23.532737,87.311533,3
SDT,East,Agartala,West Tripura,Tripura,Northeast,23.832256,91.2778,3
PDT,Saraswathipuram,Mysuru,Mysuru,Karnataka,South,12.29432,76.627855,3
NDH,North,Malegaon,Nashik,Maharashtra,West,20.558547,74.54159,3
MMR,South,Nadiad,Kheda,Gujarat,West,22.674779,72.864149,3
ESK,South,Bhavnagar,Bhavnagar,Gujarat,West,21.747134,72.151978,3
SMF,Lalpur,Ranchi,Ranchi,Jharkhand,East,23.354745,85.310117,3
BDV,Central,Gandhinagar,Gandhinagar,Gujarat,West,23.225701,72.638722,3
GSL,South,Rohtak,Rohtak,Haryana,North,28.882369,76.607779,3
PRX,East,Kota,Kota,Rajasthan,North,25.203842,75.859756,3
XCG,East,Latur,Latur,Maharashtra,West,18.407002,76.55136,3
RMA,North,Bhilwara,Bhilwara,Rajasthan,North,25.346522,74.64946,3
XYS,South,Latur,Latur,Maharashtra,West,18.389634,76.560074,3
RDB,North,Kozhikode,Kozhikode,Kerala,South,11.25995,75.796118,3
SNT,Central,Kohima,Kohima,Nagaland,Northeast,25.687276,94.109243,3
PGW,Central,Kalyan,Thane,Maharashtra,West,19.25403,73.137843,3
KMC,South,Srinagar,Srinagar,Jammu and Kashmir,North,34.068956,74.806352,3
XGN,Central,Durgapur,Paschim Bardhaman,West Bengal,East,23.532781,87.312222,3
SSL,East,Loni,Ghaziabad,Uttar Pradesh,North,28.741382,77.276312,3
DWM,North,Agartala,West Tripura,Tripura,Northeast,23.833154,91.299545,3
HMO,Central,Kohima,Kohima,Nagaland,Northeast,25.684333,94.110143,3
PPC,South,Korba,Korba,Chhattisgarh,Central,22.340723,82.748109,3
GMF,Tallakulam,Madurai,Madurai,Tamil Nadu,South,9.916086,78.119959,3
MIW,North,Kohima,Kohima,Nagaland,Northeast,25.676587,94.121694,3
NCS,West,Gandhinagar,Gandhinagar,Gujarat,West,23.219232,72.623435,3
JRV,East,Srinagar,Srinagar,Jammu and Kashmir,North,34.074688,74.79005,3
SKR,North,Kozhikode,Kozhikode,Kerala,South,11.260705,75.794483,3
TZS,North,Agartala,West Tripura,Tripura,Northeast,23.833222,91.302604,3
ECP,North,Dharamshala,Kangra,Himachal Pradesh,North,32.217769,76.339264,3
MDL,Edappally,Kochi,Ernakulam,Kerala,South,9.918891,76.265731,3
PAN,South,Bhiwandi,Thane,Maharashtra,West,19.281236,73.06232,3
SYS,North,Bhilai,Durg,Chhattisgarh,Central,21.192848,81.364235,3
ICE,Beach Road,Thoothukudi,Thoothukudi,Tamil Nadu,South,8.762472,78.151028,3
XRS,North,Port Blair,Cuddalore,Tamil Nadu,South,11.749282,79.785975,3
JWS,Gajuwaka,Visakhapatnam,Visakhapatnam,Andhra Pradesh,South,17.674436,83.219192,3
SNE,South,Ahmednagar,Ahmednagar,Maharashtra,West,19.076941,74.746025,3
HYT,Hazratganj,Lucknow,Lucknow,Uttar Pradesh,North,26.85642,80.955367,3
EAH,North,Kalyan,Thane,Maharashtra,West,19.247541,73.149477,3
USV,South,Anand,Anand,Gujarat,West,22.546222,72.928119,3
TMZ,Central,Dehradun,Dehradun,Uttarakhand,North,30.32654,78.033454,3
BMM,Hinoo,Ranchi,Ranchi,Jharkhand,East,23.334103,85.325916,3
NCA,Central,Ballari,Ballari,Karnataka,South,15.149704,76.919833,3
BFS,Auto Nagar,Vijayawada,Krishna,Andhra Pradesh,South,16.496804,80.648361,3
WMH,East,Durgapur,Paschim Bardhaman,West Bengal,East,23.522016,87.302316,3
KSJ,North,Brahmapur,Ganjam,Odisha,East,19.314442,84.808536,3
SUT,South,Varanasi,Varanasi,Uttar Pradesh,North,25.302406,82.98619,3
ICD,Paltan Bazar,Guwahati,Kamrup Metro,Assam,Northeast,26.151648,91.749226,3
SAH,Central,Korba,Korba,Chhattisgarh,Central,22.368974,82.750954,3
RSL,North,Hisar,Hisar,Haryana,North,29.147588,75.73481,3
VKB,North,Karnal,Karnal,Haryana,North,29.686378,77.00293,3
SWD,North,Kalyan,Thane,Maharashtra,West,19.247452,73.150771,3
NEX,East,Jabalpur,Jabalpur,Madhya Pradesh,Central,23.172245,79.980134,3
ANS,North,Gangtok,East Sikkim,Sikkim,Northeast,27.339047,88.622424,3
JOW,East,Bhagalpur,Bhagalpur,Bihar,East,25.242904,86.971718,3
AVD,Vesu,Surat,Surat,Gujarat,West,21.179351,72.841863,3
XUS,South,Junagadh,Junagadh,Gujarat,West,21.503982,70.455956,3
OMI,Central,Bokaro Steel City,Bokaro,Jharkhand,East,23.678316,86.151586,3
RED,East,Maheshtala,South 24 Parganas,West Bengal,East,22.510207,88.23892,3
NKO,Koregaon Park,Pune,Pune,Maharashtra,West,18.530498,73.857008,3
LSB,Central,Nellore,Nellore,Andhra Pradesh,South,14.452077,79.987757,3
SPD,South,Bidar,Bidar,Karnataka,South,17.896727,77.529734,3
ODL,Saibaba Colony,Coimbatore,Coimbatore,Tamil Nadu,South,11.025386,76.968308,3
VLS,South,Dhule,Dhule,Maharashtra,West,20.884735,74.77291,3
SKY,Central,Avadi,Tiruvallur,Tamil Nadu,South,13.123989,80.108788,3
CHC,Central,Tinsukia,Tinsukia,Assam,Northeast,27.500455,95.360124,3
IGR,South,Mysore,Mysuru,Karnataka,South,12.2779,76.637792,3
PBR,South,Thrissur,Thrissur,Kerala,South,10.511203,76.212528,3
RSA,North,Mysore,Mysuru,Karnataka,South,12.295101,76.654573,3
XPB,North,Shahjahanpur,Shahjahanpur,Uttar Pradesh,North,27.882329,79.925453,3
NBD,South,Dhule,Dhule,Maharashtra,West,20.884448,74.77512,3
UUG,North,Mathura,Mathura,Uttar Pradesh,North,27.491296,77.686124,3
DPJ,Anna Nagar,Madurai,Madurai,Tamil Nadu,South,9.936675,78.118671,3
DFA,Kolar,Bhopal,Bhopal,Madhya Pradesh,Central,23.270297,77.396392,3
WMA,Habibganj,Bhopal,Bhopal,Madhya Pradesh,Central,23.248251,77.411898,3
TIN,Habibganj,Bhopal,Bhopal,Madhya Pradesh,Central,23.247964,77.411065,3
WOL,RS Puram,Coimbatore,Coimbatore,Tamil Nadu,South,11.025665,76.956581,3
UTP,Central,Karnal,Karnal,Haryana,North,29.697599,76.990791,3
AES,North,Mysore,Mysuru,Karnataka,South,12.297506,76.653176,3
NEW,MG Road,Kochi,Ernakulam,Kerala,South,9.943023,76.26922,3
ALO,Central,Bhagalpur,Bhagalpur,Bihar,East,25.253612,86.984003,3
EMA,East,Ajmer,Ajmer,Rajasthan,North,26.448454,74.630492,3
MYS,South,Durgapur,Paschim Bardhaman,West Bengal,East,23.503012,87.310886,3
CKM,North,Jalgaon,Jalgaon,Maharashtra,West,21.007092,75.578849,3
KPJ,Central,Kolhapur,Kolhapur,Maharashtra,West,16.717214,74.243345,3
MBI,East,Karaikudi,Sivaganga,Tamil Nadu,South,10.072977,78.765633,3
ETH,East,Mira-Bhayandar,Thane,Maharashtra,West,19.297113,72.844858,3
XHD,East,Akbarpur,Ambedkar Nagar,Uttar Pradesh,North,26.427556,82.528677,3
HBN,Central,Durgapur,Paschim Bardhaman,West Bengal,East,23.530354,87.311865,3
BRP,South,Srinagar,Srinagar,Jammu and Kashmir,North,34.069956,74.808637,3
AMC,South,Bhiwandi,Thane,Maharashtra,West,19.28124,73.062389,3
NMB,Central,Bhagalpur,Bhagalpur,Bihar,East,25.25427,86.98345,3
EDC,Central,Amritsar,Amritsar,Punjab,North,31.645232,74.871116,3
THG,East,Gandhinagar,Gandhinagar,Gujarat,West,23.20544,72.63105,3
XMD,North,Gaya,Gaya,Bihar,East,24.789972,85.014468,3
PML,Koregaon Park,Pune,Pune,Maharashtra,West,18.529615,73.854968,3
NWA,East,Rohtak,Rohtak,Haryana,North,28.897118,76.597343,3
CEB,North,Korba,Korba,Chhattisgarh,Central,22.3608,82.766395,3
IBM,East,Bhiwandi,Thane,Maharashtra,West,19.299035,73.054315,3
BTV,North,Port Blair,Cuddalore,Tamil Nadu,South,11.7499,79.786818,3
NNR,East,Dhule,Dhule,Maharashtra,West,20.905903,74.764494,3
ATF,South,Itanagar,Papum Pare,Arunachal Pradesh,Northeast,27.084809,93.605172,3
STU,Central,Panaji,North Goa,Goa,West,15.502226,73.827125,3
BXS,South,Gwalior,Gwalior,Madhya Pradesh,Central,26.205278,78.192627,3
CHP,West,Dhanbad,Dhanbad,Jharkhand,East,23.801911,86.416014,3
SAY,South,Korba,Korba,Chhattisgarh,Central,22.342978,82.751034,3
BMS,Beach Road,Thoothukudi,Thoothukudi,Tamil Nadu,South,8.765979,78.150235,3
CVS,East,Jalandhar,Jalandhar,Punjab,North,31.325807,75.563579,3
POT,East,Jalgaon,Jalgaon,Maharashtra,West,21.006397,75.552294,3
ADS,South,Rourkela,Sundargarh,Odisha,East,22.242887,84.852347,3
WPI,Anuparpalayam,Tiruppur,Tiruppur,Tamil Nadu,South,11.108476,77.328996,3
MUL,Central,Loni,Ghaziabad,Uttar Pradesh,North,28.751481,77.289977,3
MEK,Central,Udaipur,Udaipur,Rajasthan,North,24.597648,73.714004,3
SEL,South,Puducherry,Puducherry,Puducherry,South,11.922893,79.809229,3
PRG,Varachha,Surat,Surat,Gujarat,West,21.17861,72.814667,3
LMT,Kadri,Mangalore,Dakshina Kannada,Karnataka,South,12.919856,74.870439,3
XOB,North,Sangli,Sangli,Maharashtra,West,16.851289,74.597858,3
HSL,North,Jodhpur,Jodhpur,Rajasthan,North,26.242193,73.039592,3
AUR,East,Bhiwandi,Thane,Maharashtra,West,19.298483,73.054585,3
LSS,North,Belgaum,Belgaum,Karnataka,South,15.8508,74.512365,3
MAM,South,Rourkela,Sundargarh,Odisha,East,22.241939,84.853537,3
MDC,Saibaba Colony,Coimbatore,Coimbatore,Tamil Nadu,South,11.022456,76.9685,3
GSA,Central,Bhiwandi,Thane,Maharashtra,West,19.311872,73.062423,3
SWP,North,Aurangabad,Aurangabad,Maharashtra,West,19.881644,75.357757,3
TVP,Central,Jalgaon,Jalgaon,Maharashtra,West,21.020456,75.562456,3
LBR,Five Roads,Salem,Salem,Tamil Nadu,South,11.676411,78.145506,3
XLG,East,Aligarh,Aligarh,Uttar Pradesh,North,27.895729,78.07701,3
NTK,North,Yamunanagar,Yamunanagar,Haryana,North,30.127307,77.280132,3
XND,South,Ulhasnagar,Thane,Maharashtra,West,19.205403,73.16531,3
EVM,East,Durgapur,Paschim Bardhaman,West Bengal,East,23.522257,87.30204,3
LKH,South,Shahjahanpur,Shahjahanpur,Uttar Pradesh,North,27.863107,79.909234,3
HPK,Central,Agartala,West Tripura,Tripura,Northeast,23.843889,91.288106,3
BSK,Cyber City,Gurgaon,Gurugram,Haryana,North,28.471898,77.025663,3
SHC,Cyber City,Gurgaon,Gurugram,Haryana,North,28.468371,77.026668,3
ADI,Central,Gwalior,Gwalior,Madhya Pradesh,Central,26.228892,78.184576,3
XUP,Geeta Bhawan,Indore,Indore,Madhya Pradesh,Central,22.713293,75.846978,3
SMI,South,Firozabad,Firozabad,Uttar Pradesh,North,27.142817,78.394252,3
XCE,East,Bhuj,Kutch,Gujarat,West,23.252529,69.660248,3
SAG,Geeta Bhawan,Indore,Indore,Madhya Pradesh,Central,22.710624,75.845798,3
INS,Naupada,Thane,Thane,Maharashtra,West,19.225159,72.991705,3
BKP,Danapur,Patna,Patna,Bihar,East,25.604219,85.12291,3
XCW,Central,Mira-Bhayandar,Thane,Maharashtra,West,19.305826,72.853557,3
WSA,Athwagate,Surat,Surat,Gujarat,West,21.159352,72.831737,3
NAA,Central,Saharanpur,Saharanpur,Uttar Pradesh,North,29.977226,77.555075,3
XBU,South,Raipur,Raipur,Chhattisgarh,Central,21.238617,81.638453,3
WFM,Geeta Bhawan,Indore,Indore,Madhya Pradesh,Central,22.712232,75.846988,3
LFS,East,Warangal,Warangal Urban,Telangana,South,17.968079,79.581978,3
ANC,South,Hubli,Dharwad,Karnataka,South,15.345825,75.123733,3
BIA,Saraswathipuram,Mysuru,Mysuru,Karnataka,South,12.297151,76.628901,3
JDG,South,Korba,Korba,Chhattisgarh,Central,22.342279,82.750411,3
XIF,North,Nanded,Nanded,Maharashtra,West,19.138331,77.334622,3
SBM,South,Rourkela,Sundargarh,Odisha,East,22.244191,84.852956,3
AVI,East,Shimla,Shimla,Himachal Pradesh,North,31.103097,77.163777,3
MDS,North,Latur,Latur,Maharashtra,West,18.4069,76.576083,3
FNK,Central,Davanagere,Davanagere,Karnataka,South,14.477024,75.923477,3
SCQ,North,Ujjain,Ujjain,Madhya Pradesh,Central,23.17654,75.80157,3
ATR,East,Rourkela,Sundargarh,Odisha,East,22.258503,84.84088,3
GNI,North,Jodhpur,Jodhpur,Rajasthan,North,26.245008,73.037294,3
VTP,North,Agartala,West Tripura,Tripura,Northeast,23.830289,91.300449,3
SGT,North,Thrissur,Thrissur,Kerala,South,10.528577,76.230751,3
TSR,Central,Bareilly,Bareilly,Uttar Pradesh,North,28.377466,79.429449,3
AIG,South,Bhiwandi,Thane,Maharashtra,West,19.281548,73.063482,3
SYC,South,Tinsukia,Tinsukia,Assam,Northeast,27.469343,95.359949,3
XSJ,North,Roorkee,Haridwar,Uttarakhand,North,29.855044,77.90059,3
XPP,East,Davanagere,Davanagere,Karnataka,South,14.463436,75.90909,3
SCX,North,Thrissur,Thrissur,Kerala,South,10.529243,76.227253,3
XBA,East,Kozhikode,Kozhikode,Kerala,South,11.258849,75.770459,3
BUH,East,Jalandhar,Jalandhar,Punjab,North,31.327274,75.566545,3
SME,Central,Bokaro Steel City,Bokaro,Jharkhand,East,23.681292,86.151185,3
SVP,South,Dhule,Dhule,Maharashtra,West,20.886043,74.77326,3
STM,East,Dhanbad,Dhanbad,Jharkhand,East,23.785685,86.423602,3
WZO,North,Avadi,Tiruvallur,Tamil Nadu,South,13.11291,80.123801,3
NEL,Central,Avadi,Tiruvallur,Tamil Nadu,South,13.125898,80.109963,3
AMT,South,Jabalpur,Jabalpur,Madhya Pradesh,Central,23.16855,79.996091,3
XBI,South,Dhule,Dhule,Maharashtra,West,20.887405,74.77528,3
SKS,East,Amravati,Amravati,Maharashtra,West,20.936374,77.769226,3
ISH,South,Durgapur,Paschim Bardhaman,West Bengal,East,23.502718,87.311682,3
YVS,Ballabgarh,Faridabad,Faridabad,Haryana,North,28.397996,77.318842,3
HEH,North,Jamshedpur,East Singhbhum,Jharkhand,East,22.80827,86.217759,3
SLE,North,Tinsukia,Tinsukia,Assam,Northeast,27.490087,95.375956,3
NAN,East,Sangli,Sangli,Maharashtra,West,16.853777,74.571293,3
ABP,Central,Meerut,Meerut,Uttar Pradesh,North,28.99652,77.707071,3
HES,Central,Maheshtala,South 24 Parganas,West Bengal,East,22.520279,88.24695,3
STH,Central,Jalandhar,Jalandhar,Punjab,North,31.335151,75.574622,3
NPM,South,Durgapur,Paschim Bardhaman,West Bengal,East,23.503951,87.310453,3
TGR,North,Srinagar,Srinagar,Jammu and Kashmir,North,34.086342,74.811955,3
MMJ,Central,Nadiad,Kheda,Gujarat,West,22.704979,72.864247,3
CMO,South,Allahabad,Prayagraj,Uttar Pradesh,North,25.420789,81.858304,3
XBV,Central,Kolhapur,Kolhapur,Maharashtra,West,16.71752,74.242348,3
QDT,South,Rajahmundry,East Godavari,Andhra Pradesh,South,16.984492,81.804787,3
BTL,East,Patiala,Patiala,Punjab,North,30.340461,76.37602,3
PCC,Central,Bikaner,Bikaner,Rajasthan,North,28.032184,73.311258,3
PPS,Central,Kurnool,Kurnool,Andhra Pradesh,South,15.838581,78.038942,3
SNL,East,Aizawl,Aizawl,Mizoram,Northeast,23.728756,92.708006,3
WAK,North,Anantapur,Anantapur,Andhra Pradesh,South,14.681428,77.61583,3
CNN,North,Bhiwandi,Thane,Maharashtra,West,19.300573,73.07613,3
SCV,South,Hisar,Hisar,Haryana,North,29.129593,75.719963,3
ELI,Central,Aizawl,Aizawl,Mizoram,Northeast,23.737654,92.718247,3
PKS,South,Avadi,Tiruvallur,Tamil Nadu,South,13.095981,80.111444,3
SCZ,North,Bhuj,Kutch,Gujarat,West,23.252425,69.684453,3
SCP,North,Moradabad,Moradabad,Uttar Pradesh,North,28.839881,78.790971,3
MUN,North,Maheshtala,South 24 Parganas,West Bengal,East,22.511879,88.26119,3
EVS,South,Durgapur,Paschim Bardhaman,West Bengal,East,23.500692,87.313172,3
XDN,Central,Satara,Satara,Maharashtra,West,17.69235,74.018494,3
NWP,South,Dibrugarh,Dibrugarh,Assam,Northeast,27.456316,94.912511,3
SFB,Bhavani Road,Erode,Erode,Tamil Nadu,South,11.352968,77.715669,3
XTP,Central,Itanagar,Papum Pare,Arunachal Pradesh,Northeast,27.111382,93.604521,3
VLA,Bhavani Road,Erode,Erode,Tamil Nadu,South,11.352032,77.715895,3
XEL,North,Saharanpur,Saharanpur,Uttar Pradesh,North,29.967491,77.568888,3
SCL,Technopark,Thiruvananthapuram,Thiruvananthapuram,Kerala,South,8.534838,76.920779,3
PCJ,Central,Davanagere,Davanagere,Karnataka,South,14.474319,75.923504,3
PNP,East,Solapur,Solapur,Maharashtra,West,17.658696,75.894011,3
FAS,North,Agartala,West Tripura,Tripura,Northeast,23.830612,91.299242,3
RCH,West,Amritsar,Amritsar,Punjab,North,31.640016,74.860264,3
LEO,Jaydev Vihar,Bhubaneswar,Khordha,Odisha,East,20.30556,85.809198,3
HFN,North,Avadi,Tiruvallur,Tamil Nadu,South,13.115624,80.123716,3
RSB,East,Mira-Bhayandar,Thane,Maharashtra,West,19.296423,72.841757,3
LGH,North,Srinagar,Srinagar,Jammu and Kashmir,North,34.087713,74.812789,3
POX,East,Jalandhar,Jalandhar,Punjab,North,31.326975,75.564663,3
MGE,South,Firozabad,Firozabad,Uttar Pradesh,North,27.140992,78.394953,3
ESP,North,Ulhasnagar,Thane,Maharashtra,West,19.221188,73.180665,3
XFD,North,Gulbarga,Kalaburagi,Karnataka,South,17.328985,76.850517,3
GYS,East,Loni,Ghaziabad,Uttar Pradesh,North,28.739931,77.277047,3
MES,South,Cuttack,Cuttack,Odisha,East,20.443099,85.883635,3
CMP,South,Solapur,Solapur,Maharashtra,West,17.64075,75.906922,3
NME,South,Allahabad,Prayagraj,Uttar Pradesh,North,25.421414,81.856482,3
HFS,North,Jamnagar,Jamnagar,Gujarat,West,22.46902,70.070808,3
GMO,East,Shillong,East Khasi Hills,Meghalaya,Northeast,25.578981,91.881914,3
ADH,North,Imphal,Imphal West,Manipur,Northeast,24.817659,93.949607,3
VAR,Central,Muzaffarpur,Muzaffarpur,Bihar,East,26.132435,85.364103,3
SII,Bryant Nagar,Thoothukudi,Thoothukudi,Tamil Nadu,South,8.746246,78.135299,3
XFG,South,Agartala,West Tripura,Tripura,Northeast,23.813279,91.285779,3
LCL,Central,Durgapur,Paschim Bardhaman,West Bengal,East,23.529921,87.310394,3
GSF,South,Ambattur,Tiruvallur,Tamil Nadu,South,13.078731,80.161644,3
ZBS,North,Dhanbad,Dhanbad,Jharkhand,East,23.800674,86.442708,3
XPN,West,Aurangabad,Aurangabad,Maharashtra,West,19.882539,75.330757,3
MCB,Race Course,Coimbatore,Coimbatore,Tamil Nadu,South,11.010774,76.945132,3
SXP,Sasthamangalam,Thiruvananthapuram,Thiruvananthapuram,Kerala,South,8.514647,76.935098,3
KSM,Sector 16,Noida,Gautam Buddha Nagar,Uttar Pradesh,North,28.544761,77.374738,3
POE,Central,Saharanpur,Saharanpur,Uttar Pradesh,North,29.978766,77.556722,3
KPG,East,Bokaro Steel City,Bokaro,Jharkhand,East,23.669018,86.142127,3
RVD,North,Jodhpur,Jodhpur,Rajasthan,North,26.242531,73.038862,3
MNB,East,Ambattur,Tiruvallur,Tamil Nadu,South,13.096507,80.149026,3
TIB,West,Howrah,Howrah,West Bengal,East,22.599377,88.248702,3
SIJ,Central,Solapur,Solapur,Maharashtra,West,17.671022,75.904522,3
TEE,Central,Agartala,West Tripura,Tripura,Northeast,23.842166,91.286292,3
TYS,South,Maheshtala,South 24 Parganas,West Bengal,East,22.491335,88.248151,3
XCD,North,Jhansi,Jhansi,Uttar Pradesh,North,25.449362,78.584134,3
NKB,North,Karaikudi,Sivaganga,Tamil Nadu,South,10.07373,78.788767,3
SMN,South,Guntur,Guntur,Andhra Pradesh,South,16.290649,80.438341,3
FOM,East,Dhule,Dhule,Maharashtra,West,20.902812,74.764998,3
ADB,Bondel,Mangalore,Dakshina Kannada,Karnataka,South,12.905867,74.843869,3
AAB,North,Ujjain,Ujjain,Madhya Pradesh,Central,23.176787,75.804827,3
NDK,Central,Jalandhar,Jalandhar,Punjab,North,31.3358,75.574324,3
NSF,Srirangam,Tiruchirappalli,Tiruchirappalli,Tamil Nadu,South,10.791072,78.720208,3
PTL,North,Port Blair,Cuddalore,Tamil Nadu,South,11.7478,79.786053,3
KRS,North,Anantapur,Anantapur,Andhra Pradesh,South,14.683044,77.615194,3
SKW,Central,Malegaon,Nashik,Maharashtra,West,20.569639,74.529105,3
ZSP,Central,Agartala,West Tripura,Tripura,Northeast,23.842856,91.287887,3
UST,South,Dhule,Dhule,Maharashtra,West,20.884632,74.77322,3
HGA,North,Ambattur,Tiruvallur,Tamil Nadu,South,13.099297,80.175662,3
ABX,North,Itanagar,Papum Pare,Arunachal Pradesh,Northeast,27.100712,93.620175,3
BKR,South,Asansol,Paschim Bardhaman,West Bengal,East,23.65445,86.953839,3
SMW,Central,Hubli,Dharwad,Karnataka,South,15.374195,75.125218,3
BCT,East,Bhavnagar,Bhavnagar,Gujarat,West,21.764499,72.139946,3
WNN,West,Jabalpur,Jabalpur,Madhya Pradesh,Central,23.185194,79.973151,3
TZW,Central,Kakinada,East Godavari,Andhra Pradesh,South,16.998367,82.247048,3
IMB,South,Nadiad,Kheda,Gujarat,West,22.676264,72.862421,3
LPC,East,Kalyan,Thane,Maharashtra,West,19.234357,73.131133,3
DOA,Periya Semur,Erode,Erode,Tamil Nadu,South,11.341446,77.730979,3
AVT,North,Asansol,Paschim Bardhaman,West Bengal,East,23.673582,86.966735,3
RIM,Patliputra,Patna,Patna,Bihar,East,25.600696,85.149379,3
PSM,Vaishali Nagar,Jaipur,Jaipur,Rajasthan,North,26.906744,75.793269,3
DOE,South,Junagadh,Junagadh,Gujarat,West,21.5041,70.456863,3
LTP,South,Gwalior,Gwalior,Madhya Pradesh,Central,26.20447,78.19334,3
XIN,Central,Ahmednagar,Ahmednagar,Maharashtra,West,19.106343,74.749005,3
XBX,East,Saharanpur,Saharanpur,Uttar Pradesh,North,29.967898,77.543736,3
DHV,North,Ludhiana,Ludhiana,Punjab,North,30.90361,75.871875,3
GHV,Central,Dhule,Dhule,Maharashtra,West,20.916327,74.776641,3
SOA,East,Bilaspur,Bilaspur,Chhattisgarh,Central,22.079688,82.129797,3
PSI,South,Patiala,Patiala,Punjab,North,30.323396,76.384957,3
SLM,Central,Nellore,Nellore,Andhra Pradesh,South,14.45219,79.986341,3
XFM,Sector 62,Noida,Gautam Buddha Nagar,Uttar Pradesh,North,28.543612,77.403897,3
MPS,East,Roorkee,Haridwar,Uttarakhand,North,29.855527,77.877548,3
DSG,South,Ujjain,Ujjain,Madhya Pradesh,Central,23.15945,75.789769,3
DJW,North,Durgapur,Paschim Bardhaman,West Bengal,East,23.521549,87.325037,3
LBE,South,Port Blair,Cuddalore,Tamil Nadu,South,11.729099,79.773258,3
FOP,Central,Rourkela,Sundargarh,Odisha,East,22.270099,84.853271,3
ECK,South,Silchar,Cachar,Assam,Northeast,24.816894,92.777262,3
XEO,North,Solapur,Solapur,Maharashtra,West,17.659674,75.918949,3
NSC,Cyber City,Gurgaon,Gurugram,Haryana,North,28.470667,77.026723,3
BMF,North,Davanagere,Davanagere,Karnataka,South,14.463312,75.93531,3
SMS,Ganapathy,Coimbatore,Coimbatore,Tamil Nadu,South,11.024799,76.939349,3
RMZ,Central,Thrissur,Thrissur,Kerala,South,10.537864,76.215903,3
SSM,South,Jammu,Jammu,Jammu and Kashmir,North,32.709389,74.856009,3
XPV,South,Aizawl,Aizawl,Mizoram,Northeast,23.710082,92.71576,3
OSP,South,Durgapur,Paschim Bardhaman,West Bengal,East,23.501309,87.310362,3
LMR,South,Agartala,West Tripura,Tripura,Northeast,23.812394,91.285875,3
NYE,North,Hubli,Dharwad,Karnataka,South,15.362771,75.139828,3
DEJ,North,Ambattur,Tiruvallur,Tamil Nadu,South,13.096449,80.176814,3
SAZ,Central,Bathinda,Bathinda,Punjab,North,30.220505,74.946577,3
SYR,West,Jodhpur,Jodhpur,Rajasthan,North,26.241701,73.011385,3
AVB,South,Jabalpur,Jabalpur,Madhya Pradesh,Central,23.166314,79.995676,3
TNE,Central,Ballari,Ballari,Karnataka,South,15.151534,76.922236,3
UNV,Anisabad,Patna,Patna,Bihar,East,25.588536,85.125555,3
LTS,West,Gwalior,Gwalior,Madhya Pradesh,Central,26.221211,78.168763,3
NYD,North,Mathura,Mathura,Uttar Pradesh,North,27.49186,77.687208,3
KCS,West,Jodhpur,Jodhpur,Rajasthan,North,26.242491,73.012549,3
MVM,South,Dehradun,Dehradun,Uttarakhand,North,30.301144,78.044225,3
XNK,East,Pathankot,Pathankot,Punjab,North,32.273729,75.639709,3
THF,South,Dehradun,Dehradun,Uttarakhand,North,30.300363,78.043257,3
LST,South,Kamarhati,North 24 Parganas,West Bengal,East,22.651729,88.371977,3
KCP,South,Tiruvottiyur,Tiruvallur,Tamil Nadu,South,13.147231,80.30013,3
SUV,Central,Gaya,Gaya,Bihar,East,24.800354,84.9985,3
ADD,Central,Jabalpur,Jabalpur,Madhya Pradesh,Central,23.191331,79.987504,3
IEC,North,Pathankot,Pathankot,Punjab,North,32.274839,75.666778,3
ATH,Malviya Nagar,Jaipur,Jaipur,Rajasthan,North,26.922919,75.798304,3
DJN,North,Jamshedpur,East Singhbhum,Jharkhand,East,22.809616,86.214601,3
NXP,Town,Tirunelveli,Tirunelveli,Tamil Nadu,South,8.725426,77.757038,3
DJP,Thillai Nagar,Tiruchirappalli,Tiruchirappalli,Tamil Nadu,South,10.771513,78.703579,3
MCY,East,Kohima,Kohima,Nagaland,Northeast,25.674441,94.097224,3
NDJ,South,Kollam,Kollam,Kerala,South,8.876235,76.612472,3
AHO,West,Meerut,Meerut,Uttar Pradesh,North,28.987521,77.691051,3
XBR,Central,Aligarh,Aligarh,Uttar Pradesh,North,27.906336,78.088009,3
XHN,South,Shahjahanpur,Shahjahanpur,Uttar Pradesh,North,27.861109,79.908515,3
MAJ,Saraswathipuram,Mysuru,Mysuru,Karnataka,South,12.297785,76.626788,3
CMC,Mangalam Road,Tiruppur,Tiruppur,Tamil Nadu,South,11.109309,77.357025,3
XAG,East,Bhavnagar,Bhavnagar,Gujarat,West,21.763646,72.14019,3
XEC,South,Tiruvottiyur,Tiruvallur,Tamil Nadu,South,13.147214,80.303586,3
FRB,West,Srinagar,Srinagar,Jammu and Kashmir,North,34.088843,74.783705,3
MXC,Central,Bareilly,Bareilly,Uttar Pradesh,North,28.377292,79.429316,3
DDS,Central,Durgapur,Paschim Bardhaman,West Bengal,East,23.532189,87.31311,3
XDJ,North,Kamarhati,North 24 Parganas,West Bengal,East,22.67095,88.383845,3
NPB,South,Meerut,Meerut,Uttar Pradesh,North,28.968284,77.715526,3
SBG,Central,Durgapur,Paschim Bardhaman,West Bengal,East,23.530194,87.310702,3
PSV,Central,Kanpur,Kanpur Nagar,Uttar Pradesh,North,26.46098,80.332313,3
PAS,Central,Sangli,Sangli,Maharashtra,West,16.861351,74.582207,3
MDJ,East,Udaipur,Udaipur,Rajasthan,North,24.586154,73.700753,3
MVS,North,Jalandhar,Jalandhar,Punjab,North,31.326112,75.590056,3
XPR,Central,Bhiwandi,Thane,Maharashtra,West,19.311773,73.063187,3
MCH,East,Aligarh,Aligarh,Uttar Pradesh,North,27.898468,78.07865,3
CFM,Jaydev Vihar,Bhubaneswar,Khordha,Odisha,East,20.304429,85.808536,3
XRB,MG Road,Gurgaon,Gurugram,Haryana,North,28.450615,77.025001,3
DOH,Tiruchanoor Road,Tirupati,Chittoor,Andhra Pradesh,South,13.630044,79.407058,3
PSX,South,Akbarpur,Ambedkar Nagar,Uttar Pradesh,North,26.410436,82.539315,3
KPX,Manjalpur,Vadodara,Vadodara,Gujarat,West,22.317306,73.164271,3
EDE,South,Varanasi,Varanasi,Uttar Pradesh,North,25.301722,82.985054,3
SXL,Central,Shimla,Shimla,Himachal Pradesh,North,31.11471,77.174291,3
SGL,Central,Aizawl,Aizawl,Mizoram,Northeast,23.738776,92.71641,3
QSP,Central,Aizawl,Aizawl,Mizoram,Northeast,23.737991,92.717587,3
BBX,Central,Thrissur,Thrissur,Kerala,South,10.536848,76.215651,3
NBL,North,Panipat,Panipat,Haryana,North,29.391237,76.978833,3
GCP,Central,Hubli,Dharwad,Karnataka,South,15.375211,75.123206,3
MPT,South,Allahabad,Prayagraj,Uttar Pradesh,North,25.421753,81.856241,3
SAE,Central,Bhilai,Durg,Chhattisgarh,Central,21.204192,81.351323,3
TOP,Central,Durgapur,Paschim Bardhaman,West Bengal,East,23.531337,87.311503,3
SVT,North,Karaikudi,Sivaganga,Tamil Nadu,South,10.07157,78.788556,3
GHA,Central,Loni,Ghaziabad,Uttar Pradesh,North,28.751442,77.290119,3
PNT,North,Jalandhar,Jalandhar,Punjab,North,31.324166,75.591838,3
DNR,North,Meerut,Meerut,Uttar Pradesh,North,28.990202,77.720246,3
SDO,South,Davanagere,Davanagere,Karnataka,South,14.448137,75.923752,3
LCT,South,Patiala,Patiala,Punjab,North,30.322667,76.386661,3
HPS,South,Pathankot,Pathankot,Punjab,North,32.257199,75.653162,3
MXB,Central,Muzaffarpur,Muzaffarpur,Bihar,East,26.133157,85.363849,3
TND,North,Karaikudi,Sivaganga,Tamil Nadu,South,10.071332,78.787319,3
XVD,South,Kolhapur,Kolhapur,Maharashtra,West,16.687836,74.243887,3
JMS,Central,Durgapur,Paschim Bardhaman,West Bengal,East,23.530804,87.312823,3
ULP,South,Kolhapur,Kolhapur,Maharashtra,West,16.685124,74.24464,3
KFS,South,Bhiwandi,Thane,Maharashtra,West,19.281993,73.063015,3
TBS,Sasthamangalam,Thiruvananthapuram,Thiruvananthapuram,Kerala,South,8.51141,76.937384,3
XDD,East,Nellore,Nellore,Andhra Pradesh,South,14.441286,79.976101,3
CEI,Central,Durgapur,Paschim Bardhaman,West Bengal,East,23.532328,87.313205,3
SER,South,Jamshedpur,East Singhbhum,Jharkhand,East,22.789065,86.212449,3
PDA,North,Jalandhar,Jalandhar,Punjab,North,31.327167,75.58963,3
NVP,Belapur,Navi Mumbai,Thane,Maharashtra,West,19.040934,73.04035,3
SMQ,Central,Durgapur,Paschim Bardhaman,West Bengal,East,23.531528,87.309964,3
XDA,East,Dharamshala,Kangra,Himachal Pradesh,North,32.220677,76.313802,3
EFR,Central,Aurangabad,Aurangabad,Maharashtra,West,19.888322,75.341648,3
ONV,Vastrapur,Ahmedabad,Ahmedabad,Gujarat,West,23.018848,72.582372,3
TDP,North,Agartala,West Tripura,Tripura,Northeast,23.831594,91.302186,3
AOB,North,Pathankot,Pathankot,Punjab,North,32.273942,75.667201,3
XCT,Central,Amritsar,Amritsar,Punjab,North,31.646061,74.873868,3
SIE,Central,Rajkot,Rajkot,Gujarat,West,22.312971,70.802403,3
TOM,Central,Agartala,West Tripura,Tripura,Northeast,23.843845,91.288751,3
DCX,East,Satara,Satara,Maharashtra,West,17.680799,74.00803,3
PIO,Central,Pathankot,Pathankot,Punjab,North,32.286055,75.653559,3
LGE,Sector 137,Noida,Gautam Buddha Nagar,Uttar Pradesh,North,28.530086,77.376954,3
MCJ,Central,Brahmapur,Ganjam,Odisha,East,19.32379,84.79412,3
SLT,North,Aizawl,Aizawl,Mizoram,Northeast,23.728166,92.733819,3
NVO,Central,Aizawl,Aizawl,Mizoram,Northeast,23.739538,92.71873,3
SOL,East,Udaipur,Udaipur,Rajasthan,North,24.584843,73.702204,3
CCS,DLF Phase 1,Gurgaon,Gurugram,Haryana,North,28.467705,77.038441,3
KWS,North,Ulhasnagar,Thane,Maharashtra,West,19.223006,73.17913,3
SKI,Central,Kohima,Kohima,Nagaland,Northeast,25.685535,94.108366,3
TYU,Central,Loni,Ghaziabad,Uttar Pradesh,North,28.751614,77.289284,3
WBP,South,Durgapur,Paschim Bardhaman,West Bengal,East,23.502906,87.311267,3
XML,East,Bhilwara,Bhilwara,Rajasthan,North,25.347938,74.627002,3
NSY,Central,Aligarh,Aligarh,Uttar Pradesh,North,27.907661,78.087614,3
POD,North,Bhagalpur,Bhagalpur,Bihar,East,25.244066,86.99675,3
KHA,South,Kamarhati,North 24 Parganas,West Bengal,East,22.653963,88.369706,3
PTP,East,Meerut,Meerut,Uttar Pradesh,North,28.977346,77.69935,3
INV,South,Jodhpur,Jodhpur,Rajasthan,North,26.224168,73.034554,3
ALP,Kanke,Ranchi,Ranchi,Jharkhand,East,23.331463,85.310919,3
RST,West,Allahabad,Prayagraj,Uttar Pradesh,North,25.440982,81.833031,3
PCP,South,Jabalpur,Jabalpur,Madhya Pradesh,Central,23.166901,79.997941,3
TET,South,Gwalior,Gwalior,Madhya Pradesh,Central,26.202324,78.194064,3
DTG,North,Moradabad,Moradabad,Uttar Pradesh,North,28.837559,78.789794,3
ABR,South,Gorakhpur,Gorakhpur,Uttar Pradesh,North,26.741673,83.372401,3
XES,South,Port Blair,Cuddalore,Tamil Nadu,South,11.730368,79.771873,3
AFL,Central,Ajmer,Ajmer,Rajasthan,North,26.459646,74.637939,3
OKM,South,Kamarhati,North 24 Parganas,West Bengal,East,22.651786,88.370086,3
ZIE,South,Tiruvottiyur,Tiruvallur,Tamil Nadu,South,13.144787,80.299943,3
LTV,Central,Durgapur,Paschim Bardhaman,West Bengal,East,23.530343,87.313501,3
YSS,South,Ballari,Ballari,Karnataka,South,15.121007,76.919547,3
HPD,East,Bokaro Steel City,Bokaro,Jharkhand,East,23.669961,86.140048,3
XBN,Avinashi Road,Tiruppur,Tiruppur,Tamil Nadu,South,11.118159,77.339405,3
SHL,South,Durgapur,Paschim Bardhaman,West Bengal,East,23.503274,87.312803,3
WOW,East,Itanagar,Papum Pare,Arunachal Pradesh,Northeast,27.103799,93.595122,3
VAB,Central,Shahjahanpur,Shahjahanpur,Uttar Pradesh,North,27.889907,79.910936,3
DNA,North,Kozhikode,Kozhikode,Kerala,South,11.25792,75.795371,3
NIT,Vinayaka Nagar,Tirupati,Chittoor,Andhra Pradesh,South,13.629144,79.435183,3
POC,Bhawarkua,Indore,Indore,Madhya Pradesh,Central,22.710258,75.872849,3
ALY,North,Agra,Agra,Uttar Pradesh,North,27.179196,78.021567,3
OKF,North,Thrissur,Thrissur,Kerala,South,10.52657,76.22922,3
XFZ,East,Udaipur,Udaipur,Rajasthan,North,24.585789,73.70083,3
XXM,South,Dhule,Dhule,Maharashtra,West,20.885593,74.776594,3
UNO,Central,Shimla,Shimla,Himachal Pradesh,North,31.116637,77.172737,3
NKM,Sahibabad,Ghaziabad,Ghaziabad,Uttar Pradesh,North,28.662281,77.440257,3
ERM,Tallakulam,Madurai,Madurai,Tamil Nadu,South,9.914356,78.119169,3
MLG,South,Jalandhar,Jalandhar,Punjab,North,31.306779,75.57778,3
UMG,South,Sambalpur,Sambalpur,Odisha,East,21.449881,83.974341,3
MGN,North,Guntur,Guntur,Andhra Pradesh,South,16.306834,80.45156,2
CIE,Karungalpalayam,Erode,Erode,Tamil Nadu,South,11.342729,77.707376,2
XUC,Central,Rajahmundry,East Godavari,Andhra Pradesh,South,17.010201,81.804292,2
BOK,Central,Shimla,Shimla,Himachal Pradesh,North,31.11689,77.17184,2
MSY,East,Karaikudi,Sivaganga,Tamil Nadu,South,10.072763,78.764334,2
ART,West,Jodhpur,Jodhpur,Rajasthan,North,26.243298,73.012547,2
DHT,Kavi Nagar,Ghaziabad,Ghaziabad,Uttar Pradesh,North,28.675963,77.468006,2
CPA,North,Amritsar,Amritsar,Punjab,North,31.639319,74.887169,2
DVH,Central,Panaji,North Goa,Goa,West,15.500576,73.828637,2
KAN,Central,Brahmapur,Ganjam,Odisha,East,19.327036,84.795128,2
ATS,North,Durgapur,Paschim Bardhaman,West Bengal,East,23.520629,87.324524,2
SSP,Central,Aizawl,Aizawl,Mizoram,Northeast,23.736463,92.7189,2
NBR,South,Ludhiana,Ludhiana,Punjab,North,30.885744,75.866638,2
FOD,East,Nellore,Nellore,Andhra Pradesh,South,14.442769,79.973997,2
BBT,Central,Davanagere,Davanagere,Karnataka,South,14.47371,75.922792,2
BEA,East,Karnal,Karnal,Haryana,North,29.683869,76.979968,2
FPO,North,Durgapur,Paschim Bardhaman,West Bengal,East,23.519066,87.32596,2
NIP,West,Gandhinagar,Gandhinagar,Gujarat,West,23.220097,72.622584,2
UIP,Vinayaka Nagar,Tirupati,Chittoor,Andhra Pradesh,South,13.627376,79.434678,2
XMU,East,Varanasi,Varanasi,Uttar Pradesh,North,25.310421,82.968338,2
HMF,South,Kohima,Kohima,Nagaland,Northeast,25.655207,94.107772,2
LBF,Central,Imphal,Imphal West,Manipur,Northeast,24.828238,93.9386,2
RSS,Paltan Bazar,Guwahati,Kamrup Metro,Assam,Northeast,26.150581,91.749565,2
NSU,Central,Junagadh,Junagadh,Gujarat,West,21.534701,70.457752,2
ITR,North,Jhansi,Jhansi,Uttar Pradesh,North,25.448807,78.583859,2
HPT,Sayajigunj,Vadodara,Vadodara,Gujarat,West,22.316149,73.193452,2
KGT,East,Mathura,Mathura,Uttar Pradesh,North,27.494003,77.663133,2
HDG,Naranpura,Ahmedabad,Ahmedabad,Gujarat,West,23.029869,72.565067,2
WIM,East,Durgapur,Paschim Bardhaman,West Bengal,East,23.522228,87.299477,2
NXS,Vinayaka Nagar,Tirupati,Chittoor,Andhra Pradesh,South,13.627251,79.435041,2
POJ,South,Port Blair,Cuddalore,Tamil Nadu,South,11.729861,79.769527,2
KAK,Central,Kollam,Kollam,Kerala,South,8.905379,76.615143,2
EGE,South,Sangli,Sangli,Maharashtra,West,16.833532,74.583305,2
CTO,Central,Jalandhar,Jalandhar,Punjab,North,31.337778,75.576707,2
MLW,South,Durgapur,Paschim Bardhaman,West Bengal,East,23.501739,87.311062,2
KTU,South,Kohima,Kohima,Nagaland,Northeast,25.657336,94.107308,2
LQD,South,Amritsar,Amritsar,Punjab,North,31.617616,74.881046,2
TIL,Central,Port Blair,Cuddalore,Tamil Nadu,South,11.75974,79.770793,2
XDL,East,Jalandhar,Jalandhar,Punjab,North,31.327517,75.564841,2
SKL,MVP Colony,Visakhapatnam,Visakhapatnam,Andhra Pradesh,South,17.697763,83.217279,2
KWH,Banashankari,Bangalore,Bengaluru Urban,Karnataka,South,12.980872,77.586617,2
TOF,Central,Hisar,Hisar,Haryana,North,29.159447,75.720617,2
ULU,Central,Kolhapur,Kolhapur,Maharashtra,West,16.717352,74.244798,2
BKS,East,Kohima,Kohima,Nagaland,Northeast,25.673459,94.098148,2
HAN,C-Scheme,Jaipur,Jaipur,Rajasthan,North,26.921492,75.786419,2
VRM,South,Bidar,Bidar,Karnataka,South,17.894629,77.52866,2
XPF,East,Saharanpur,Saharanpur,Uttar Pradesh,North,29.968754,77.545909,2
HRS,East,Bhavnagar,Bhavnagar,Gujarat,West,21.763056,72.139852,2
CGP,North,Sambalpur,Sambalpur,Odisha,East,21.465355,83.991501,2
GCT,South,Jammu,Jammu,Jammu and Kashmir,North,32.707629,74.855587,2
BWA,East,Yamunanagar,Yamunanagar,Haryana,North,30.130548,77.255354,2
MEN,TT Nagar,Bhopal,Bhopal,Madhya Pradesh,Central,23.249647,77.429024,2
MBN,South,Yamunanagar,Yamunanagar,Haryana,North,30.110935,77.268072,2
IUA,East,Jamshedpur,East Singhbhum,Jharkhand,East,22.795799,86.198546,2
RAW,East,Kohima,Kohima,Nagaland,Northeast,25.675035,94.098451,2
KPV,South,Ulhasnagar,Thane,Maharashtra,West,19.203386,73.166033,2
RVO,Central,Bokaro Steel City,Bokaro,Jharkhand,East,23.681655,86.15206,2
JAP,South,Jodhpur,Jodhpur,Rajasthan,North,26.222914,73.034433,2
PIL,Kowdiar,Thiruvananthapuram,Thiruvananthapuram,Kerala,South,8.53312,76.947502,2
SRH,South,Udaipur,Udaipur,Rajasthan,North,24.566593,73.712986,2
MBW,North,Korba,Korba,Chhattisgarh,Central,22.359689,82.765418,2
NOT,South,Rohtak,Rohtak,Haryana,North,28.876252,76.606945,2
TSU,Doranda,Ranchi,Ranchi,Jharkhand,East,23.350012,85.321333,2
BFM,North,Durgapur,Paschim Bardhaman,West Bengal,East,23.519209,87.326923,2
MAU,North,Gulbarga,Kalaburagi,Karnataka,South,17.32956,76.84674,2
HKI,East,Durgapur,Paschim Bardhaman,West Bengal,East,23.520375,87.300034,2
SVI,East,Satara,Satara,Maharashtra,West,17.679499,74.007115,2
SNZ,South,Anantapur,Anantapur,Andhra Pradesh,South,14.663002,77.599331,2
AMM,Central,Patiala,Patiala,Punjab,North,30.349186,76.384919,2
CLU,North,Imphal,Imphal West,Manipur,Northeast,24.818863,93.95313,2
KAB,East,Satara,Satara,Maharashtra,West,17.681835,74.007042,2
EHI,East,Bhuj,Kutch,Gujarat,West,23.253217,69.658882,2
ZES,North,Shillong,East Khasi Hills,Meghalaya,Northeast,25.579496,91.907608,2
KEN,North,Gandhinagar,Gandhinagar,Gujarat,West,23.2188,72.649354,2
WLS,Central,Gandhinagar,Gandhinagar,Gujarat,West,23.226328,72.638324,2
CRW,East,Gandhinagar,Gandhinagar,Gujarat,West,23.206858,72.631529,2
LFF,North,Dhule,Dhule,Maharashtra,West,20.905956,74.787587,2
PED,Central,Varanasi,Varanasi,Uttar Pradesh,North,25.328735,82.973172,2
NHN,South,Kalyan,Thane,Maharashtra,West,19.227871,73.14555,2
KAA,Central,Dhule,Dhule,Maharashtra,West,20.916724,74.775757,2
DLV,North,Puducherry,Puducherry,Puducherry,South,11.94041,79.822383,2
RIH,North,Gandhinagar,Gandhinagar,Gujarat,West,23.220383,72.648992,2
PLL,TT Nagar,Bhopal,Bhopal,Madhya Pradesh,Central,23.249482,77.426965,2
MKR,South,Agartala,West Tripura,Tripura,Northeast,23.812552,91.288175,2
TTM,East,Loni,Ghaziabad,Uttar Pradesh,North,28.741526,77.277623,2
DNT,East,Davanagere,Davanagere,Karnataka,South,14.464662,75.910704,2
LHB,South,Guntur,Guntur,Andhra Pradesh,South,16.28865,80.43525,2
EFN,North,Panaji,North Goa,Goa,West,15.492651,73.843791,2
RTK,North,Gulbarga,Kalaburagi,Karnataka,South,17.328029,76.84858,2
BPY,Central,Rohtak,Rohtak,Haryana,North,28.905257,76.605244,2
UMS,North,Tiruvottiyur,Tiruvallur,Tamil Nadu,South,13.163394,80.317447,2
GTS,North,Rohtak,Rohtak,Haryana,North,28.893987,76.621052,2
KAI,East,Udaipur,Udaipur,Rajasthan,North,24.585782,73.701277,2
SNF,South,Anantapur,Anantapur,Andhra Pradesh,South,14.664636,77.601305,2
AON,North,Latur,Latur,Maharashtra,West,18.407016,76.576344,2
MUG,North,Durgapur,Paschim Bardhaman,West Bengal,East,23.52008,87.325151,2
ACV,South,Durgapur,Paschim Bardhaman,West Bengal,East,23.503131,87.312694,2
GMS,North,Durgapur,Paschim Bardhaman,West Bengal,East,23.518946,87.327311,2
GOV,Sayajigunj,Vadodara,Vadodara,Gujarat,West,22.313939,73.195593,2
WTP,Sathuvachari,Vellore,Vellore,Tamil Nadu,South,12.926975,79.133187,2
TMW,South,Rajahmundry,East Godavari,Andhra Pradesh,South,16.980589,81.80561,2
DBC,Sector 56,Gurgaon,Gurugram,Haryana,North,28.449543,77.043175,2
PDM,Airoli,Navi Mumbai,Thane,Maharashtra,West,19.040307,73.014349,2
DPT,East,Margao,South Goa,Goa,West,15.283195,73.976007,2
VTX,NIT,Faridabad,Faridabad,Haryana,North,28.41944,77.319129,2
XXP,East,Agartala,West Tripura,Tripura,Northeast,23.829571,91.27711,2
KAT,South,Ambattur,Tiruvallur,Tamil Nadu,South,13.080178,80.160189,2
MFK,North,Satara,Satara,Maharashtra,West,17.680415,74.032847,2
SEN,North,Agartala,West Tripura,Tripura,Northeast,23.83253,91.302397,2
GRV,Central,Durgapur,Paschim Bardhaman,West Bengal,East,23.532263,87.312141,2
GGP,South,Rohtak,Rohtak,Haryana,North,28.876567,76.605207,2
BHW,North,Ambattur,Tiruvallur,Tamil Nadu,South,13.099953,80.17584,2
PTK,East,Durgapur,Paschim Bardhaman,West Bengal,East,23.520396,87.301931,2
LTF,Sector 21,Faridabad,Faridabad,Haryana,North,28.414788,77.33096,2
AYS,South,Bilaspur,Bilaspur,Chhattisgarh,Central,22.063198,82.139622,2
BEC,North,Durgapur,Paschim Bardhaman,West Bengal,East,23.521745,87.325629,2
FTG,South,Agartala,West Tripura,Tripura,Northeast,23.813596,91.287588,2
JTW,Saraswathipuram,Mysuru,Mysuru,Karnataka,South,12.297092,76.627144,2
BRW,Vijayanagar,Mysuru,Mysuru,Karnataka,South,12.27916,76.639921,2
TWO,Bondel,Mangalore,Dakshina Kannada,Karnataka,South,12.908291,74.843222,2
FCR,North,Jammu,Jammu,Jammu and Kashmir,North,32.724679,74.871403,2
XKW,East,Cuttack,Cuttack,Odisha,East,20.460641,85.873927,2
ATO,East,Saharanpur,Saharanpur,Uttar Pradesh,North,29.969274,77.542534,2
WDS,South,Aizawl,Aizawl,Mizoram,Northeast,23.710918,92.718555,2
JOA,Central,Gorakhpur,Gorakhpur,Uttar Pradesh,North,26.770049,83.372671,2
NXA,South,Dhule,Dhule,Maharashtra,West,20.887452,74.772933,2
QEN,North,Aizawl,Aizawl,Mizoram,Northeast,23.727921,92.732882,2
SRD,East,Solapur,Solapur,Maharashtra,West,17.659134,75.893684,2
HPU,Saibaba Colony,Coimbatore,Coimbatore,Tamil Nadu,South,11.023498,76.968361,2
RHD,East,Jammu,Jammu,Jammu and Kashmir,North,32.724663,74.846554,2
KAR,North,Nashik,Nashik,Maharashtra,West,20.0016,73.80344,2
SBT,East,Ulhasnagar,Thane,Maharashtra,West,19.222247,73.152313,2
LKS,East,Ajmer,Ajmer,Rajasthan,North,26.449204,74.62824,2
WSU,Kavi Nagar,Ghaziabad,Ghaziabad,Uttar Pradesh,North,28.674586,77.467596,2
LMO,North,Jammu,Jammu,Jammu and Kashmir,North,32.727748,74.869841,2
EMN,South,Jamshedpur,East Singhbhum,Jharkhand,East,22.788566,86.211756,2
GPO,South,Durgapur,Paschim Bardhaman,West Bengal,East,23.50163,87.312293,2
GWC,East,Ambala,Ambala,Haryana,North,30.377638,76.765334,2
LER,Central,Panaji,North Goa,Goa,West,15.501219,73.828331,2
AAP,East,Puducherry,Puducherry,Puducherry,South,11.942023,79.799346,2
ESR,East,Aizawl,Aizawl,Mizoram,Northeast,23.728865,92.706572,2
POG,East,Kakinada,East Godavari,Andhra Pradesh,South,16.987295,82.235644,2
HMG,Central,Jalandhar,Jalandhar,Punjab,North,31.336208,75.574574,2
PAK,East,Gorakhpur,Gorakhpur,Uttar Pradesh,North,26.762045,83.361138,2
CEK,Bypass Road,Madurai,Madurai,Tamil Nadu,South,9.91981,78.105447,2
MTR,Thillai Nagar,Tiruchirappalli,Tiruchirappalli,Tamil Nadu,South,10.771497,78.706672,2
GRB,South,Durgapur,Paschim Bardhaman,West Bengal,East,23.500983,87.312483,2
TMX,East,Shimla,Shimla,Himachal Pradesh,North,31.102915,77.163879,2
XRN,Central,Imphal,Imphal West,Manipur,Northeast,24.826336,93.935034,2
ZIB,South,Warangal,Warangal Urban,Telangana,South,17.952723,79.592801,2
MIT,South,Guntur,Guntur,Andhra Pradesh,South,16.287461,80.437319,2
ORE,South,Itanagar,Papum Pare,Arunachal Pradesh,Northeast,27.084617,93.604476,2
RHS,Central,Itanagar,Papum Pare,Arunachal Pradesh,Northeast,27.113255,93.603892,2
OBW,North,Jodhpur,Jodhpur,Rajasthan,North,26.244478,73.037967,2
PPT,Crossings Republik,Ghaziabad,Ghaziabad,Uttar Pradesh,North,28.678162,77.43763,2
XTO,Bariatu,Ranchi,Ranchi,Jharkhand,East,23.337119,85.298456,2
TGP,North,Amravati,Amravati,Maharashtra,West,20.939222,77.793103,2
ITM,Central,Aurangabad,Aurangabad,Maharashtra,West,19.888582,75.34321,2
IDS,North,Ballari,Ballari,Karnataka,South,15.139751,76.937564,2
GSS,Central,Yamunanagar,Yamunanagar,Haryana,North,30.139985,77.265722,2
HYC,East,Kohima,Kohima,Nagaland,Northeast,25.673258,94.096719,2
EGL,North,Ahmednagar,Ahmednagar,Maharashtra,West,19.093835,74.763979,2
SJM,North,Solapur,Solapur,Maharashtra,West,17.659582,75.922492,2
CCL,South,Aizawl,Aizawl,Mizoram,Northeast,23.710676,92.718041,2
XHF,Central,Jamnagar,Jamnagar,Gujarat,West,22.481131,70.057783,2
PBF,East,Agartala,West Tripura,Tripura,Northeast,23.831804,91.275495,2
ICK,South,Shillong,East Khasi Hills,Meghalaya,Northeast,25.561855,91.891435,2
ROU,Central,Margao,South Goa,Goa,West,15.295091,73.987799,2
DHL,East,Agartala,West Tripura,Tripura,Northeast,23.83136,91.276664,2
MHT,North,Kadapa,YSR Kadapa,Andhra Pradesh,South,14.467399,78.840106,2
CDR,Central,Nashik,Nashik,Maharashtra,West,20.006966,73.79117,2
ASO,Bariatu,Ranchi,Ranchi,Jharkhand,East,23.335928,85.297623,2
CGN,South,Raipur,Raipur,Chhattisgarh,Central,21.237744,81.639291,2
NXX,East,Gulbarga,Kalaburagi,Karnataka,South,17.329892,76.825251,2
WSE,Central,Bhavnagar,Bhavnagar,Gujarat,West,21.776417,72.152212,2
KRT,North,Tiruvottiyur,Tiruvallur,Tamil Nadu,South,13.165052,80.31812,2
MDK,East,Ratnagiri,Ratnagiri,Maharashtra,West,16.996112,73.288682,2
ADE,Central,Maheshtala,South 24 Parganas,West Bengal,East,22.523308,88.247651,2
CHW,South,Margao,South Goa,Goa,West,15.265988,73.986872,2
BNP,Auto Nagar,Vijayawada,Krishna,Andhra Pradesh,South,16.495055,80.647257,2
TRA,Central,Varanasi,Varanasi,Uttar Pradesh,North,25.327708,82.975687,2
JEP,Srirangam,Tiruchirappalli,Tiruchirappalli,Tamil Nadu,South,10.789009,78.717796,2
LSD,Sector 16,Noida,Gautam Buddha Nagar,Uttar Pradesh,North,28.544189,77.375388,2
MNF,North,Bidar,Bidar,Karnataka,South,17.912306,77.544097,2
TRZ,East,Ludhiana,Ludhiana,Punjab,North,30.891337,75.851664,2
CXX,North,Durgapur,Paschim Bardhaman,West Bengal,East,23.52009,87.327069,2
LAL,East,Aligarh,Aligarh,Uttar Pradesh,North,27.895686,78.077096,2
VEP,North,Agartala,West Tripura,Tripura,Northeast,23.831439,91.299429,2
NBS,Sector 7,Chandigarh,Chandigarh,Chandigarh,North,30.724482,76.765733,2
IEM,North,Aligarh,Aligarh,Uttar Pradesh,North,27.899137,78.103294,2
ZEI,East,Kohima,Kohima,Nagaland,Northeast,25.675196,94.098769,2
NNW,North,Sambalpur,Sambalpur,Odisha,East,21.466504,83.988578,2
MMV,East,Kalyan,Thane,Maharashtra,West,19.234283,73.129797,2
BAR,Central,Korba,Korba,Chhattisgarh,Central,22.371216,82.75154,2
VLR,South,Kadapa,YSR Kadapa,Andhra Pradesh,South,14.448262,78.823904,2
LVB,Sabarmati,Ahmedabad,Ahmedabad,Gujarat,West,23.01429,72.566234,2
LOR,Central,Kohima,Kohima,Nagaland,Northeast,25.686553,94.107548,2
ENE,Central,Jhansi,Jhansi,Uttar Pradesh,North,25.459048,78.568723,2
NCK,East,Kurnool,Kurnool,Andhra Pradesh,South,15.829324,78.026196,2
SPA,South,Jalandhar,Jalandhar,Punjab,North,31.308242,75.574456,2
SCW,East,Port Blair,Cuddalore,Tamil Nadu,South,11.748986,79.759527,2
MPG,Central,Karaikudi,Sivaganga,Tamil Nadu,South,10.083942,78.773838,2
SPU,Central,Ambattur,Tiruvallur,Tamil Nadu,South,13.109563,80.160088,2
SAP,Ganapathy,Coimbatore,Coimbatore,Tamil Nadu,South,11.025278,76.939205,2
YCC,South,Durgapur,Paschim Bardhaman,West Bengal,East,23.503074,87.310314,2
ISE,Central,Dhule,Dhule,Maharashtra,West,20.914536,74.776319,2
PMI,Central,Agartala,West Tripura,Tripura,Northeast,23.844239,91.286154,2
ARI,East,Tinsukia,Tinsukia,Assam,Northeast,27.487441,95.351291,2
PDW,North,Avadi,Tiruvallur,Tamil Nadu,South,13.116005,80.122226,2
NPK,AB Road,Indore,Indore,Madhya Pradesh,Central,22.72812,75.84049,2
ISU,North,Kadapa,YSR Kadapa,Andhra Pradesh,South,14.46816,78.837915,2
GMM,Central,Port Blair,Cuddalore,Tamil Nadu,South,11.758808,79.77224,2
OBA,North,Cuttack,Cuttack,Odisha,East,20.462836,85.898654,2
VNS,Surathkal,Mangalore,Dakshina Kannada,Karnataka,South,12.902231,74.854072,2
SRE,MP Nagar,Bhopal,Bhopal,Madhya Pradesh,Central,23.270818,77.412623,2
HCI,South,Bhagalpur,Bhagalpur,Bihar,East,25.22417,86.985328,2
TBG,Central,Jodhpur,Jodhpur,Rajasthan,North,26.249584,73.025945,2
CZZ,Jagatpura,Jaipur,Jaipur,Rajasthan,North,26.912128,75.774601,2
ZSB,Central,Jalgaon,Jalgaon,Maharashtra,West,21.019073,75.564489,2
NPA,Central,Karaikudi,Sivaganga,Tamil Nadu,South,10.081646,78.775493,2
JHP,East,Avadi,Tiruvallur,Tamil Nadu,South,13.115677,80.097992,2
HUS,South,Durgapur,Paschim Bardhaman,West Bengal,East,23.501469,87.30997,2
HCL,East,Raipur,Raipur,Chhattisgarh,Central,21.241227,81.623643,2
JOG,Central,Jhansi,Jhansi,Uttar Pradesh,North,25.459393,78.567356,2
ABC,South,Aligarh,Aligarh,Uttar Pradesh,North,27.881102,78.086428,2
QRR,South,Davanagere,Davanagere,Karnataka,South,14.444745,75.921212,2
TKW,Central,Davanagere,Davanagere,Karnataka,South,14.474716,75.921405,2
WLW,East,Margao,South Goa,Goa,West,15.281315,73.974025,2
DSM,Sector 21,Faridabad,Faridabad,Haryana,North,28.414834,77.328896,2
CVC,South,Dhule,Dhule,Maharashtra,West,20.887408,74.773316,2
LOW,Vashi,Navi Mumbai,Thane,Maharashtra,West,19.045134,73.031283,2
ZPO,Central,Margao,South Goa,Goa,West,15.293298,73.987715,2
BIF,KK Nagar,Madurai,Madurai,Tamil Nadu,South,9.934028,78.132113,2
XUK,North,Kamarhati,North 24 Parganas,West Bengal,East,22.669729,88.386174,2
TGS,South,Durgapur,Paschim Bardhaman,West Bengal,East,23.500426,87.31161,2
XDB,Central,Kalyan,Thane,Maharashtra,West,19.254227,73.136234,2
OKB,Akota,Vadodara,Vadodara,Gujarat,West,22.298811,73.169113,2
NKZ,North,Warangal,Warangal Urban,Telangana,South,17.970731,79.609566,2
FII,North,Jhansi,Jhansi,Uttar Pradesh,North,25.448891,78.582764,2
SCM,North,Aligarh,Aligarh,Uttar Pradesh,North,27.898804,78.100636,2
GRF,East,Mysore,Mysuru,Karnataka,South,12.297699,76.628122,2
TTW,Central,Puducherry,Puducherry,Puducherry,South,11.951852,79.807921,2
BKB,Central,Jabalpur,Jabalpur,Madhya Pradesh,Central,23.192955,79.985371,2
RGS,Central,Bhiwandi,Thane,Maharashtra,West,19.312978,73.062603,2
AJD,East,Roorkee,Haridwar,Uttarakhand,North,29.855756,77.875651,2
CTI,North,Ballari,Ballari,Karnataka,South,15.138334,76.934479,2
GHH,Central,Firozabad,Firozabad,Uttar Pradesh,North,27.168934,78.396343,2
AMW,East,Solapur,Solapur,Maharashtra,West,17.657969,75.896013,2
TGF,South,Junagadh,Junagadh,Gujarat,West,21.504961,70.456017,2
CPI,East,Ambattur,Tiruvallur,Tamil Nadu,South,13.100193,80.150645,2
PFN,North,Jalandhar,Jalandhar,Punjab,North,31.325773,75.591804,2
LIB,North,Kamarhati,North 24 Parganas,West Bengal,East,22.66907,88.385983,2
KOC,North,Gulbarga,Kalaburagi,Karnataka,South,17.329164,76.850472,2
FBS,East,Sangli,Sangli,Maharashtra,West,16.850848,74.572484,2
RTB,North,Rajahmundry,East Godavari,Andhra Pradesh,South,16.999404,81.817365,2
KOO,North,Jalgaon,Jalgaon,Maharashtra,West,21.008492,75.577415,2
EVA,East,Ambattur,Tiruvallur,Tamil Nadu,South,13.099456,80.151229,2
ROT,Central,Bhagalpur,Bhagalpur,Bihar,East,25.252303,86.982274,2
KHS,South,Dhule,Dhule,Maharashtra,West,20.887642,74.772918,2
PTM,East,Belgaum,Belgaum,Karnataka,South,15.849196,74.48748,2
BOC,Central,Mathura,Mathura,Uttar Pradesh,North,27.504177,77.674648,2
CHI,Central,Margao,South Goa,Goa,West,15.294045,73.985368,2
XMK,East,Rourkela,Sundargarh,Odisha,East,22.260153,84.842796,2
CVT,Nerul,Navi Mumbai,Thane,Maharashtra,West,19.023234,73.043929,2
HGF,West,Rajkot,Rajkot,Gujarat,West,22.30712,70.787863,2
XCI,South,Firozabad,Firozabad,Uttar Pradesh,North,27.140576,78.396015,2
BMP,East,Amritsar,Amritsar,Punjab,North,31.6256,74.865614,2
MYT,North,Jammu,Jammu,Jammu and Kashmir,North,32.725989,74.869474,2
XVF,North,Puducherry,Puducherry,Puducherry,South,11.9419,79.823815,2
ESN,East,Jalandhar,Jalandhar,Punjab,North,31.326772,75.563491,2
MYL,East,Jammu,Jammu,Jammu and Kashmir,North,32.727672,74.847393,2
SMT,East,Junagadh,Junagadh,Gujarat,West,21.523647,70.448451,2
DIG,East,Brahmapur,Ganjam,Odisha,East,19.315612,84.782871,2
CRA,South,Maheshtala,South 24 Parganas,West Bengal,East,22.493072,88.246609,2
ACL,Central,Belgaum,Belgaum,Karnataka,South,15.861985,74.499697,2
TOW,East,Aligarh,Aligarh,Uttar Pradesh,North,27.898978,78.078309,2
CAD,Central,Jalandhar,Jalandhar,Punjab,North,31.336823,75.575213,2
TTY,Bhawarkua,Indore,Indore,Madhya Pradesh,Central,22.71099,75.872181,2
BSY,South,Durgapur,Paschim Bardhaman,West Bengal,East,23.502919,87.310039,2
ZMO,Central,Jalandhar,Jalandhar,Punjab,North,31.33644,75.57496,2
LHS,East,Bhuj,Kutch,Gujarat,West,23.252383,69.656588,2
VDF,Central,Jabalpur,Jabalpur,Madhya Pradesh,Central,23.193703,79.986567,2
TTI,North,Bokaro Steel City,Bokaro,Jharkhand,East,23.669549,86.164786,2
MUP,South,Nellore,Nellore,Andhra Pradesh,South,14.42496,79.985718,2
ISV,Central,Kolhapur,Kolhapur,Maharashtra,West,16.717674,74.24256,2
CHS,East,Ajmer,Ajmer,Rajasthan,North,26.450283,74.629166,2
ZPP,Raj Nagar,Ghaziabad,Ghaziabad,Uttar Pradesh,North,28.662186,77.471281,2
LHR,East,Siliguri,Darjeeling,West Bengal,East,26.728512,88.385857,2
MGO,East,Agartala,West Tripura,Tripura,Northeast,23.8301,91.274367,2
KDO,West,Kanpur,Kanpur Nagar,Uttar Pradesh,North,26.453053,80.318254,2
SLG,KK Nagar,Madurai,Madurai,Tamil Nadu,South,9.934239,78.134256,2
MHO,South,Tinsukia,Tinsukia,Assam,Northeast,27.47089,95.358818,2
GOT,North,Bhagalpur,Bhagalpur,Bihar,East,25.242067,86.99745,2
OAT,East,Belgaum,Belgaum,Karnataka,South,15.847819,74.485543,2
VFS,Benz Circle,Vijayawada,Krishna,Andhra Pradesh,South,16.514227,80.659975,2
THM,West,Gandhinagar,Gandhinagar,Gujarat,West,23.218417,72.622146,2
RCO,North,Jalgaon,Jalgaon,Maharashtra,West,21.006304,75.576944,2
BVI,Hazratganj,Lucknow,Lucknow,Uttar Pradesh,North,26.858559,80.957818,2
RCE,North,Jalgaon,Jalgaon,Maharashtra,West,21.007193,75.578621,2
BAJ,East,Gulbarga,Kalaburagi,Karnataka,South,17.330288,76.824693,2
BFT,South,Bikaner,Bikaner,Rajasthan,North,28.005023,73.31377,2
VIS,West,Amritsar,Amritsar,Punjab,North,31.636665,74.859777,2
XIC,East,Jabalpur,Jabalpur,Madhya Pradesh,Central,23.173952,79.981677,2
PNE,South,Dhule,Dhule,Maharashtra,West,20.887673,74.774384,2
PON,North,Karaikudi,Sivaganga,Tamil Nadu,South,10.071393,78.787846,2
NEP,East,Kadapa,YSR Kadapa,Andhra Pradesh,South,14.467755,78.814653,2
HBS,East,Itanagar,Papum Pare,Arunachal Pradesh,Northeast,27.101087,93.596487,2
HSD,East,Gandhinagar,Gandhinagar,Gujarat,West,23.205085,72.631376,2
WDO,Central,Patiala,Patiala,Punjab,North,30.352516,76.385462,2
LOG,North,Udaipur,Udaipur,Rajasthan,North,24.587192,73.728368,2
BED,Ammapet,Salem,Salem,Tamil Nadu,South,11.662796,78.134775,2
KYW,MVP Colony,Visakhapatnam,Visakhapatnam,Andhra Pradesh,South,17.698245,83.218139,2
TPO,Central,Ajmer,Ajmer,Rajasthan,North,26.46225,74.638599,2
PHE,South,Imphal,Imphal West,Manipur,Northeast,24.799751,93.938324,2
ABV,West,Amritsar,Amritsar,Punjab,North,31.637136,74.859291,2
CES,Pattom,Thiruvananthapuram,Thiruvananthapuram,Kerala,South,8.533399,76.938101,2
SLZ,Central,Rourkela,Sundargarh,Odisha,East,22.270496,84.855577,2
COB,South,Malegaon,Nashik,Maharashtra,West,20.538861,74.52998,2
VLO,Central,Nellore,Nellore,Andhra Pradesh,South,14.451583,79.986334,2
DST,South,Loni,Ghaziabad,Uttar Pradesh,North,28.72358,77.289687,2
FMT,Central,Korba,Korba,Chhattisgarh,Central,22.37208,82.749325,2
JAL,Pattom,Thiruvananthapuram,Thiruvananthapuram,Kerala,South,8.533082,76.934943,2
SQP,Central,Panaji,North Goa,Goa,West,15.500019,73.825835,2
BZS,Town,Tirunelveli,Tirunelveli,Tamil Nadu,South,8.724628,77.754985,2
SGB,Junction,Tirunelveli,Tirunelveli,Tamil Nadu,South,8.714056,77.770453,2
YMS,East,Hubli,Dharwad,Karnataka,South,15.363116,75.112184,2
YNS,North,Aizawl,Aizawl,Mizoram,Northeast,23.725882,92.732118,2
NHI,Central,Akola,Akola,Maharashtra,West,20.710814,77.007467,2
XAQ,Beach Road,Thoothukudi,Thoothukudi,Tamil Nadu,South,8.766045,78.149688,2
DMO,Peelamedu,Coimbatore,Coimbatore,Tamil Nadu,South,11.007159,76.972203,2
ASW,East,Bhiwandi,Thane,Maharashtra,West,19.300375,73.054394,2
OND,South,Mathura,Mathura,Uttar Pradesh,North,27.474225,77.675287,2
JAN,East,Durgapur,Paschim Bardhaman,West Bengal,East,23.520438,87.301842,2
HGV,North,Durgapur,Paschim Bardhaman,West Bengal,East,23.520339,87.324501,2
BCJ,Central,Kalyan,Thane,Maharashtra,West,19.253285,73.135066,2
BXX,Central,Yamunanagar,Yamunanagar,Haryana,North,30.139665,77.26747,2
HSA,Vannarpet,Tirunelveli,Tirunelveli,Tamil Nadu,South,8.714019,77.745232,2
DNG,West,Jamshedpur,East Singhbhum,Jharkhand,East,22.809123,86.1894,2
SCH,North,Avadi,Tiruvallur,Tamil Nadu,South,13.115659,80.124223,2
KIR,North,Durgapur,Paschim Bardhaman,West Bengal,East,23.521477,87.326475,2
XEN,Central,Rajkot,Rajkot,Gujarat,West,22.316197,70.803503,2
NGL,North,Kollam,Kollam,Kerala,South,8.893245,76.629196,2
CHE,Central,Dibrugarh,Dibrugarh,Assam,Northeast,27.485125,94.911957,2
BHS,AB Road,Indore,Indore,Madhya Pradesh,Central,22.72728,75.843569,2
KIN,South,Agartala,West Tripura,Tripura,Northeast,23.812748,91.284916,2
NOV,Central,Bhiwandi,Thane,Maharashtra,West,19.310792,73.062772,2
PCV,MG Road,Gurgaon,Gurugram,Haryana,North,28.448487,77.024791,2
SDN,East,Yamunanagar,Yamunanagar,Haryana,North,30.127743,77.254641,2
SBV,South,Aligarh,Aligarh,Uttar Pradesh,North,27.879556,78.089743,2
BDW,North,Kota,Kota,Rajasthan,North,25.217013,75.879704,2
SJH,South,Nadiad,Kheda,Gujarat,West,22.676201,72.862985,2
HIT,South,Raipur,Raipur,Chhattisgarh,Central,21.23698,81.640453,2
PSW,North,Durgapur,Paschim Bardhaman,West Bengal,East,23.520434,87.326379,2
AGP,Central,Kollam,Kollam,Kerala,South,8.903121,76.612465,2
EME,Arera Colony,Bhopal,Bhopal,Madhya Pradesh,Central,23.267779,77.423825,2
BOR,South,Ujjain,Ujjain,Madhya Pradesh,Central,23.156926,75.789606,2
ONR,East,Margao,South Goa,Goa,West,15.283939,73.977303,2
DSP,Central,Aligarh,Aligarh,Uttar Pradesh,North,27.909233,78.087065,2
BDN,East,Jalandhar,Jalandhar,Punjab,North,31.325625,75.565956,2
LIL,Central,Kohima,Kohima,Nagaland,Northeast,25.686879,94.107688,2
BHD,East,Kollam,Kollam,Kerala,South,8.895079,76.603424,2
SIV,North,Kolhapur,Kolhapur,Maharashtra,West,16.706439,74.25635,2
XTG,Central,Nellore,Nellore,Andhra Pradesh,South,14.455208,79.984522,2
SWM,East,Jodhpur,Jodhpur,Rajasthan,North,26.228428,73.016139,2
XOM,East,Agartala,West Tripura,Tripura,Northeast,23.830634,91.277593,2
KBV,North,Pathankot,Pathankot,Punjab,North,32.274516,75.665969,2
WGB,South,Roorkee,Haridwar,Uttarakhand,North,29.835658,77.887658,2
THI,North,Bareilly,Bareilly,Uttar Pradesh,North,28.365091,79.445661,2
RMO,South,Aligarh,Aligarh,Uttar Pradesh,North,27.877799,78.088686,2
XTW,South,Dhule,Dhule,Maharashtra,West,20.886803,74.773383,2
HYD,Saraswathipuram,Mysuru,Mysuru,Karnataka,South,12.295353,76.629005,2
USH,South,Kozhikode,Kozhikode,Kerala,South,11.239791,75.780718,2
PDR,MP Nagar,Bhopal,Bhopal,Madhya Pradesh,Central,23.268954,77.410965,2
DKU,East,Maheshtala,South 24 Parganas,West Bengal,East,22.509979,88.236594,2
NBA,North,Saharanpur,Saharanpur,Uttar Pradesh,North,29.969039,77.568701,2
MSE,Central,Durgapur,Paschim Bardhaman,West Bengal,East,23.529637,87.312648,2
QFR,Andheri,Mumbai,Mumbai,Maharashtra,West,19.088391,72.887513,2
URV,Sector 56,Gurgaon,Gurugram,Haryana,North,28.449343,77.043304,2
NPC,North,Junagadh,Junagadh,Gujarat,West,21.522543,70.470894,2
MAZ,East,Tiruvottiyur,Tiruvallur,Tamil Nadu,South,13.163095,80.289171,2
WCH,North,Kozhikode,Kozhikode,Kerala,South,11.258371,75.796774,2
MDH,East,Satara,Satara,Maharashtra,West,17.679549,74.008432,2
RSH,Central,Rajkot,Rajkot,Gujarat,West,22.314906,70.802843,2
SDR,North,Jodhpur,Jodhpur,Rajasthan,North,26.241821,73.036759,2
MPK,North,Anantapur,Anantapur,Andhra Pradesh,South,14.680909,77.615515,2
OSR,South,Dharamshala,Kangra,Himachal Pradesh,North,32.200414,76.322474,2
BPD,West,Jamshedpur,East Singhbhum,Jharkhand,East,22.808394,86.187382,2
AFM,North,Ahmednagar,Ahmednagar,Maharashtra,West,19.093538,74.761496,2
SHR,East,Jalandhar,Jalandhar,Punjab,North,31.325708,75.564257,2
UNA,Palasia,Indore,Indore,Madhya Pradesh,Central,22.726935,75.868608,2
KPK,East,Jalgaon,Jalgaon,Maharashtra,West,21.006789,75.552728,2
RNB,Central,Ludhiana,Ludhiana,Punjab,North,30.910894,75.855918,2
TBB,South,Kadapa,YSR Kadapa,Andhra Pradesh,South,14.448758,78.824933,2
VPN,Central,Ulhasnagar,Thane,Maharashtra,West,19.232461,73.163882,2
YCM,South,Aligarh,Aligarh,Uttar Pradesh,North,27.878389,78.086448,2
CAR,Pan Bazar,Guwahati,Kamrup Metro,Assam,Northeast,26.153728,91.734514,2
SFP,North,Aizawl,Aizawl,Mizoram,Northeast,23.727161,92.731951,2
XCN,South,Panaji,North Goa,Goa,West,15.472253,73.827359,2
ISM,Central,Shillong,East Khasi Hills,Meghalaya,Northeast,25.591035,91.89361,2
ABW,South,Anantapur,Anantapur,Andhra Pradesh,South,14.662081,77.602477,2
NPX,South,Durgapur,Paschim Bardhaman,West Bengal,East,23.500971,87.310205,2
OMM,North,Gaya,Gaya,Bihar,East,24.791068,85.016408,2
XDT,Central,Dibrugarh,Dibrugarh,Assam,Northeast,27.484299,94.912073,2
TPM,North,Loni,Ghaziabad,Uttar Pradesh,North,28.74183,77.301625,2
AHH,South,Pathankot,Pathankot,Punjab,North,32.257773,75.652548,2
YBC,South,Karnal,Karnal,Haryana,North,29.669012,76.989131,2
FMS,Central,Loni,Ghaziabad,Uttar Pradesh,North,28.752467,77.290298,2
FOT,Ammapet,Salem,Salem,Tamil Nadu,South,11.665924,78.135477,2
XSV,North,Anantapur,Anantapur,Andhra Pradesh,South,14.683723,77.613134,2
LBG,North,Loni,Ghaziabad,Uttar Pradesh,North,28.741187,77.30213,2
VXP,East,Loni,Ghaziabad,Uttar Pradesh,North,28.742158,77.279652,2
MPI,North,Shillong,East Khasi Hills,Meghalaya,Northeast,25.576973,91.905843,2
JBP,South,Loni,Ghaziabad,Uttar Pradesh,North,28.721791,77.290209,2
LYB,North,Maheshtala,South 24 Parganas,West Bengal,East,22.508924,88.261389,2
XKT,East,Dibrugarh,Dibrugarh,Assam,Northeast,27.473768,94.902856,2
GCI,North,Ahmednagar,Ahmednagar,Maharashtra,West,19.095462,74.762727,2
PXM,South,Avadi,Tiruvallur,Tamil Nadu,South,13.097335,80.10956,2
FIL,East,Rohtak,Rohtak,Haryana,North,28.893521,76.595584,2
SOF,Sathuvachari,Vellore,Vellore,Tamil Nadu,South,12.927303,79.13371,2
SDE,North,Kota,Kota,Rajasthan,North,25.219913,75.879864,2
SRU,South,Hisar,Hisar,Haryana,North,29.130954,75.720139,2
ABT,North,Kadapa,YSR Kadapa,Andhra Pradesh,South,14.466487,78.838586,2
WMN,South,Ulhasnagar,Thane,Maharashtra,West,19.204436,73.164635,2
XVG,North,Firozabad,Firozabad,Uttar Pradesh,North,27.157986,78.409375,2
XAZ,East,Akola,Akola,Maharashtra,West,20.699957,76.997911,2
NPP,Central,Margao,South Goa,Goa,West,15.293134,73.987444,2
XTE,East,Warangal,Warangal Urban,Telangana,South,17.967257,79.584366,2
PIM,Central,Jabalpur,Jabalpur,Madhya Pradesh,Central,23.190885,79.987224,2
CFN,South,Panaji,North Goa,Goa,West,15.473265,73.827951,2
CMI,East,Puducherry,Puducherry,Puducherry,South,11.943466,79.79685,2
NCU,East,Ambala,Ambala,Haryana,North,30.378573,76.764051,2
ITE,North,Ajmer,Ajmer,Rajasthan,North,26.449654,74.653487,2
BUS,South,Korba,Korba,Chhattisgarh,Central,22.339942,82.751793,2
XOR,South,Yamunanagar,Yamunanagar,Haryana,North,30.11171,77.266319,2
UBR,North,Davanagere,Davanagere,Karnataka,South,14.463426,75.934926,2
DRB,North,Agartala,West Tripura,Tripura,Northeast,23.82963,91.30212,2
NGX,South,Jammu,Jammu,Jammu and Kashmir,North,32.709987,74.856018,2
WSC,North,Durgapur,Paschim Bardhaman,West Bengal,East,23.520449,87.326748,2
SEP,East,Jodhpur,Jodhpur,Rajasthan,North,26.231994,73.018201,2
SOR,West,Dehradun,Dehradun,Uttarakhand,North,30.322214,78.018788,2
STI,East,Kohima,Kohima,Nagaland,Northeast,25.673983,94.097913,2
SRS,North,Bareilly,Bareilly,Uttar Pradesh,North,28.36807,79.446659,2
GBK,Central,Kohima,Kohima,Nagaland,Northeast,25.686725,94.109114,2
BLW,East,Bilaspur,Bilaspur,Chhattisgarh,Central,22.081013,82.127086,2
NPJ,South,Udaipur,Udaipur,Rajasthan,North,24.566361,73.711694,2
RVS,East,Nellore,Nellore,Andhra Pradesh,South,14.440892,79.976768,2
ECT,North,Rajahmundry,East Godavari,Andhra Pradesh,South,17.000628,81.816465,2
NHE,West,Ludhiana,Ludhiana,Punjab,North,30.905784,75.843285,2
ATP,South,Ahmednagar,Ahmednagar,Maharashtra,West,19.077895,74.749383,2
DSF,West,Raipur,Raipur,Chhattisgarh,Central,21.255182,81.617278,2
UFS,East,Itanagar,Papum Pare,Arunachal Pradesh,Northeast,27.101548,93.593386,2
XFC,Tadepalli,Vijayawada,Krishna,Andhra Pradesh,South,16.515307,80.633976,2
TLB,Technopark,Thiruvananthapuram,Thiruvananthapuram,Kerala,South,8.532789,76.921496,2
LBS,Central,Thrissur,Thrissur,Kerala,South,10.53719,76.214483,2
IMI,South,Durgapur,Paschim Bardhaman,West Bengal,East,23.500464,87.310085,2
XBO,Patamata,Vijayawada,Krishna,Andhra Pradesh,South,16.496218,80.66342,2
NHP,North,Ajmer,Ajmer,Rajasthan,North,26.451281,74.65466,2
DFH,North,Raipur,Raipur,Chhattisgarh,Central,21.255382,81.642295,2
JHS,South,Saharanpur,Saharanpur,Uttar Pradesh,North,29.948495,77.555921,2
BEE,East,Hubli,Dharwad,Karnataka,South,15.366217,75.112042,2
SXT,North,Ujjain,Ujjain,Madhya Pradesh,Central,23.177521,75.803231,2
SGK,East,Jamnagar,Jamnagar,Gujarat,West,22.469811,70.048774,2
OMW,Vannarpet,Tirunelveli,Tirunelveli,Tamil Nadu,South,8.712435,77.746671,2
MEC,Khanapara,Guwahati,Kamrup Metro,Assam,Northeast,26.154842,91.7209,2
VTT,North,Guntur,Guntur,Andhra Pradesh,South,16.306446,80.451,2
APM,Palayamkottai,Tirunelveli,Tirunelveli,Tamil Nadu,South,8.696624,77.75692,2
PNM,East,Loni,Ghaziabad,Uttar Pradesh,North,28.742211,77.27639,2
DHS,Indira Nagar,Lucknow,Lucknow,Uttar Pradesh,North,26.838625,80.954991,2
PCH,South,Akbarpur,Ambedkar Nagar,Uttar Pradesh,North,26.409004,82.536469,2
RHN,Central,Jammu,Jammu,Jammu and Kashmir,North,32.735562,74.856198,2
TIR,North,Howrah,Howrah,West Bengal,East,22.600134,88.275982,2
BSR,Central,Durgapur,Paschim Bardhaman,West Bengal,East,23.533124,87.312828,2
SXC,North,Dhanbad,Dhanbad,Jharkhand,East,23.801765,86.442496,2
BVS,Kongu Nagar,Tiruppur,Tiruppur,Tamil Nadu,South,11.092407,77.342317,2
SCD,East,Port Blair,Cuddalore,Tamil Nadu,South,11.748342,79.761413,2
SVW,Central,Roorkee,Haridwar,Uttarakhand,North,29.866464,77.888615,2
KPA,Central,Karaikudi,Sivaganga,Tamil Nadu,South,10.081992,78.7754,2
SBD,Central,Bikaner,Bikaner,Rajasthan,North,28.031962,73.310151,2
SYX,Akota,Vadodara,Vadodara,Gujarat,West,22.300293,73.170654,2
NSM,Bypass Road,Madurai,Madurai,Tamil Nadu,South,9.91782,78.107348,2
MAO,North,Amravati,Amravati,Maharashtra,West,20.93858,77.792028,2
PXP,South,Gulbarga,Kalaburagi,Karnataka,South,17.312126,76.832666,2
KCE,Central,Amravati,Amravati,Maharashtra,West,20.947164,77.781416,2
SES,South,Jalandhar,Jalandhar,Punjab,North,31.308207,75.574517,2
DHW,Central,Jalandhar,Jalandhar,Punjab,North,31.334858,75.576031,2
MRT,Central,Kakinada,East Godavari,Andhra Pradesh,South,16.998081,82.247722,2
BEW,RS Puram,Coimbatore,Coimbatore,Tamil Nadu,South,11.027791,76.954824,2
NTA,South,Jalgaon,Jalgaon,Maharashtra,West,20.991505,75.563878,2
SST,East,Rohtak,Rohtak,Haryana,North,28.895443,76.594479,2
JBS,Bejai,Mangalore,Dakshina Kannada,Karnataka,South,12.9041,74.87291,2
XLI,North,Nanded,Nanded,Maharashtra,West,19.139822,77.334377,2
OUS,Chandrasekharpur,Bhubaneswar,Khordha,Odisha,East,20.287295,85.822805,2
JSS,North,Ratnagiri,Ratnagiri,Maharashtra,West,16.995546,73.316327,2
JNB,Central,Asansol,Paschim Bardhaman,West Bengal,East,23.686477,86.951415,2
XBB,West,Raipur,Raipur,Chhattisgarh,Central,21.256356,81.614556,2
KSB,Central,Udaipur,Udaipur,Rajasthan,North,24.597937,73.710775,2
HVS,North,Durgapur,Paschim Bardhaman,West Bengal,East,23.521819,87.326056,2
SAX,North,Agartala,West Tripura,Tripura,Northeast,23.832123,91.302321,2
XNH,MP Nagar,Bhopal,Bhopal,Madhya Pradesh,Central,23.268844,77.412732,2
SIH,South,Kakinada,East Godavari,Andhra Pradesh,South,16.970442,82.248862,2
WHS,Central,Shimla,Shimla,Himachal Pradesh,North,31.116328,77.173476,2
WSV,South,Jodhpur,Jodhpur,Rajasthan,North,26.225709,73.034307,2
RSN,North,Durgapur,Paschim Bardhaman,West Bengal,East,23.518784,87.3256,2
OGA,South,Agartala,West Tripura,Tripura,Northeast,23.812567,91.28644,2
YEO,Central,Nadiad,Kheda,Gujarat,West,22.703616,72.864087,2
FVC,Vannarpet,Tirunelveli,Tirunelveli,Tamil Nadu,South,8.714124,77.746919,2
IDP,Central,Mathura,Mathura,Uttar Pradesh,North,27.505032,77.672984,2
TYN,South,Loni,Ghaziabad,Uttar Pradesh,North,28.723559,77.290206,2
DPG,North,Varanasi,Varanasi,Uttar Pradesh,North,25.322074,82.988911,2
HJS,West,Srinagar,Srinagar,Jammu and Kashmir,North,34.088023,74.782209,2
PRJ,GS Road,Guwahati,Kamrup Metro,Assam,Northeast,26.133987,91.753022,2
SSQ,South,Bhiwandi,Thane,Maharashtra,West,19.281272,73.063798,2
CIH,Pan Bazar,Guwahati,Kamrup Metro,Assam,Northeast,26.15628,91.73797,2
KZB,East,Kollam,Kollam,Kerala,South,8.892532,76.603411,2
XKD,North,Kadapa,YSR Kadapa,Andhra Pradesh,South,14.467927,78.836825,2
SOW,West,Agra,Agra,Uttar Pradesh,North,27.17947,77.993195,2
RIA,North,Anantapur,Anantapur,Andhra Pradesh,South,14.682349,77.614053,2
TSM,Kalwa,Thane,Thane,Maharashtra,West,19.208787,72.978091,2
GAT,North,Ambattur,Tiruvallur,Tamil Nadu,South,13.098368,80.175368,2
CRR,East,Moradabad,Moradabad,Uttar Pradesh,North,28.838545,78.764216,2
KIA,Central,Durgapur,Paschim Bardhaman,West Bengal,East,23.531326,87.312587,2
AWS,East,Belgaum,Belgaum,Karnataka,South,15.849048,74.486341,2
SCJ,Beltola,Guwahati,Kamrup Metro,Assam,Northeast,26.135946,91.723692,2
JHB,Central,Mathura,Mathura,Uttar Pradesh,North,27.502024,77.67263,2
JWN,Central,Malegaon,Nashik,Maharashtra,West,20.568741,74.53048,2
MXS,South,Hisar,Hisar,Haryana,North,29.130964,75.722513,2
KYL,Auto Nagar,Vijayawada,Krishna,Andhra Pradesh,South,16.496713,80.647712,2
LYS,South,Gwalior,Gwalior,Madhya Pradesh,Central,26.202391,78.19139,2
EIC,Central,Jalandhar,Jalandhar,Punjab,North,31.336552,75.574487,2
BSB,East,Durgapur,Paschim Bardhaman,West Bengal,East,23.519797,87.301772,2
BBM,East,Firozabad,Firozabad,Uttar Pradesh,North,27.160032,78.383342,2
KMS,South,Davanagere,Davanagere,Karnataka,South,14.444908,75.920576,2
MNE,Central,Kalyan,Thane,Maharashtra,West,19.256362,73.134435,2
DNE,South,Nashik,Nashik,Maharashtra,West,19.982792,73.798845,2
PZB,South,Dhule,Dhule,Maharashtra,West,20.884639,74.776403,2
PES,Naupada,Thane,Thane,Maharashtra,West,19.223579,72.989661,2
GNY,North,Hisar,Hisar,Haryana,North,29.14965,75.734551,2
MNS,Mansarovar,Jaipur,Jaipur,Rajasthan,North,26.911424,75.805056,2
PET,North,Durgapur,Paschim Bardhaman,West Bengal,East,23.520673,87.32567,2
WAH,North,Firozabad,Firozabad,Uttar Pradesh,North,27.161058,78.410457,2
BKC,East,Dhanbad,Dhanbad,Jharkhand,East,23.788237,86.42524,2
VPG,Central,Ballari,Ballari,Karnataka,South,15.149088,76.921592,2
POO,East,Nadiad,Kheda,Gujarat,West,22.695481,72.85317,2
PKP,Patamata,Vijayawada,Krishna,Andhra Pradesh,South,16.498478,80.665333,2
HWS,Central,Nadiad,Kheda,Gujarat,West,22.706325,72.865086,2
MGS,East,Firozabad,Firozabad,Uttar Pradesh,North,27.159555,78.383805,2
RHO,South,Gorakhpur,Gorakhpur,Uttar Pradesh,North,26.741556,83.371764,2
TPU,South,Durgapur,Paschim Bardhaman,West Bengal,East,23.501047,87.310766,2
YPP,Central,Gangtok,East Sikkim,Sikkim,Northeast,27.351687,88.607136,2
BDD,South,Bidar,Bidar,Karnataka,South,17.893708,77.529471,2
GTN,South,Belgaum,Belgaum,Karnataka,South,15.829991,74.497595,2
YNC,Paltan Bazar,Guwahati,Kamrup Metro,Assam,Northeast,26.153556,91.748238,2
SOC,South,Hisar,Hisar,Haryana,North,29.130657,75.721207,2
MIE,Viman Nagar,Pune,Pune,Maharashtra,West,18.508252,73.865959,2
RMU,East,Anand,Anand,Gujarat,West,22.563002,72.919415,2
VDH,South,Durgapur,Paschim Bardhaman,West Bengal,East,23.502024,87.313058,2
YUI,North,Maheshtala,South 24 Parganas,West Bengal,East,22.512145,88.263497,2
FFD,Beltola,Guwahati,Kamrup Metro,Assam,Northeast,26.138771,91.723077,2
VIR,South,Davanagere,Davanagere,Karnataka,South,14.446499,75.923184,2
MCS,East,Kamarhati,North 24 Parganas,West Bengal,East,22.671996,88.35851,2
GSC,South,Dhule,Dhule,Maharashtra,West,20.884367,74.773565,2
SNO,South,Ahmednagar,Ahmednagar,Maharashtra,West,19.078511,74.748118,2
SRO,North,Kamarhati,North 24 Parganas,West Bengal,East,22.669494,88.383543,2
PHL,South,Jalandhar,Jalandhar,Punjab,North,31.306235,75.575509,2
JSC,Gokulam,Mysuru,Mysuru,Karnataka,South,12.29706,76.655391,2
DVV,Bhavani Road,Erode,Erode,Tamil Nadu,South,11.353183,77.716798,2
MVH,East,Margao,South Goa,Goa,West,15.284571,73.973799,2
SKP,East,Thrissur,Thrissur,Kerala,South,10.526306,76.204338,2
DVB,Alkapuri,Vadodara,Vadodara,Gujarat,West,22.31619,73.181725,2
INX,Central,Gorakhpur,Gorakhpur,Uttar Pradesh,North,26.772826,83.374334,2
HVT,Central,Imphal,Imphal West,Manipur,Northeast,24.826312,93.937897,2
BBN,Katpadi,Vellore,Vellore,Tamil Nadu,South,12.916022,79.122065,2
BPT,South,Ratnagiri,Ratnagiri,Maharashtra,West,16.977585,73.298568,2
XAH,South,Thrissur,Thrissur,Kerala,South,10.511428,76.215138,2
NYP,South,Thrissur,Thrissur,Kerala,South,10.507646,76.215703,2
TRC,Central,Port Blair,Cuddalore,Tamil Nadu,South,11.760156,79.769835,2
CVP,North,Saharanpur,Saharanpur,Uttar Pradesh,North,29.968034,77.568697,2
MIL,East,Mathura,Mathura,Uttar Pradesh,North,27.491924,77.661324,2
TSV,North,Jhansi,Jhansi,Uttar Pradesh,North,25.448461,78.584418,2
XWO,North,Bokaro Steel City,Bokaro,Jharkhand,East,23.670793,86.166097,2
XMZ,Central,Dehradun,Dehradun,Uttarakhand,North,30.326571,78.030201,2
VIN,East,Bareilly,Bareilly,Uttar Pradesh,North,28.368315,79.421155,2
BEQ,South,Kollam,Kollam,Kerala,South,8.876031,76.615726,2
NNK,North,Nellore,Nellore,Andhra Pradesh,South,14.442316,80.001206,2
FHO,East,Tinsukia,Tinsukia,Assam,Northeast,27.489683,95.351732,2
SBC,Central,Itanagar,Papum Pare,Arunachal Pradesh,Northeast,27.114442,93.605666,2
KTT,Central,Bhagalpur,Bhagalpur,Bihar,East,25.252536,86.984097,2
COL,North,Bhuj,Kutch,Gujarat,West,23.25215,69.68454,2
DMA,Geeta Bhawan,Indore,Indore,Madhya Pradesh,Central,22.712315,75.844301,2
NDE,Central,Kakinada,East Godavari,Andhra Pradesh,South,16.999015,82.248029,2
LTA,South,Imphal,Imphal West,Manipur,Northeast,24.797151,93.937784,2
SZA,North,Asansol,Paschim Bardhaman,West Bengal,East,23.673872,86.967872,2
HSP,South,Anantapur,Anantapur,Andhra Pradesh,South,14.664871,77.601589,2
FEC,East,Kadapa,YSR Kadapa,Andhra Pradesh,South,14.468808,78.815026,2
GER,West,Kota,Kota,Rajasthan,North,25.219895,75.85274,2
BSH,East,Karaikudi,Sivaganga,Tamil Nadu,South,10.072516,78.762135,2
YPS,Bhawarkua,Indore,Indore,Madhya Pradesh,Central,22.711225,75.873428,2
PLT,South,Gaya,Gaya,Bihar,East,24.775297,84.999452,2
XIB,Central,Ludhiana,Ludhiana,Punjab,North,30.910896,75.85778,2
GEC,Korlagunta,Tirupati,Chittoor,Andhra Pradesh,South,13.610909,79.420372,2
WDN,South,Kollam,Kollam,Kerala,South,8.875594,76.614536,2
ACT,South,Sambalpur,Sambalpur,Odisha,East,21.447599,83.975239,2
RYC,North,Durgapur,Paschim Bardhaman,West Bengal,East,23.522106,87.328273,2
NBI,Central,Varanasi,Varanasi,Uttar Pradesh,North,25.330181,82.973485,2
RVB,Central,Durgapur,Paschim Bardhaman,West Bengal,East,23.532199,87.31255,2
LTM,Sitabuldi,Nagpur,Nagpur,Maharashtra,West,21.153224,79.102657,2
MPM,North,Durgapur,Paschim Bardhaman,West Bengal,East,23.518744,87.328288,2
SLP,East,Loni,Ghaziabad,Uttar Pradesh,North,28.740038,77.276499,2
NLN,East,Aligarh,Aligarh,Uttar Pradesh,North,27.898523,78.077958,2
PLS,Bhavani Road,Erode,Erode,Tamil Nadu,South,11.353232,77.715761,2
SNS,East,Bhilwara,Bhilwara,Rajasthan,North,25.345675,74.624716,2
PMO,East,Jalandhar,Jalandhar,Punjab,North,31.326345,75.563948,2
RES,South,Karaikudi,Sivaganga,Tamil Nadu,South,10.055147,78.775271,2
PVM,East,Ratnagiri,Ratnagiri,Maharashtra,West,16.994986,73.291199,2
XMN,South,Dhule,Dhule,Maharashtra,West,20.886105,74.774853,2
XBD,Central,Jalandhar,Jalandhar,Punjab,North,31.335691,75.576555,2
POZ,Central,Durgapur,Paschim Bardhaman,West Bengal,East,23.532426,87.313722,2
FGP,Sector 16,Noida,Gautam Buddha Nagar,Uttar Pradesh,North,28.543758,77.377027,2
BSM,Sector 86,Faridabad,Faridabad,Haryana,North,28.403465,77.304728,2
VVS,East,Ballari,Ballari,Karnataka,South,15.138321,76.911401,2
AMG,Central,Sambalpur,Sambalpur,Odisha,East,21.479265,83.977382,2
NDP,Bhavani Road,Erode,Erode,Tamil Nadu,South,11.353246,77.71798,2
TSP,East,Gulbarga,Kalaburagi,Karnataka,South,17.328391,76.8228,2
BUC,Central,Amritsar,Amritsar,Punjab,North,31.64305,74.87321,2
PMF,East,Kohima,Kohima,Nagaland,Northeast,25.676691,94.098666,2
RPM,East,Jamnagar,Jamnagar,Gujarat,West,22.470516,70.045321,2
NSA,East,Firozabad,Firozabad,Uttar Pradesh,North,27.158842,78.384141,2
SXB,Central,Jammu,Jammu,Jammu and Kashmir,North,32.736075,74.85652,2
PPP,North,Dibrugarh,Dibrugarh,Assam,Northeast,27.470858,94.926689,2
XBJ,South,Karaikudi,Sivaganga,Tamil Nadu,South,10.054878,78.773177,2
SRM,East,Panipat,Panipat,Haryana,North,29.390759,76.951443,2
XVE,West,Jodhpur,Jodhpur,Rajasthan,North,26.242579,73.011321,2
JDP,South,Mathura,Mathura,Uttar Pradesh,North,27.474882,77.67183,2
CPD,North,Dibrugarh,Dibrugarh,Assam,Northeast,27.4743,94.927182,2
GPS,MG Road,Gurgaon,Gurugram,Haryana,North,28.448384,77.026217,2
VRY,North,Mysore,Mysuru,Karnataka,South,12.296528,76.65323,2
MMI,Central,Jabalpur,Jabalpur,Madhya Pradesh,Central,23.191714,79.988028,2
CRC,Chandrasekharpur,Bhubaneswar,Khordha,Odisha,East,20.2835,85.822996,2
RNM,North,Hubli,Dharwad,Karnataka,South,15.366138,75.139875,2
XAV,North,Rourkela,Sundargarh,Odisha,East,22.260517,84.866164,2
BZX,Bairagarh,Bhopal,Bhopal,Madhya Pradesh,Central,23.253667,77.398649,2
SWB,East,Guntur,Guntur,Andhra Pradesh,South,16.306695,80.424891,2
PSG,Central,Kota,Kota,Rajasthan,North,25.226559,75.866304,2
VWS,DLF Phase 1,Gurgaon,Gurugram,Haryana,North,28.464854,77.040645,2
SHI,Goripalayam,Madurai,Madurai,Tamil Nadu,South,9.916833,78.13671,2
NUM,Bhavani Road,Erode,Erode,Tamil Nadu,South,11.351515,77.715474,2
PRD,South,Silchar,Cachar,Assam,Northeast,24.813771,92.778536,2
SBI,Malad,Mumbai,Mumbai,Maharashtra,West,19.083802,72.870144,2
GOI,South,Ahmednagar,Ahmednagar,Maharashtra,West,19.076325,74.74646,2
SGE,South,Margao,South Goa,Goa,West,15.265941,73.985691,2
DTI,South,Dehradun,Dehradun,Uttarakhand,North,30.302389,78.042157,2
VDI,Central,Jammu,Jammu,Jammu and Kashmir,North,32.737409,74.858603,2
RAY,Central,Firozabad,Firozabad,Uttar Pradesh,North,27.169644,78.396665,2
NEH,Bhavani Road,Erode,Erode,Tamil Nadu,South,11.350209,77.717975,2
RSK,East,Nadiad,Kheda,Gujarat,West,22.693104,72.85337,2
NVT,South,Moradabad,Moradabad,Uttar Pradesh,North,28.820424,78.777835,2
HNU,North,Durgapur,Paschim Bardhaman,West Bengal,East,23.518722,87.326629,2
YAM,South,Kolhapur,Kolhapur,Maharashtra,West,16.68776,74.245268,2
YMC,East,Kota,Kota,Rajasthan,North,25.206124,75.856664,2
GDF,North,Jhansi,Jhansi,Uttar Pradesh,North,25.447793,78.584256,2
MFD,North,Kohima,Kohima,Nagaland,Northeast,25.676448,94.124761,2
NFP,South,Roorkee,Haridwar,Uttarakhand,North,29.834848,77.886257,2
RTJ,South,Ulhasnagar,Thane,Maharashtra,West,19.205186,73.165018,2
JCD,East,Jhansi,Jhansi,Uttar Pradesh,North,25.449302,78.557322,2
MPC,Central,Satara,Satara,Maharashtra,West,17.690443,74.018213,2
PCX,Varachha,Surat,Surat,Gujarat,West,21.177938,72.816923,2
NKL,South,Mira-Bhayandar,Thane,Maharashtra,West,19.277206,72.855887,2
PDO,East,Kadapa,YSR Kadapa,Andhra Pradesh,South,14.466309,78.814836,2
XMF,Hinoo,Ranchi,Ranchi,Jharkhand,East,23.335392,85.323872,2
UMA,East,Ambattur,Tiruvallur,Tamil Nadu,South,13.098114,80.149945,2
GOP,Benz Circle,Vijayawada,Krishna,Andhra Pradesh,South,16.511587,80.659913,2
CHL,South,Ulhasnagar,Thane,Maharashtra,West,19.202,73.163158,2
GIS,Sohna Road,Gurgaon,Gurugram,Haryana,North,28.468579,77.011912,2
RXC,Khanapara,Guwahati,Kamrup Metro,Assam,Northeast,26.152376,91.720057,2
OLC,South,Junagadh,Junagadh,Gujarat,West,21.504848,70.456798,2
AUN,Hasthampatti,Salem,Salem,Tamil Nadu,South,11.663881,78.158632,2
BWC,AIR Bypass,Tirupati,Chittoor,Andhra Pradesh,South,13.641172,79.419535,2
NWC,South,Ujjain,Ujjain,Madhya Pradesh,Central,23.15707,75.789031,2
PNG,East,Ballari,Ballari,Karnataka,South,15.138454,76.911961,2
BMK,East,Firozabad,Firozabad,Uttar Pradesh,North,27.160038,78.384535,2
PBP,Paltan Bazar,Guwahati,Kamrup Metro,Assam,Northeast,26.151777,91.746873,2
XBF,South,Korba,Korba,Chhattisgarh,Central,22.340536,82.749907,2
QSM,Central,Rourkela,Sundargarh,Odisha,East,22.270647,84.853793,2
BAM,Central,Tinsukia,Tinsukia,Assam,Northeast,27.497572,95.359244,2
KOH,Central,Ludhiana,Ludhiana,Punjab,North,30.91082,75.858689,2
SBL,South,Solapur,Solapur,Maharashtra,West,17.642536,75.905994,2
CRP,North,Moradabad,Moradabad,Uttar Pradesh,North,28.840266,78.79285,2
LPS,Central,Itanagar,Papum Pare,Arunachal Pradesh,Northeast,27.111495,93.604243,2
XKB,South,Kalyan,Thane,Maharashtra,West,19.230384,73.147703,2
MRN,North,Agartala,West Tripura,Tripura,Northeast,23.831036,91.302362,2
KPF,South,Kakinada,East Godavari,Andhra Pradesh,South,16.970649,82.247857,2
SBK,South,Bhilai,Durg,Chhattisgarh,Central,21.177799,81.350641,2
AWE,Khanapara,Guwahati,Kamrup Metro,Assam,Northeast,26.154841,91.719745,2
PZS,South,Kakinada,East Godavari,Andhra Pradesh,South,16.972798,82.24766,2
WNS,Borivali,Mumbai,Mumbai,Maharashtra,West,19.059828,72.876064,2
NRK,Central,Avadi,Tiruvallur,Tamil Nadu,South,13.127087,80.109695,2
PTZ,South,Thrissur,Thrissur,Kerala,South,10.509057,76.215916,2
PMH,East,Rourkela,Sundargarh,Odisha,East,22.261228,84.842672,2
GFH,East,Warangal,Warangal Urban,Telangana,South,17.969095,79.583464,2
WGP,Central,Akbarpur,Ambedkar Nagar,Uttar Pradesh,North,26.44002,82.538818,2
XPE,Central,Jalgaon,Jalgaon,Maharashtra,West,21.016843,75.564246,2
DEE,Fort Kochi,Kochi,Ernakulam,Kerala,South,9.939215,76.281373,2
BHO,Sahibabad,Ghaziabad,Ghaziabad,Uttar Pradesh,North,28.662304,77.439754,2
AFP,Patamata,Vijayawada,Krishna,Andhra Pradesh,South,16.495472,80.664823,2
NBG,North,Ajmer,Ajmer,Rajasthan,North,26.449773,74.655422,2
ABY,Peelamedu,Coimbatore,Coimbatore,Tamil Nadu,South,11.009623,76.97322,2
NVX,Central,Anand,Anand,Gujarat,West,22.57714,72.926988,2
JPT,North,Howrah,Howrah,West Bengal,East,22.601153,88.277301,2
IWA,South,Gulbarga,Kalaburagi,Karnataka,South,17.310443,76.835095,2
ARW,Central,Yamunanagar,Yamunanagar,Haryana,North,30.140982,77.266289,2
UNT,North,Gwalior,Gwalior,Madhya Pradesh,Central,26.223392,78.195493,2
MPN,East,Loni,Ghaziabad,Uttar Pradesh,North,28.738934,77.28016,2
DJE,Central,Hisar,Hisar,Haryana,North,29.158023,75.720178,2
DJT,East,Loni,Ghaziabad,Uttar Pradesh,North,28.738456,77.277023,2
KSS,North,Kadapa,YSR Kadapa,Andhra Pradesh,South,14.468549,78.837394,2
FSD,South,Karnal,Karnal,Haryana,North,29.668915,76.990747,2
POY,Kongu Nagar,Tiruppur,Tiruppur,Tamil Nadu,South,11.091373,77.343018,2
WLN,Bondel,Mangalore,Dakshina Kannada,Karnataka,South,12.908137,74.845217,2
EML,East,Rajahmundry,East Godavari,Andhra Pradesh,South,17.000613,81.791546,2
ICA,North,Guntur,Guntur,Andhra Pradesh,South,16.308152,80.450166,2
RGI,North,Loni,Ghaziabad,Uttar Pradesh,North,28.73967,77.305282,2
DDZ,East,Shillong,East Khasi Hills,Meghalaya,Northeast,25.579077,91.882357,2
DNB,East,Shahjahanpur,Shahjahanpur,Uttar Pradesh,North,27.879413,79.897653,2
AAT,North,Rohtak,Rohtak,Haryana,North,28.894263,76.621862,2
SMV,East,Meerut,Meerut,Uttar Pradesh,North,28.974384,77.699331,2
NBF,Central,Ujjain,Ujjain,Madhya Pradesh,Central,23.185436,75.789364,2
LCV,South,Jalandhar,Jalandhar,Punjab,North,31.30643,75.575113,2
NDO,Bryant Nagar,Thoothukudi,Thoothukudi,Tamil Nadu,South,8.747777,78.134034,2
HDE,North,Jhansi,Jhansi,Uttar Pradesh,North,25.448538,78.584462,2
MCK,East,Agra,Agra,Uttar Pradesh,North,27.169601,78.000896,2
XIJ,Millerpuram,Thoothukudi,Thoothukudi,Tamil Nadu,South,8.765899,78.124277,2
LUP,Central,Bareilly,Bareilly,Uttar Pradesh,North,28.378206,79.432315,2
BHU,Central,Satara,Satara,Maharashtra,West,17.691074,74.017767,2
SLN,East,Bilaspur,Bilaspur,Chhattisgarh,Central,22.080452,82.126341,2
AKO,Central,Agartala,West Tripura,Tripura,Northeast,23.841148,91.286008,2
BSL,East,Jamshedpur,East Singhbhum,Jharkhand,East,22.794732,86.196185,2
STL,South,Gangtok,East Sikkim,Sikkim,Northeast,27.319765,88.605497,2
BBS,Central,Nadiad,Kheda,Gujarat,West,22.704609,72.862064,2
APO,Central,Bhilai,Durg,Chhattisgarh,Central,21.206597,81.351327,2
HOE,NIT,Faridabad,Faridabad,Haryana,North,28.421562,77.318088,2
VCT,East,Dhanbad,Dhanbad,Jharkhand,East,23.786684,86.424086,2
ENT,South,Solapur,Solapur,Maharashtra,West,17.643892,75.906187,2
GDP,North,Loni,Ghaziabad,Uttar Pradesh,North,28.739663,77.304165,2
WTT,South,Mathura,Mathura,Uttar Pradesh,North,27.472445,77.673498,2
BIT,Gokulam,Mysuru,Mysuru,Karnataka,South,12.295702,76.655748,2
KGS,East,Korba,Korba,Chhattisgarh,Central,22.357868,82.738384,2
SLS,Six Mile,Guwahati,Kamrup Metro,Assam,Northeast,26.135102,91.737876,2
NGH,Central,Gulbarga,Kalaburagi,Karnataka,South,17.341952,76.832589,2
DSJ,GS Road,Guwahati,Kamrup Metro,Assam,Northeast,26.13639,91.751226,2
BHA,Central,Durgapur,Paschim Bardhaman,West Bengal,East,23.531092,87.311805,2
RFS,West,Ludhiana,Ludhiana,Punjab,North,30.905227,75.844834,2
DSL,Bondel,Mangalore,Dakshina Kannada,Karnataka,South,12.908281,74.844478,2
PGC,South,Jalandhar,Jalandhar,Punjab,North,31.309634,75.575327,2
VAT,East,Jalandhar,Jalandhar,Punjab,North,31.324265,75.564814,2
AXT,East,Loni,Ghaziabad,Uttar Pradesh,North,28.742165,77.279272,2
NAQ,Sathuvachari,Vellore,Vellore,Tamil Nadu,South,12.929268,79.132991,2
XEX,Rajwada,Indore,Indore,Madhya Pradesh,Central,22.710528,75.856191,2
NSV,East,Kolhapur,Kolhapur,Maharashtra,West,16.706109,74.23182,2
VWA,Central,Loni,Ghaziabad,Uttar Pradesh,North,28.752062,77.287161,2
LUD,East,Durgapur,Paschim Bardhaman,West Bengal,East,23.519019,87.301696,2
TOT,Avinashi Road,Tiruppur,Tiruppur,Tamil Nadu,South,11.118128,77.34262,2
XKM,East,Maheshtala,South 24 Parganas,West Bengal,East,22.511337,88.235755,2
NMM,East,Dhule,Dhule,Maharashtra,West,20.903906,74.76317,2
LAY,North,Jhansi,Jhansi,Uttar Pradesh,North,25.44686,78.584675,2
BFE,Central,Bilaspur,Bilaspur,Chhattisgarh,Central,22.088553,82.137855,2
IXD,East,Jalandhar,Jalandhar,Punjab,North,31.326155,75.564755,2
SIO,North,Maheshtala,South 24 Parganas,West Bengal,East,22.510673,88.260905,2
TSB,North,Durgapur,Paschim Bardhaman,West Bengal,East,23.520668,87.326423,2
DIO,West,Raipur,Raipur,Chhattisgarh,Central,21.255024,81.615259,2
OSA,North,Anand,Anand,Gujarat,West,22.565909,72.945134,2
TWV,Mangalam Road,Tiruppur,Tiruppur,Tamil Nadu,South,11.108676,77.353593,2
NGT,West,Gwalior,Gwalior,Madhya Pradesh,Central,26.223923,78.169237,2
HON,East,Shillong,East Khasi Hills,Meghalaya,Northeast,25.579072,91.883,2
FOV,South,Aligarh,Aligarh,Uttar Pradesh,North,27.879129,78.089826,2
GMP,South,Kamarhati,North 24 Parganas,West Bengal,East,22.650171,88.370541,2
SKU,Central,Durgapur,Paschim Bardhaman,West Bengal,East,23.530934,87.31374,2
GTW,Central,Thrissur,Thrissur,Kerala,South,10.539536,76.214885,2
KCD,North,Dibrugarh,Dibrugarh,Assam,Northeast,27.474394,94.926632,2
SMC,Ganapathy,Coimbatore,Coimbatore,Tamil Nadu,South,11.025244,76.94158,2
LNP,Ballabgarh,Faridabad,Faridabad,Haryana,North,28.397379,77.317641,2
TUB,Central,Gorakhpur,Gorakhpur,Uttar Pradesh,North,26.772984,83.373978,2
ZSA,Central,Aizawl,Aizawl,Mizoram,Northeast,23.736988,92.718038,2
SDB,South,Satara,Satara,Maharashtra,West,17.660883,74.018482,2
FVM,East,Karnal,Karnal,Haryana,North,29.68381,76.977812,2
RSR,South,Durgapur,Paschim Bardhaman,West Bengal,East,23.501633,87.311134,2
MSD,South,Bilaspur,Bilaspur,Chhattisgarh,Central,22.059898,82.14024,2
ION,Central,Akola,Akola,Maharashtra,West,20.712206,77.007493,2
VIE,Central,Margao,South Goa,Goa,West,15.295989,73.985274,2
DTD,East,Dhule,Dhule,Maharashtra,West,20.903651,74.763809,2
OFF,Greater Faridabad,Faridabad,Faridabad,Haryana,North,28.419339,77.303279,2
KSA,Kolar,Bhopal,Bhopal,Madhya Pradesh,Central,23.269259,77.398923,2
SUE,South,Ambattur,Tiruvallur,Tamil Nadu,South,13.081023,80.162401,2
VRK,Belapur,Navi Mumbai,Thane,Maharashtra,West,19.038552,73.043925,2
BKG,South,Loni,Ghaziabad,Uttar Pradesh,North,28.723582,77.290788,2
SMB,Central,Durgapur,Paschim Bardhaman,West Bengal,East,23.530638,87.312481,2
AMK,North,Mathura,Mathura,Uttar Pradesh,North,27.493777,77.689506,2
QSA,South,Durgapur,Paschim Bardhaman,West Bengal,East,23.501676,87.311129,2
LET,Koregaon Park,Pune,Pune,Maharashtra,West,18.529689,73.855877,2
VKP,Hinoo,Ranchi,Ranchi,Jharkhand,East,23.337052,85.32617,2
EMS,Sabarmati,Ahmedabad,Ahmedabad,Gujarat,West,23.014705,72.566446,2
WIK,South,Rourkela,Sundargarh,Odisha,East,22.240779,84.853644,2
OAB,North,Satara,Satara,Maharashtra,West,17.680574,74.032758,2
SWA,North,Gandhinagar,Gandhinagar,Gujarat,West,23.220148,72.649582,2
NNE,North,Silchar,Cachar,Assam,Northeast,24.83194,92.792946,2
PSZ,North,Bokaro Steel City,Bokaro,Jharkhand,East,23.670103,86.165493,2
SDP,Town,Tirunelveli,Tirunelveli,Tamil Nadu,South,8.725788,77.756646,2
ADA,East,Ajmer,Ajmer,Rajasthan,North,26.450861,74.63007,2
SNA,South,Durgapur,Paschim Bardhaman,West Bengal,East,23.503663,87.313519,2
DJU,North,Loni,Ghaziabad,Uttar Pradesh,North,28.740639,77.302363,2
XDR,Periya Semur,Erode,Erode,Tamil Nadu,South,11.341723,77.730296,2
DNM,VV Mohalla,Mysuru,Mysuru,Karnataka,South,12.306368,76.637814,2
TDD,Bhawarkua,Indore,Indore,Madhya Pradesh,Central,22.710516,75.872096,2
UMO,Central,Gulbarga,Kalaburagi,Karnataka,South,17.33979,76.832906,2
LIS,Central,Firozabad,Firozabad,Uttar Pradesh,North,27.170521,78.397604,2
VMS,East,Durgapur,Paschim Bardhaman,West Bengal,East,23.520299,87.302397,2
MMB,South,Saharanpur,Saharanpur,Uttar Pradesh,North,29.950346,77.557155,2
AUB,Ghodbunder Road,Thane,Thane,Maharashtra,West,19.227182,72.977594,2
ONS,East,Junagadh,Junagadh,Gujarat,West,21.522958,70.447552,2
TPL,North,Bikaner,Bikaner,Rajasthan,North,28.023438,73.32596,2
DJJ,North,Roorkee,Haridwar,Uttarakhand,North,29.853749,77.904171,2
SGM,Central,Davanagere,Davanagere,Karnataka,South,14.47438,75.92063,2
SPE,Officer's Line,Vellore,Vellore,Tamil Nadu,South,12.896681,79.13237,2
MCM,East,Tiruvottiyur,Tiruvallur,Tamil Nadu,South,13.163275,80.290068,2
MCP,East,Kalyan,Thane,Maharashtra,West,19.23377,73.12988,2
PVO,East,Gangtok,East Sikkim,Sikkim,Northeast,27.33997,88.595796,2
NXY,South,Thrissur,Thrissur,Kerala,South,10.510168,76.213647,2
YCS,South,Kollam,Kollam,Kerala,South,8.875136,76.615179,2
SEF,South,Kollam,Kollam,Kerala,South,8.873819,76.613384,2
ABG,South,Aizawl,Aizawl,Mizoram,Northeast,23.707392,92.718101,2
PLB,East,Durgapur,Paschim Bardhaman,West Bengal,East,23.521129,87.299989,2
SBJ,Central,Kollam,Kollam,Kerala,South,8.903267,76.615176,2
PGB,North,Muzaffarpur,Muzaffarpur,Bihar,East,26.120121,85.377736,2
MML,South,Bhagalpur,Bhagalpur,Bihar,East,25.223733,86.983025,2
ENK,North,Jhansi,Jhansi,Uttar Pradesh,North,25.44698,78.582835,2
SVH,North,Gwalior,Gwalior,Madhya Pradesh,Central,26.221706,78.195561,2
TCM,Saraswathipuram,Mysuru,Mysuru,Karnataka,South,12.294694,76.629335,2
MRC,North,Durgapur,Paschim Bardhaman,West Bengal,East,23.5212,87.326199,2
PPH,North,Jhansi,Jhansi,Uttar Pradesh,North,25.448674,78.581568,2
WTE,South,Bidar,Bidar,Karnataka,South,17.896819,77.530012,2
VLD,East,Allahabad,Prayagraj,Uttar Pradesh,North,25.42678,81.840754,2
DMF,East,Kohima,Kohima,Nagaland,Northeast,25.67422,94.09789,2
ETN,East,Maheshtala,South 24 Parganas,West Bengal,East,22.509866,88.237171,2
DDP,Central,Agartala,West Tripura,Tripura,Northeast,23.840503,91.285517,2
XHP,North,Tiruvottiyur,Tiruvallur,Tamil Nadu,South,13.164047,80.318222,2
XLE,MVP Colony,Visakhapatnam,Visakhapatnam,Andhra Pradesh,South,17.696922,83.216673,2
ONE,Argora,Ranchi,Ranchi,Jharkhand,East,23.354109,85.292878,2
XVH,Vashi,Navi Mumbai,Thane,Maharashtra,West,19.042974,73.029235,2
UDS,South,Kolhapur,Kolhapur,Maharashtra,West,16.686516,74.244159,2
SUG,South,Durgapur,Paschim Bardhaman,West Bengal,East,23.500756,87.312543,2
NGK,East,Rajahmundry,East Godavari,Andhra Pradesh,South,17.00241,81.79411,2
TDR,East,Mysore,Mysuru,Karnataka,South,12.297154,76.629204,2
HGQ,East,Varanasi,Varanasi,Uttar Pradesh,North,25.31033,82.965831,2
VIA,North,Jamnagar,Jamnagar,Gujarat,West,22.470353,70.071413,2
DJO,Central,Srinagar,Srinagar,Jammu and Kashmir,North,34.093238,74.798379,2
MFU,Central,Anantapur,Anantapur,Andhra Pradesh,South,14.692799,77.60244,2
RBL,East,Amritsar,Amritsar,Punjab,North,31.623781,74.866688,2
UMZ,Bandra,Mumbai,Mumbai,Maharashtra,West,19.085531,72.878031,2
KAE,North,Ambala,Ambala,Haryana,North,30.377194,76.791065,2
WMC,West,Jodhpur,Jodhpur,Rajasthan,North,26.242,73.012199,2
UNN,Central,Malegaon,Nashik,Maharashtra,West,20.568475,74.527923,2
TAP,Central,Gandhinagar,Gandhinagar,Gujarat,West,23.227788,72.637536,2
CMX,Central,Solapur,Solapur,Maharashtra,West,17.6724,75.906728,2
MLS,South,Dhule,Dhule,Maharashtra,West,20.88596,74.774617,2
CWD,South,Solapur,Solapur,Maharashtra,West,17.641856,75.905136,2
BOD,Central,Dibrugarh,Dibrugarh,Assam,Northeast,27.485567,94.910193,2
BUM,North,Nashik,Nashik,Maharashtra,West,20.001236,73.802236,2
PPZ,North,Udaipur,Udaipur,Rajasthan,North,24.584739,73.727397,2
SAA,Auto Nagar,Vijayawada,Krishna,Andhra Pradesh,South,16.497236,80.648356,2
KGM,Central,Ujjain,Ujjain,Madhya Pradesh,Central,23.185334,75.790194,2
LRT,Central,Aligarh,Aligarh,Uttar Pradesh,North,27.906511,78.088791,2
AMJ,Central,Anantapur,Anantapur,Andhra Pradesh,South,14.690791,77.599837,2
DVM,North,Belgaum,Belgaum,Karnataka,South,15.850705,74.511823,2
TRW,North,Rourkela,Sundargarh,Odisha,East,22.260537,84.866364,2
XHY,Central,Meerut,Meerut,Uttar Pradesh,North,28.996955,77.707222,2
SZT,Nerul,Navi Mumbai,Thane,Maharashtra,West,19.022301,73.045754,2
MJA,Central,Hubli,Dharwad,Karnataka,South,15.374703,75.123099,2
MJR,North,Allahabad,Prayagraj,Uttar Pradesh,North,25.442077,81.86055,2
TIS,Central,Bhiwandi,Thane,Maharashtra,West,19.312527,73.064752,2
WRS,South,Thrissur,Thrissur,Kerala,South,10.508769,76.215585,2
PUP,Central,Meerut,Meerut,Uttar Pradesh,North,28.995199,77.705591,2
MFC,Vaishali Nagar,Jaipur,Jaipur,Rajasthan,North,26.904711,75.793364,2
PEK,East,Rohtak,Rohtak,Haryana,North,28.895292,76.594254,2
CRJ,East,Anantapur,Anantapur,Andhra Pradesh,South,14.682507,77.591793,2
KYS,Sector 56,Gurgaon,Gurugram,Haryana,North,28.45033,77.042249,2
PHU,North,Moradabad,Moradabad,Uttar Pradesh,North,28.838127,78.792933,2
WTC,Vijayanagar,Mysuru,Mysuru,Karnataka,South,12.279049,76.638771,2
MKB,Central,Agartala,West Tripura,Tripura,Northeast,23.84079,91.288792,2
HBD,South,Agartala,West Tripura,Tripura,Northeast,23.813911,91.288149,2
SPJ,South,Asansol,Paschim Bardhaman,West Bengal,East,23.653949,86.950687,2
PGG,South,Mathura,Mathura,Uttar Pradesh,North,27.47597,77.674959,2
LOO,North,Bareilly,Bareilly,Uttar Pradesh,North,28.366688,79.443345,2
YSN,Central,Jalgaon,Jalgaon,Maharashtra,West,21.017522,75.56279,2
WTA,Central,Mysore,Mysuru,Karnataka,South,12.307985,76.638032,2
TNW,East,Dehradun,Dehradun,Uttarakhand,North,30.309429,78.026236,2
BHT,Central,Durgapur,Paschim Bardhaman,West Bengal,East,23.532668,87.312613,2
BRK,North,Muzaffarpur,Muzaffarpur,Bihar,East,26.12277,85.378684,2
VHC,Old Town,Bhubaneswar,Khordha,Odisha,East,20.28763,85.812794,2
IXS,North,Udaipur,Udaipur,Rajasthan,North,24.585862,73.728669,2
BOO,North,Puducherry,Puducherry,Puducherry,South,11.942251,79.821723,2
NTR,South,Jalgaon,Jalgaon,Maharashtra,West,20.988287,75.563076,2
WBM,Avinashi Road,Tiruppur,Tiruppur,Tamil Nadu,South,11.119448,77.341467,2
ENO,GS Road,Guwahati,Kamrup Metro,Assam,Northeast,26.134511,91.750734,2
MQA,South,Bathinda,Bathinda,Punjab,North,30.193149,74.946153,2
LVS,South,Durgapur,Paschim Bardhaman,West Bengal,East,23.500453,87.311358,2
ZNB,East,Mathura,Mathura,Uttar Pradesh,North,27.492479,77.66154,2
SMO,Katpadi,Vellore,Vellore,Tamil Nadu,South,12.914951,79.119828,2
WBN,Central,Mathura,Mathura,Uttar Pradesh,North,27.502219,77.671869,2
PLP,MVP Colony,Visakhapatnam,Visakhapatnam,Andhra Pradesh,South,17.697133,83.216834,2
NXM,South,Mathura,Mathura,Uttar Pradesh,North,27.47576,77.6717,2
DOF,East,Latur,Latur,Maharashtra,West,18.407846,76.550893,2
MXP,Central,Durgapur,Paschim Bardhaman,West Bengal,East,23.52921,87.310469,2
NMT,Central,Bhilai,Durg,Chhattisgarh,Central,21.205375,81.352222,2
TFM,Tiruchanoor Road,Tirupati,Chittoor,Andhra Pradesh,South,13.629083,79.40842,2
NDM,Hinoo,Ranchi,Ranchi,Jharkhand,East,23.334949,85.324355,2
VPS,East,Agartala,West Tripura,Tripura,Northeast,23.829699,91.274672,2
MCQ,Benz Circle,Vijayawada,Krishna,Andhra Pradesh,South,16.514353,80.661595,2
YKS,Katpadi,Vellore,Vellore,Tamil Nadu,South,12.916026,79.12354,2
MOS,Central,Akola,Akola,Maharashtra,West,20.710409,77.006794,2
KHU,North,Aizawl,Aizawl,Mizoram,Northeast,23.726819,92.731798,2
XNS,East,Rourkela,Sundargarh,Odisha,East,22.260381,84.841807,2
EKS,Central,Mathura,Mathura,Uttar Pradesh,North,27.504064,77.674601,2
PCI,North,Durgapur,Paschim Bardhaman,West Bengal,East,23.519961,87.325238,2
ZRN,East,Kohima,Kohima,Nagaland,Northeast,25.674731,94.097087,2
MVV,East,Satara,Satara,Maharashtra,West,17.679952,74.005784,2
PRI,East,Malegaon,Nashik,Maharashtra,West,20.556991,74.517854,2
BTZ,North,Rohtak,Rohtak,Haryana,North,28.893938,76.620445,2
XEP,East,Dhule,Dhule,Maharashtra,West,20.905556,74.763917,2
NDZ,North,Nellore,Nellore,Andhra Pradesh,South,14.442246,79.999471,2
JOS,South,Jalandhar,Jalandhar,Punjab,North,31.309848,75.577567,2
SZE,Central,Gandhinagar,Gandhinagar,Gujarat,West,23.22625,72.636903,2
PWJ,Central,Bhilai,Durg,Chhattisgarh,Central,21.203099,81.351242,2
GPA,East,Anand,Anand,Gujarat,West,22.565757,72.919576,2
CHB,Vinayaka Nagar,Tirupati,Chittoor,Andhra Pradesh,South,13.627265,79.43273,2
SIW,Sector 21,Faridabad,Faridabad,Haryana,North,28.415189,77.32874,2
MCL,Sathuvachari,Vellore,Vellore,Tamil Nadu,South,12.928539,79.133553,2
RTI,Central,Dibrugarh,Dibrugarh,Assam,Northeast,27.481676,94.910032,2
PBA,Lalpur,Ranchi,Ranchi,Jharkhand,East,23.354022,85.309984,2
TBP,Central,Imphal,Imphal West,Manipur,Northeast,24.828741,93.936123,2
EAS,South,Yamunanagar,Yamunanagar,Haryana,North,30.109532,77.2666,2
DPH,East,Ambala,Ambala,Haryana,North,30.378169,76.765286,2
VNZ,Central,Loni,Ghaziabad,Uttar Pradesh,North,28.750432,77.290955,2
LIC,North,Aligarh,Aligarh,Uttar Pradesh,North,27.896948,78.103396,2
FCS,Greater Noida,Noida,Gautam Buddha Nagar,Uttar Pradesh,North,28.52744,77.406304,2
EAN,North,Durgapur,Paschim Bardhaman,West Bengal,East,23.519112,87.328258,2
KHO,Bejai,Mangalore,Dakshina Kannada,Karnataka,South,12.90341,74.872295,2
GKS,South,Durgapur,Paschim Bardhaman,West Bengal,East,23.501014,87.312424,2
FNG,Pearl City,Thoothukudi,Thoothukudi,Tamil Nadu,South,8.776175,78.133241,2
IMH,North,Korba,Korba,Chhattisgarh,Central,22.360454,82.764803,2
NAI,South,Cuttack,Cuttack,Odisha,East,20.444129,85.881866,2
NPG,Vesu,Surat,Surat,Gujarat,West,21.176821,72.845083,2
DEH,South,Rajkot,Rajkot,Gujarat,West,22.288276,70.811983,2
NEQ,South,Ujjain,Ujjain,Madhya Pradesh,Central,23.157594,75.786535,2
HSB,South,Dhule,Dhule,Maharashtra,West,20.88585,74.775537,2
CBN,Central,Anand,Anand,Gujarat,West,22.575264,72.93038,2
SWO,East,Ambattur,Tiruvallur,Tamil Nadu,South,13.099187,80.151467,2
SAT,East,Ujjain,Ujjain,Madhya Pradesh,Central,23.17723,75.779023,2
STQ,East,Kalyan,Thane,Maharashtra,West,19.236171,73.127201,2
RDN,Central,Akbarpur,Ambedkar Nagar,Uttar Pradesh,North,26.440251,82.538483,2
FKB,Gajuwaka,Visakhapatnam,Visakhapatnam,Andhra Pradesh,South,17.675692,83.219114,2
SXA,North,Bhagalpur,Bhagalpur,Bihar,East,25.240804,86.999447,2
PKB,Kanke,Ranchi,Ranchi,Jharkhand,East,23.332942,85.310504,2
BLO,North,Ambattur,Tiruvallur,Tamil Nadu,South,13.098131,80.174843,2
SFR,South,Guntur,Guntur,Andhra Pradesh,South,16.289579,80.434552,2
XSU,East,Anand,Anand,Gujarat,West,22.564331,72.91927,2
COI,East,Agra,Agra,Uttar Pradesh,North,27.168813,77.999786,2
PCL,South,Ajmer,Ajmer,Rajasthan,North,26.430106,74.637945,2
XNW,South,Kamarhati,North 24 Parganas,West Bengal,East,22.653411,88.368866,2
POW,Central,Bhilwara,Bhilwara,Rajasthan,North,25.357201,74.634444,2
TPT,Central,Kamarhati,North 24 Parganas,West Bengal,East,22.68265,88.371154,2
BDO,South,Jhansi,Jhansi,Uttar Pradesh,North,25.429737,78.566745,2
ROG,North,Jamnagar,Jamnagar,Gujarat,West,22.470019,70.07092,2
DWS,South,Raipur,Raipur,Chhattisgarh,Central,21.235646,81.642029,2
WLP,RS Puram,Coimbatore,Coimbatore,Tamil Nadu,South,11.029077,76.9577,2
DTT,East,Asansol,Paschim Bardhaman,West Bengal,East,23.672412,86.942837,2
CCN,South,Brahmapur,Ganjam,Odisha,East,19.295512,84.794533,2
QLI,Chithode,Erode,Erode,Tamil Nadu,South,11.324133,77.718518,2
BTS,Central,Tinsukia,Tinsukia,Assam,Northeast,27.49874,95.359699,2
LLZ,East,Ulhasnagar,Thane,Maharashtra,West,19.222441,73.155646,2
VHE,North,Loni,Ghaziabad,Uttar Pradesh,North,28.738678,77.301709,2
XJS,Central,Dhule,Dhule,Maharashtra,West,20.916609,74.774668,2
QKF,South,Kalyan,Thane,Maharashtra,West,19.230951,73.145667,2
NMU,Central,Ahmednagar,Ahmednagar,Maharashtra,West,19.106008,74.749777,2
NXF,Sector 17,Chandigarh,Chandigarh,Chandigarh,North,30.74347,76.779407,2
MHN,Central,Durgapur,Paschim Bardhaman,West Bengal,East,23.532722,87.312139,2
YES,East,Dhule,Dhule,Maharashtra,West,20.902437,74.763255,2
STX,North,Jalgaon,Jalgaon,Maharashtra,West,21.009049,75.5775,2
ITV,East,Shahjahanpur,Shahjahanpur,Uttar Pradesh,North,27.8793,79.897978,2
ZAP,North,Bidar,Bidar,Karnataka,South,17.914038,77.546173,2
HHX,Central,Panaji,North Goa,Goa,West,15.500797,73.826929,2
APZ,East,Margao,South Goa,Goa,West,15.284414,73.976806,2
QPA,Bejai,Mangalore,Dakshina Kannada,Karnataka,South,12.904982,74.872616,2
DTV,Nerul,Navi Mumbai,Thane,Maharashtra,West,19.022181,73.046164,2
XNG,North,Panipat,Panipat,Haryana,North,29.390145,76.97956,2
CLW,Central,Bidar,Bidar,Karnataka,South,17.924186,77.5298,2
MDP,South,Jalandhar,Jalandhar,Punjab,North,31.306462,75.575026,2
LAC,East,Bhiwandi,Thane,Maharashtra,West,19.300486,73.05258,2
SOB,South,Davanagere,Davanagere,Karnataka,South,14.448313,75.919886,2
BGN,East,Kollam,Kollam,Kerala,South,8.893877,76.602691,2
UPP,East,Nashik,Nashik,Maharashtra,West,19.990693,73.784667,2
KNN,North,Saharanpur,Saharanpur,Uttar Pradesh,North,29.968103,77.569816,2
XFP,South,Bhagalpur,Bhagalpur,Bihar,East,25.222578,86.985613,2
HSM,West,Kalyan,Thane,Maharashtra,West,19.247941,73.12375,2
NAL,South,Agartala,West Tripura,Tripura,Northeast,23.812885,91.288061,2
CRO,North,Port Blair,Cuddalore,Tamil Nadu,South,11.747475,79.787031,2
MBD,North,Kurnool,Kurnool,Andhra Pradesh,South,15.829099,78.051163,2
NIS,North,Rourkela,Sundargarh,Odisha,East,22.262059,84.868349,2
BNM,South,Gulbarga,Kalaburagi,Karnataka,South,17.313209,76.832675,2
SXS,Central,Anantapur,Anantapur,Andhra Pradesh,South,14.691833,77.600194,2
ASM,South,Loni,Ghaziabad,Uttar Pradesh,North,28.723534,77.290055,2
XHG,GS Road,Guwahati,Kamrup Metro,Assam,Northeast,26.1349,91.753457,2
XMR,East,Durgapur,Paschim Bardhaman,West Bengal,East,23.518419,87.303089,2
MFA,North,Kohima,Kohima,Nagaland,Northeast,25.67594,94.121026,2
REW,Central,Nadiad,Kheda,Gujarat,West,22.703975,72.86482,2
ZYX,Central,Hubli,Dharwad,Karnataka,South,15.374654,75.122313,2
UBA,South,Dharamshala,Kangra,Himachal Pradesh,North,32.199655,76.321815,2
FCM,East,Dharamshala,Kangra,Himachal Pradesh,North,32.218482,76.312217,2
XVO,Civil Lines,Nagpur,Nagpur,Maharashtra,West,21.136847,79.104614,2
EGS,North,Pathankot,Pathankot,Punjab,North,32.274694,75.665595,2
STS,DLF Phase 1,Gurgaon,Gurugram,Haryana,North,28.466358,77.037642,2
PPA,East,Tiruvottiyur,Tiruvallur,Tamil Nadu,South,13.163957,80.289256,2
ABU,South,Kohima,Kohima,Nagaland,Northeast,25.655536,94.109595,2
DPR,East,Tiruvottiyur,Tiruvallur,Tamil Nadu,South,13.163107,80.292717,2
LGT,South,Ambattur,Tiruvallur,Tamil Nadu,South,13.078512,80.161847,2
DSS,North,Ballari,Ballari,Karnataka,South,15.137433,76.935844,2
ANP,Central,Jalandhar,Jalandhar,Punjab,North,31.338334,75.575314,2
SSD,East,Jalandhar,Jalandhar,Punjab,North,31.325093,75.566762,2
ARR,East,Margao,South Goa,Goa,West,15.282465,73.974029,2
BIM,Hinoo,Ranchi,Ranchi,Jharkhand,East,23.334349,85.325306,2
AGG,Arera Colony,Bhopal,Bhopal,Madhya Pradesh,Central,23.267619,77.423708,2
NWF,Kankarbagh,Patna,Patna,Bihar,East,25.58588,85.153058,2
BXB,Central,Durgapur,Paschim Bardhaman,West Bengal,East,23.532489,87.312123,2
KSQ,North,Puducherry,Puducherry,Puducherry,South,11.942928,79.821473,2
WTS,Beach Road,Thoothukudi,Thoothukudi,Tamil Nadu,South,8.764517,78.150143,2
PVH,North,Kohima,Kohima,Nagaland,Northeast,25.67423,94.123001,2
SPY,Crawford,Tiruchirappalli,Tiruchirappalli,Tamil Nadu,South,10.791628,78.693018,2
AMI,North,Mira-Bhayandar,Thane,Maharashtra,West,19.29424,72.869774,2
EHE,South,Jodhpur,Jodhpur,Rajasthan,North,26.222745,73.033908,2
PPQ,North,Mathura,Mathura,Uttar Pradesh,North,27.490989,77.686124,2
MCV,Gajuwaka,Visakhapatnam,Visakhapatnam,Andhra Pradesh,South,17.677884,83.218773,2
MNO,Central,Bhilai,Durg,Chhattisgarh,Central,21.203416,81.350504,2
BHF,East,Bokaro Steel City,Bokaro,Jharkhand,East,23.671261,86.138989,2
QBA,East,Agartala,West Tripura,Tripura,Northeast,23.830684,91.275515,2
TDB,Central,Davanagere,Davanagere,Karnataka,South,14.475213,75.92064,2
PFH,North,Anantapur,Anantapur,Andhra Pradesh,South,14.683204,77.615693,2
HYH,Central,Agartala,West Tripura,Tripura,Northeast,23.840622,91.288768,2
BKA,East,Durgapur,Paschim Bardhaman,West Bengal,East,23.521389,87.302646,2
FST,Benz Circle,Vijayawada,Krishna,Andhra Pradesh,South,16.514817,80.658809,2
ARM,Central,Durgapur,Paschim Bardhaman,West Bengal,East,23.530168,87.310835,2
NDT,West,Jamshedpur,East Singhbhum,Jharkhand,East,22.808683,86.189517,2
LRD,Central,Margao,South Goa,Goa,West,15.294991,73.986237,2
SRJ,East,Karaikudi,Sivaganga,Tamil Nadu,South,10.073564,78.762287,2
VEN,East,Bhilwara,Bhilwara,Rajasthan,North,25.345606,74.624849,2
SHO,South,Bareilly,Bareilly,Uttar Pradesh,North,28.348304,79.432178,2
THJ,North,Agartala,West Tripura,Tripura,Northeast,23.830722,91.301279,2
EMC,Tallakulam,Madurai,Madurai,Tamil Nadu,South,9.913884,78.1188,2
NCM,East,Durgapur,Paschim Bardhaman,West Bengal,East,23.522216,87.301179,2
MGG,East,Davanagere,Davanagere,Karnataka,South,14.466303,75.910519,2
TCP,East,Rohtak,Rohtak,Haryana,North,28.896605,76.594747,2
VRE,South,Jamshedpur,East Singhbhum,Jharkhand,East,22.789162,86.213009,2
IED,East,Rohtak,Rohtak,Haryana,North,28.895345,76.595621,2
XZC,Central,Hubli,Dharwad,Karnataka,South,15.376181,75.122894,2
MFP,South,Kohima,Kohima,Nagaland,Northeast,25.654843,94.108805,2
CAH,Central,Dhanbad,Dhanbad,Jharkhand,East,23.807899,86.432083,2
RCW,East,Durgapur,Paschim Bardhaman,West Bengal,East,23.519632,87.300735,2
OSB,East,Loni,Ghaziabad,Uttar Pradesh,North,28.742064,77.279445,2
AGC,North,Jamshedpur,East Singhbhum,Jharkhand,East,22.810878,86.217526,2
DMS,East,Raipur,Raipur,Chhattisgarh,Central,21.242091,81.62337,2
HGX,North,Durgapur,Paschim Bardhaman,West Bengal,East,23.521349,87.326223,2
ASK,Surathkal,Mangalore,Dakshina Kannada,Karnataka,South,12.903778,74.857137,2
WMP,Saibaba Colony,Coimbatore,Coimbatore,Tamil Nadu,South,11.023706,76.968012,2
ILL,North,Agartala,West Tripura,Tripura,Northeast,23.830623,91.302829,2
BDP,Wagle Estate,Thane,Thane,Maharashtra,West,19.2264,72.963184,2
MMD,East,Jalandhar,Jalandhar,Punjab,North,31.326423,75.563698,2
LAB,East,Bhagalpur,Bhagalpur,Bihar,East,25.243255,86.971487,2
ZDO,East,Dhule,Dhule,Maharashtra,West,20.903219,74.764996,2
LGD,East,Durgapur,Paschim Bardhaman,West Bengal,East,23.521004,87.300837,2
KOS,West,Kota,Kota,Rajasthan,North,25.217814,75.852625,2
QSE,Vartak Nagar,Thane,Thane,Maharashtra,West,19.20843,72.994505,2
LAD,East,Latur,Latur,Maharashtra,West,18.410656,76.550753,2
GAL,Doranda,Ranchi,Ranchi,Jharkhand,East,23.34995,85.322426,2
ZMV,East,Nellore,Nellore,Andhra Pradesh,South,14.443584,79.975787,2
WDT,Singanallur,Coimbatore,Coimbatore,Tamil Nadu,South,11.005612,76.957064,2
ZPS,North,Aligarh,Aligarh,Uttar Pradesh,North,27.895535,78.103062,2
BWB,East,Kota,Kota,Rajasthan,North,25.206932,75.85953,2
KAL,South,Jalandhar,Jalandhar,Punjab,North,31.30746,75.576285,2
IEO,Central,Durgapur,Paschim Bardhaman,West Bengal,East,23.530214,87.311224,2
REF,Officer's Line,Vellore,Vellore,Tamil Nadu,South,12.897185,79.134433,2
SGN,North,Thrissur,Thrissur,Kerala,South,10.526385,76.229958,2
JOJ,East,Meerut,Meerut,Uttar Pradesh,North,28.976813,77.700727,2
XEB,South,Dhule,Dhule,Maharashtra,West,20.885086,74.77458,2
WNR,West,Jabalpur,Jabalpur,Madhya Pradesh,Central,23.187823,79.973592,2
TNS,East,Rohtak,Rohtak,Haryana,North,28.895272,76.596094,2
GOG,North,Junagadh,Junagadh,Gujarat,West,21.523326,70.473036,2
YTM,Central,Varanasi,Varanasi,Uttar Pradesh,North,25.329538,82.974065,2
PAX,North,Ulhasnagar,Thane,Maharashtra,West,19.220516,73.17989,2
SKD,North,Aurangabad,Aurangabad,Maharashtra,West,19.881942,75.355357,2
HGD,North,Durgapur,Paschim Bardhaman,West Bengal,East,23.520191,87.326248,2
QDO,South,Ujjain,Ujjain,Madhya Pradesh,Central,23.159219,75.786918,2
DFO,North,Nadiad,Kheda,Gujarat,West,22.69228,72.877431,2
VUS,East,Loni,Ghaziabad,Uttar Pradesh,North,28.740176,77.278733,2
HUG,East,Jalandhar,Jalandhar,Punjab,North,31.327516,75.563582,2
TUK,South,Tinsukia,Tinsukia,Assam,Northeast,27.469445,95.360998,2
SUU,North,Bokaro Steel City,Bokaro,Jharkhand,East,23.67053,86.164156,2
NHA,East,Ambala,Ambala,Haryana,North,30.37625,76.764412,2
YYY,South,Jalandhar,Jalandhar,Punjab,North,31.307533,75.5761,2
QVO,Thillai Nagar,Tiruchirappalli,Tiruchirappalli,Tamil Nadu,South,10.771984,78.70457,2
MPP,Central,Durgapur,Paschim Bardhaman,West Bengal,East,23.529338,87.310666,2
JRC,East,Akbarpur,Ambedkar Nagar,Uttar Pradesh,North,26.426904,82.527951,2
YET,South,Hisar,Hisar,Haryana,North,29.131294,75.721205,2
FNT,East,Ludhiana,Ludhiana,Punjab,North,30.891311,75.851142,2
QGK,East,Karaikudi,Sivaganga,Tamil Nadu,South,10.073782,78.763803,2
NCB,North,Panaji,North Goa,Goa,West,15.489593,73.841874,2
VOD,West,Allahabad,Prayagraj,Uttar Pradesh,North,25.43934,81.832004,2
RCK,East,Tinsukia,Tinsukia,Assam,Northeast,27.489867,95.350262,2
ZBM,Central,Durgapur,Paschim Bardhaman,West Bengal,East,23.529622,87.311282,2
XXN,South,Dibrugarh,Dibrugarh,Assam,Northeast,27.456338,94.913186,2
JMB,North,Port Blair,Cuddalore,Tamil Nadu,South,11.748048,79.786887,2
YDO,Central,Rajahmundry,East Godavari,Andhra Pradesh,South,17.009517,81.802223,2
MDV,East,Warangal,Warangal Urban,Telangana,South,17.966954,79.584365,2
GSI,South,Gaya,Gaya,Bihar,East,24.774557,85.000051,2
SHD,North,Bokaro Steel City,Bokaro,Jharkhand,East,23.669013,86.166225,2
BXD,West,Kalyan,Thane,Maharashtra,West,19.249822,73.1208,2
GCB,North,Tinsukia,Tinsukia,Assam,Northeast,27.487145,95.374551,2
MAP,South,Puducherry,Puducherry,Puducherry,South,11.924595,79.807075,2
UBG,North,Amravati,Amravati,Maharashtra,West,20.936006,77.792994,2
OPP,Central,Durgapur,Paschim Bardhaman,West Bengal,East,23.532519,87.311046,2
GRU,East,Latur,Latur,Maharashtra,West,18.410612,76.551274,2
KSG,Greater Faridabad,Faridabad,Faridabad,Haryana,North,28.418196,77.300509,2
FNU,West,Raipur,Raipur,Chhattisgarh,Central,21.255908,81.616166,2
IDC,South,Ballari,Ballari,Karnataka,South,15.119756,76.920568,2
VOT,Sector 7,Chandigarh,Chandigarh,Chandigarh,North,30.725049,76.76841,2
YMT,South,Roorkee,Haridwar,Uttarakhand,North,29.837337,77.887822,2
GAE,East,Tiruvottiyur,Tiruvallur,Tamil Nadu,South,13.164859,80.292287,2
BLR,South,Udaipur,Udaipur,Rajasthan,North,24.569033,73.712459,1
CPC,South,Durgapur,Paschim Bardhaman,West Bengal,East,23.503562,87.311829,1
EHH,South,Bhuj,Kutch,Gujarat,West,23.235349,69.671174,1
NNA,Central,Jammu,Jammu,Jammu and Kashmir,North,32.738533,74.857992,1
HAB,Boring Road,Patna,Patna,Bihar,East,25.606197,85.137452,1
EDD,North,Amravati,Amravati,Maharashtra,West,20.93661,77.795373,1
BBJ,Central,Durgapur,Paschim Bardhaman,West Bengal,East,23.530631,87.3123,1
MLI,East,Junagadh,Junagadh,Gujarat,West,21.521111,70.446732,1
MSZ,Bhavani Road,Erode,Erode,Tamil Nadu,South,11.349839,77.716735,1
XPD,East,Cuttack,Cuttack,Odisha,East,20.461104,85.871909,1
MID,Central,Aizawl,Aizawl,Mizoram,Northeast,23.737138,92.716494,1
UND,East,Kalyan,Thane,Maharashtra,West,19.23573,73.128333,1
PBS,North,Amravati,Amravati,Maharashtra,West,20.938924,77.794894,1
MGC,East,Jalandhar,Jalandhar,Punjab,North,31.325552,75.566334,1
EXI,North,Davanagere,Davanagere,Karnataka,South,14.46241,75.935849,1
NND,Chithode,Erode,Erode,Tamil Nadu,South,11.323169,77.717752,1
WFN,South,Ajmer,Ajmer,Rajasthan,North,26.433752,74.639778,1
XGF,East,Saharanpur,Saharanpur,Uttar Pradesh,North,29.968762,77.543972,1
XYT,Central,Bathinda,Bathinda,Punjab,North,30.220655,74.947328,1
CLO,Madhurawada,Visakhapatnam,Visakhapatnam,Andhra Pradesh,South,17.677335,83.235522,1
SFL,Central,Mysore,Mysuru,Karnataka,South,12.307236,76.638206,1
XAW,North,Malegaon,Nashik,Maharashtra,West,20.559723,74.541799,1
RTW,South,Agartala,West Tripura,Tripura,Northeast,23.814566,91.284834,1
LPO,South,Mathura,Mathura,Uttar Pradesh,North,27.475812,77.672971,1
JXB,South,Jalgaon,Jalgaon,Maharashtra,West,20.98999,75.563235,1
DTY,South,Akola,Akola,Maharashtra,West,20.681822,77.008373,1
SDZ,East,Loni,Ghaziabad,Uttar Pradesh,North,28.739553,77.278623,1
LNR,Satellite,Ahmedabad,Ahmedabad,Gujarat,West,23.009199,72.579444,1
GHK,Piplod,Surat,Surat,Gujarat,West,21.161192,72.817718,1
ILF,South,Durgapur,Paschim Bardhaman,West Bengal,East,23.502296,87.31331,1
DDW,East,Itanagar,Papum Pare,Arunachal Pradesh,Northeast,27.104153,93.593369,1
VLE,South,Aligarh,Aligarh,Uttar Pradesh,North,27.878461,78.089344,1
MVT,Vartak Nagar,Thane,Thane,Maharashtra,West,19.211028,72.992522,1
DVS,West,Jabalpur,Jabalpur,Madhya Pradesh,Central,23.185813,79.974407,1
HMB,East,Mira-Bhayandar,Thane,Maharashtra,West,19.296314,72.844802,1
REN,North,Brahmapur,Ganjam,Odisha,East,19.315188,84.809286,1
VOR,North,Anantapur,Anantapur,Andhra Pradesh,South,14.679988,77.616722,1
VGP,Central,Loni,Ghaziabad,Uttar Pradesh,North,28.753178,77.28862,1
BYP,Alkapuri,Vadodara,Vadodara,Gujarat,West,22.317189,73.181417,1
KOT,North,Kakinada,East Godavari,Andhra Pradesh,South,16.987141,82.260596,1
JPJ,East,Avadi,Tiruvallur,Tamil Nadu,South,13.115323,80.10081,1
DXC,Juhu,Mumbai,Mumbai,Maharashtra,West,19.080624,72.861742,1
ZUD,East,Loni,Ghaziabad,Uttar Pradesh,North,28.741107,77.278152,1
TPW,Central,Jalgaon,Jalgaon,Maharashtra,West,21.02006,75.563853,1
RCL,North,Roorkee,Haridwar,Uttarakhand,North,29.853914,77.902109,1
PGU,West,Jodhpur,Jodhpur,Rajasthan,North,26.242106,73.010739,1
HMA,North,Jalandhar,Jalandhar,Punjab,North,31.32736,75.592314,1
ELA,North,Kollam,Kollam,Kerala,South,8.89182,76.628292,1
RLF,South,Loni,Ghaziabad,Uttar Pradesh,North,28.720683,77.289397,1
WOS,North,Port Blair,Cuddalore,Tamil Nadu,South,11.748164,79.786186,1
FZS,Central,Dhule,Dhule,Maharashtra,West,20.915508,74.776084,1
NGI,South,Warangal,Warangal Urban,Telangana,South,17.950737,79.593756,1
TPG,Hinoo,Ranchi,Ranchi,Jharkhand,East,23.333522,85.326675,1
VAK,Central,Jodhpur,Jodhpur,Rajasthan,North,26.250566,73.024931,1
PPY,South,Nadiad,Kheda,Gujarat,West,22.677178,72.865015,1
CHM,Central,Agra,Agra,Uttar Pradesh,North,27.187488,78.006506,1
KIF,South,Gaya,Gaya,Bihar,East,24.775273,84.998321,1
OPY,North,Kadapa,YSR Kadapa,Andhra Pradesh,South,14.468251,78.839274,1
DGE,North,Bikaner,Bikaner,Rajasthan,North,28.023754,73.325233,1
AKX,Pan Bazar,Guwahati,Kamrup Metro,Assam,Northeast,26.154578,91.734967,1
GTM,North,Rohtak,Rohtak,Haryana,North,28.895584,76.620507,1
VCM,Central,Sambalpur,Sambalpur,Odisha,East,21.479601,83.975433,1
KME,Central,Margao,South Goa,Goa,West,15.293906,73.987175,1
MHS,South,Bhilai,Durg,Chhattisgarh,Central,21.176807,81.351203,1
PTB,North,Gaya,Gaya,Bihar,East,24.792344,85.013658,1
KHM,Central,Mira-Bhayandar,Thane,Maharashtra,West,19.307557,72.85567,1
ESA,East,Durgapur,Paschim Bardhaman,West Bengal,East,23.521924,87.299322,1
RWL,North,Gandhinagar,Gandhinagar,Gujarat,West,23.218582,72.651563,1
KEM,North,Meerut,Meerut,Uttar Pradesh,North,28.990154,77.719646,1
WUG,North,Sambalpur,Sambalpur,Odisha,East,21.467592,83.989955,1
DAT,West,Meerut,Meerut,Uttar Pradesh,North,28.989158,77.691167,1
DHP,North,Kohima,Kohima,Nagaland,Northeast,25.674982,94.122947,1
BAS,North,Mira-Bhayandar,Thane,Maharashtra,West,19.297196,72.869093,1
TUN,Beach Road,Visakhapatnam,Visakhapatnam,Andhra Pradesh,South,17.680602,83.204038,1
WBG,Madhurawada,Visakhapatnam,Visakhapatnam,Andhra Pradesh,South,17.679298,83.233272,1
EMX,North,Kollam,Kollam,Kerala,South,8.892061,76.626939,1
MAD,Malviya Nagar,Jaipur,Jaipur,Rajasthan,North,26.922843,75.797221,1
LOS,East,Kadapa,YSR Kadapa,Andhra Pradesh,South,14.465976,78.812927,1
QCC,Kalwa,Thane,Thane,Maharashtra,West,19.208591,72.977599,1
RCJ,East,Nellore,Nellore,Andhra Pradesh,South,14.442633,79.974571,1
HST,South,Kamarhati,North 24 Parganas,West Bengal,East,22.651549,88.371158,1
LLD,East,Rajahmundry,East Godavari,Andhra Pradesh,South,17.002241,81.791227,1
DOK,North,Kamarhati,North 24 Parganas,West Bengal,East,22.670256,88.383987,1
TEO,South,Agartala,West Tripura,Tripura,Northeast,23.813328,91.287443,1
CZA,Central,Udaipur,Udaipur,Rajasthan,North,24.597697,73.712689,1
FCL,Vijay Nagar,Indore,Indore,Madhya Pradesh,Central,22.730623,75.855953,1
VIG,North,Junagadh,Junagadh,Gujarat,West,21.521043,70.471753,1
KMF,Central,Kohima,Kohima,Nagaland,Northeast,25.685702,94.108045,1
ULC,North,Kohima,Kohima,Nagaland,Northeast,25.675973,94.124557,1
DAL,North,Kohima,Kohima,Nagaland,Northeast,25.674232,94.124333,1
TZQ,North,Maheshtala,South 24 Parganas,West Bengal,East,22.510136,88.263589,1
AGK,South,Agartala,West Tripura,Tripura,Northeast,23.813731,91.287649,1
MUT,Central,Shimla,Shimla,Himachal Pradesh,North,31.113662,77.171866,1
RLL,East,Durgapur,Paschim Bardhaman,West Bengal,East,23.521578,87.301938,1
TTG,Periya Semur,Erode,Erode,Tamil Nadu,South,11.339422,77.732603,1
VDV,Ballabgarh,Faridabad,Faridabad,Haryana,North,28.398442,77.319269,1
ARP,East,Silchar,Cachar,Assam,Northeast,24.834651,92.767145,1
YZP,South,Ambala,Ambala,Haryana,North,30.361027,76.776557,1
LMU,Central,Panaji,North Goa,Goa,West,15.500248,73.827359,1
EPD,Central,Thrissur,Thrissur,Kerala,South,10.536924,76.21372,1
OMF,East,Aurangabad,Aurangabad,Maharashtra,West,19.868777,75.338228,1
LSR,South,Shillong,East Khasi Hills,Meghalaya,Northeast,25.559308,91.891839,1
GAY,South,Jalandhar,Jalandhar,Punjab,North,31.30895,75.57803,1
LDG,Lalpur,Ranchi,Ranchi,Jharkhand,East,23.353999,85.309194,1
WWM,Suramangalam,Salem,Salem,Tamil Nadu,South,11.647288,78.145863,1
UNG,Indiranagar,Bangalore,Bengaluru Urban,Karnataka,South,12.982548,77.604957,1
IGU,Race Course,Coimbatore,Coimbatore,Tamil Nadu,South,11.011463,76.942831,1
NSW,South,Bhilwara,Bhilwara,Rajasthan,North,25.328681,74.636093,1
KNG,South,Jalandhar,Jalandhar,Punjab,North,31.307403,75.575758,1
MMT,Sodala,Jaipur,Jaipur,Rajasthan,North,26.92223,75.778317,1
TBF,Greater Faridabad,Faridabad,Faridabad,Haryana,North,28.419878,77.301809,1
KKK,South,Port Blair,Cuddalore,Tamil Nadu,South,11.730235,79.771249,1
MMW,North,Margao,South Goa,Goa,West,15.284927,73.998733,1
LUX,North,Itanagar,Papum Pare,Arunachal Pradesh,Northeast,27.1044,93.618823,1
CGL,North,Srinagar,Srinagar,Jammu and Kashmir,North,34.086175,74.812075,1
SOD,North,Nanded,Nanded,Maharashtra,West,19.138121,77.334663,1
SRN,Old Faridabad,Faridabad,Faridabad,Haryana,North,28.40129,77.334041,1
RUX,Doranda,Ranchi,Ranchi,Jharkhand,East,23.349637,85.322599,1
CKN,Central,Durgapur,Paschim Bardhaman,West Bengal,East,23.532591,87.313595,1
AGD,Central,Anand,Anand,Gujarat,West,22.576329,72.930256,1
GBT,Danapur,Patna,Patna,Bihar,East,25.603499,85.121484,1
BTO,South,Jamshedpur,East Singhbhum,Jharkhand,East,22.791995,86.212768,1
HOL,East,Asansol,Paschim Bardhaman,West Bengal,East,23.675852,86.940542,1
WAG,Central,Korba,Korba,Chhattisgarh,Central,22.371815,82.748662,1
TZE,South,Jalgaon,Jalgaon,Maharashtra,West,20.991137,75.5644,1
RAM,Pratap Nagar,Nagpur,Nagpur,Maharashtra,West,21.153906,79.071824,1
GHP,Singanallur,Coimbatore,Coimbatore,Tamil Nadu,South,11.005632,76.9576,1
OPS,North,Mysore,Mysuru,Karnataka,South,12.297483,76.655227,1
PXF,East,Durgapur,Paschim Bardhaman,West Bengal,East,23.519032,87.302332,1
VBK,North,Bilaspur,Bilaspur,Chhattisgarh,Central,22.078314,82.155266,1
SFN,Bariatu,Ranchi,Ranchi,Jharkhand,East,23.338736,85.297608,1
TLK,South,Jalgaon,Jalgaon,Maharashtra,West,20.987901,75.562954,1
TED,South,Akbarpur,Ambedkar Nagar,Uttar Pradesh,North,26.409609,82.538861,1
HZV,South,Bokaro Steel City,Bokaro,Jharkhand,East,23.651762,86.15009,1
OHW,East,Jamshedpur,East Singhbhum,Jharkhand,East,22.796696,86.195621,1
BLF,Central,Bokaro Steel City,Bokaro,Jharkhand,East,23.679745,86.150186,1
TWG,South,Dhule,Dhule,Maharashtra,West,20.885459,74.774321,1
AWL,Habibganj,Bhopal,Bhopal,Madhya Pradesh,Central,23.249074,77.411128,1
ATK,South,Durgapur,Paschim Bardhaman,West Bengal,East,23.503228,87.313463,1
WIN,Vannarpet,Tirunelveli,Tirunelveli,Tamil Nadu,South,8.713272,77.74554,1
VMK,East,Loni,Ghaziabad,Uttar Pradesh,North,28.738488,77.277978,1
TBH,Central,Kohima,Kohima,Nagaland,Northeast,25.684113,94.107458,1
MKP,North,Panaji,North Goa,Goa,West,15.491061,73.840956,1
AHS,Kolar,Bhopal,Bhopal,Madhya Pradesh,Central,23.269997,77.396613,1
XBZ,North,Nanded,Nanded,Maharashtra,West,19.139925,77.334673,1
SVV,South,Amravati,Amravati,Maharashtra,West,20.920983,77.780819,1
DKP,North,Durgapur,Paschim Bardhaman,West Bengal,East,23.520332,87.327434,1
OLK,North,Kohima,Kohima,Nagaland,Northeast,25.67409,94.124966,1
AVN,North,Dharamshala,Kangra,Himachal Pradesh,North,32.218559,76.336097,1
SAI,East,Ahmednagar,Ahmednagar,Maharashtra,West,19.094869,74.737092,1
XTU,Pratap Nagar,Nagpur,Nagpur,Maharashtra,West,21.154302,79.074293,1
FXH,Central,Durgapur,Paschim Bardhaman,West Bengal,East,23.530791,87.313516,1
LMF,Chithode,Erode,Erode,Tamil Nadu,South,11.321557,77.716344,1
LDP,Central,Durgapur,Paschim Bardhaman,West Bengal,East,23.530997,87.310541,1
ORA,Sayajigunj,Vadodara,Vadodara,Gujarat,West,22.313942,73.194558,1
TKL,North,Loni,Ghaziabad,Uttar Pradesh,North,28.740394,77.302205,1
COK,North,Kota,Kota,Rajasthan,North,25.217816,75.880081,1
SBW,South,Durgapur,Paschim Bardhaman,West Bengal,East,23.500874,87.313424,1
MJU,South,Dhule,Dhule,Maharashtra,West,20.884945,74.776333,1
SPV,South,Latur,Latur,Maharashtra,West,18.392246,76.560159,1
ZTD,West,Kalyan,Thane,Maharashtra,West,19.249794,73.120134,1
MAT,Central,Karaikudi,Sivaganga,Tamil Nadu,South,10.081117,78.772831,1
RAG,South,Mysore,Mysuru,Karnataka,South,12.278989,76.641175,1
CKS,Mahal,Nagpur,Nagpur,Maharashtra,West,21.136838,79.076264,1
TFK,Satellite,Ahmedabad,Ahmedabad,Gujarat,West,23.009315,72.581509,1
VIO,Central,Jalandhar,Jalandhar,Punjab,North,31.33645,75.576908,1
GGB,Geeta Bhawan,Indore,Indore,Madhya Pradesh,Central,22.712869,75.845936,1
MEL,North,Dhule,Dhule,Maharashtra,West,20.904577,74.789218,1
MJM,East,Davanagere,Davanagere,Karnataka,South,14.464507,75.912358,1
EXT,East,Agartala,West Tripura,Tripura,Northeast,23.830131,91.275953,1
123,Paltan Bazar,Guwahati,Kamrup Metro,Assam,Northeast,26.150462,91.747459,1
EPK,South,Panipat,Panipat,Haryana,North,29.374629,76.964786,1
HJG,South,Dhanbad,Dhanbad,Jharkhand,East,23.781077,86.439246,1
TCL,North,Durgapur,Paschim Bardhaman,West Bengal,East,23.519817,87.327882,1
ANU,Central,Bhilwara,Bhilwara,Rajasthan,North,25.35725,74.636459,1
SKA,Central,Port Blair,Cuddalore,Tamil Nadu,South,11.760324,79.772902,1
GXJ,North,Ahmednagar,Ahmednagar,Maharashtra,West,19.096098,74.762846,1
HMM,East,Satara,Satara,Maharashtra,West,17.681904,74.007036,1
MOL,South,Yamunanagar,Yamunanagar,Haryana,North,30.112747,77.266587,1
DAB,Central,Srinagar,Srinagar,Jammu and Kashmir,North,34.093716,74.797797,1
MRZ,Vinayaka Nagar,Tirupati,Chittoor,Andhra Pradesh,South,13.628946,79.43414,1
BRR,North,Jalgaon,Jalgaon,Maharashtra,West,21.00621,75.576668,1
AAI,South,Gulbarga,Kalaburagi,Karnataka,South,17.313166,76.833838,1
CQI,South,Patiala,Patiala,Punjab,North,30.32356,76.387954,1
VAW,Central,Warangal,Warangal Urban,Telangana,South,17.981129,79.595574,1
LAF,Sector 62,Noida,Gautam Buddha Nagar,Uttar Pradesh,North,28.54151,77.402253,1
SSU,North,Varanasi,Varanasi,Uttar Pradesh,North,25.321228,82.989106,1
AEM,East,Aligarh,Aligarh,Uttar Pradesh,North,27.896262,78.077666,1
KRC,Suramangalam,Salem,Salem,Tamil Nadu,South,11.645993,78.14672,1
CPO,South,Jalgaon,Jalgaon,Maharashtra,West,20.991618,75.561045,1
ILC,South,Durgapur,Paschim Bardhaman,West Bengal,East,23.500737,87.310077,1
JOY,North,Muzaffarpur,Muzaffarpur,Bihar,East,26.120775,85.378071,1
LAI,Crawford,Tiruchirappalli,Tiruchirappalli,Tamil Nadu,South,10.790941,78.69316,1
FGR,Central,Karnal,Karnal,Haryana,North,29.696947,76.990599,1
CYD,Anisabad,Patna,Patna,Bihar,East,25.587991,85.126712,1
SSB,Central,Jodhpur,Jodhpur,Rajasthan,North,26.250617,73.026234,1
DYS,Peelamedu,Coimbatore,Coimbatore,Tamil Nadu,South,11.009656,76.971899,1
KUZ,Central,Aligarh,Aligarh,Uttar Pradesh,North,27.907198,78.089853,1
IMN,Central,Dharamshala,Kangra,Himachal Pradesh,North,32.231391,76.323084,1
RZT,North,Junagadh,Junagadh,Gujarat,West,21.520672,70.471398,1
IMV,South,Aligarh,Aligarh,Uttar Pradesh,North,27.879363,78.087963,1
WBS,North,Warangal,Warangal Urban,Telangana,South,17.968812,79.610185,1
XNQ,VV Mohalla,Mysuru,Mysuru,Karnataka,South,12.306962,76.637495,1
GHS,Central,Ambattur,Tiruvallur,Tamil Nadu,South,13.109411,80.161942,1
BVR,Central,Bokaro Steel City,Bokaro,Jharkhand,East,23.679559,86.152181,1
DFM,East,Kohima,Kohima,Nagaland,Northeast,25.673155,94.097026,1
KBA,Central,Rourkela,Sundargarh,Odisha,East,22.272859,84.854008,1
CPU,West,Jodhpur,Jodhpur,Rajasthan,North,26.242558,73.009749,1
WGS,Central,Roorkee,Haridwar,Uttarakhand,North,29.865381,77.887,1
PDI,East,Agra,Agra,Uttar Pradesh,North,27.166492,78.00007,1
LSL,South,Durgapur,Paschim Bardhaman,West Bengal,East,23.501463,87.311557,1
SYG,West,Kalyan,Thane,Maharashtra,West,19.24859,73.121353,1
ATE,East,Guntur,Guntur,Andhra Pradesh,South,16.308673,80.426717,1
VKN,Khanapara,Guwahati,Kamrup Metro,Assam,Northeast,26.154633,91.721866,1
SXE,South,Durgapur,Paschim Bardhaman,West Bengal,East,23.500695,87.311613,1
XEK,East,Davanagere,Davanagere,Karnataka,South,14.463776,75.910811,1
EHU,North,Karnal,Karnal,Haryana,North,29.68573,77.003807,1
NMG,North,Firozabad,Firozabad,Uttar Pradesh,North,27.159963,78.40825,1
ZBC,Officer's Line,Vellore,Vellore,Tamil Nadu,South,12.897486,79.131852,1
TCE,Greater Noida,Noida,Gautam Buddha Nagar,Uttar Pradesh,North,28.526174,77.408147,1
CEL,South,Jodhpur,Jodhpur,Rajasthan,North,26.223785,73.035729,1
NKC,East,Tinsukia,Tinsukia,Assam,Northeast,27.486543,95.350611,1
EBF,Saraswathipuram,Mysuru,Mysuru,Karnataka,South,12.294696,76.626954,1
OGP,South,Ujjain,Ujjain,Madhya Pradesh,Central,23.158124,75.789797,1
JWF,East,Gwalior,Gwalior,Madhya Pradesh,Central,26.209176,78.178287,1
FIR,East,Akola,Akola,Maharashtra,West,20.702057,76.999096,1
SNU,East,Aurangabad,Aurangabad,Maharashtra,West,19.86938,75.335918,1
XTI,Hinoo,Ranchi,Ranchi,Jharkhand,East,23.335396,85.327072,1
BMI,East,Itanagar,Papum Pare,Arunachal Pradesh,Northeast,27.102537,93.593018,1
091,East,Ambattur,Tiruvallur,Tamil Nadu,South,13.098625,80.148706,1
HBR,Habibganj,Bhopal,Bhopal,Madhya Pradesh,Central,23.251067,77.41226,1
MKI,Central,Satara,Satara,Maharashtra,West,17.690005,74.017985,1
CFC,North,Guntur,Guntur,Andhra Pradesh,South,16.308394,80.451698,1
RDX,South,Durgapur,Paschim Bardhaman,West Bengal,East,23.501363,87.312163,1
CCV,Airoli,Navi Mumbai,Thane,Maharashtra,West,19.040915,73.013435,1
BKF,East,Moradabad,Moradabad,Uttar Pradesh,North,28.838445,78.766379,1
TXC,Central,Loni,Ghaziabad,Uttar Pradesh,North,28.749922,77.290017,1
DRS,East,Bhilwara,Bhilwara,Rajasthan,North,25.348286,74.625982,1
NZS,Central,Loni,Ghaziabad,Uttar Pradesh,North,28.751431,77.290914,1
SUX,Sector 17,Chandigarh,Chandigarh,Chandigarh,North,30.74309,76.780514,1
GYN,South,Loni,Ghaziabad,Uttar Pradesh,North,28.721009,77.290155,1
XUL,East,Dhule,Dhule,Maharashtra,West,20.906038,74.764606,1
CRY,North,Kolhapur,Kolhapur,Maharashtra,West,16.706187,74.259127,1
CYT,North,Jalandhar,Jalandhar,Punjab,North,31.325742,75.590255,1
FVD,Nerul,Navi Mumbai,Thane,Maharashtra,West,19.023931,73.044829,1
FIT,Bhawarkua,Indore,Indore,Madhya Pradesh,Central,22.711267,75.872082,1
KDS,East,Shillong,East Khasi Hills,Meghalaya,Northeast,25.577672,91.880963,1
NOA,South,Warangal,Warangal Urban,Telangana,South,17.952732,79.595254,1
RSG,Paltan Bazar,Guwahati,Kamrup Metro,Assam,Northeast,26.15262,91.748586,1
KXU,South,Akola,Akola,Maharashtra,West,20.684083,77.008255,1
KHD,South,Bhavnagar,Bhavnagar,Gujarat,West,21.7474,72.152702,1
YSI,RS Puram,Coimbatore,Coimbatore,Tamil Nadu,South,11.025824,76.956855,1
QWC,Bairagarh,Bhopal,Bhopal,Madhya Pradesh,Central,23.253667,77.399031,1
JRD,Sushant Lok,Gurgaon,Gurugram,Haryana,North,28.453488,77.014615,1
KBT,Central,Kanpur,Kanpur Nagar,Uttar Pradesh,North,26.459631,80.3304,1
CLD,Saraswathipuram,Mysuru,Mysuru,Karnataka,South,12.29509,76.627784,1
KIP,South,Durgapur,Paschim Bardhaman,West Bengal,East,23.502796,87.313624,1
RFR,Dwaraka Nagar,Visakhapatnam,Visakhapatnam,Andhra Pradesh,South,17.692406,83.232522,1
ASC,Goripalayam,Madurai,Madurai,Tamil Nadu,South,9.91467,78.135541,1
CAO,South,Guntur,Guntur,Andhra Pradesh,South,16.288352,80.436806,1
JDE,South,Korba,Korba,Chhattisgarh,Central,22.339947,82.749289,1
SSV,Nerul,Navi Mumbai,Thane,Maharashtra,West,19.024688,73.04408,1
SKF,Beach Road,Thoothukudi,Thoothukudi,Tamil Nadu,South,8.765905,78.149618,1
AVR,Nerul,Navi Mumbai,Thane,Maharashtra,West,19.025551,73.046317,1
CBX,East,Durgapur,Paschim Bardhaman,West Bengal,East,23.521949,87.301029,1
CLM,East,Guntur,Guntur,Andhra Pradesh,South,16.305916,80.427568,1
LTC,West,Gwalior,Gwalior,Madhya Pradesh,Central,26.223373,78.167342,1
VYL,North,Aurangabad,Aurangabad,Maharashtra,West,19.880632,75.357673,1
SLY,South,Margao,South Goa,Goa,West,15.267145,73.985203,1
AFS,Central,Rohtak,Rohtak,Haryana,North,28.907102,76.605006,1
VGK,North,Belgaum,Belgaum,Karnataka,South,15.849397,74.511952,1
BKV,Vartak Nagar,Thane,Thane,Maharashtra,West,19.207614,72.993532,1
QLS,North,Jammu,Jammu,Jammu and Kashmir,North,32.727639,74.87063,1
USI,East,Cuttack,Cuttack,Odisha,East,20.463881,85.870276,1
JUB,Central,Panaji,North Goa,Goa,West,15.502034,73.828704,1
CMQ,East,Tinsukia,Tinsukia,Assam,Northeast,27.487724,95.350458,1
NKR,North,Gangtok,East Sikkim,Sikkim,Northeast,27.338681,88.621755,1
BNI,Central,Jodhpur,Jodhpur,Rajasthan,North,26.24992,73.023221,1
RVC,South,Kakinada,East Godavari,Andhra Pradesh,South,16.970309,82.246118,1
KZM,South,Durgapur,Paschim Bardhaman,West Bengal,East,23.501257,87.310667,1
RUP,East,Jabalpur,Jabalpur,Madhya Pradesh,Central,23.173548,79.978138,1
FLJ,Central,Jalgaon,Jalgaon,Maharashtra,West,21.019793,75.562329,1
LNK,North,Kurnool,Kurnool,Andhra Pradesh,South,15.829872,78.052784,1
VKA,South,Aligarh,Aligarh,Uttar Pradesh,North,27.878553,78.088923,1
TIG,South,Aligarh,Aligarh,Uttar Pradesh,North,27.880652,78.088865,1
NJF,East,Durgapur,Paschim Bardhaman,West Bengal,East,23.521364,87.303055,1
DFB,North,Kanpur,Kanpur Nagar,Uttar Pradesh,North,26.452527,80.346853,1
HMJ,Central,Kohima,Kohima,Nagaland,Northeast,25.684718,94.110177,1
NVV,Wagle Estate,Thane,Thane,Maharashtra,West,19.228431,72.964001,1
ATA,North,Aligarh,Aligarh,Uttar Pradesh,North,27.898749,78.104349,1
IRG,East,Junagadh,Junagadh,Gujarat,West,21.522039,70.447677,1
VVV,Central,Nadiad,Kheda,Gujarat,West,22.70621,72.863632,1
ELB,North,Shimla,Shimla,Himachal Pradesh,North,31.10378,77.186541,1
CGG,South,Bidar,Bidar,Karnataka,South,17.896065,77.531834,1
VLY,South,Agartala,West Tripura,Tripura,Northeast,23.812504,91.28602,1
CLJ,North,Anantapur,Anantapur,Andhra Pradesh,South,14.680717,77.613716,1
XDF,North,Jodhpur,Jodhpur,Rajasthan,North,26.241964,73.039041,1
DFR,West,Dhanbad,Dhanbad,Jharkhand,East,23.801139,86.417753,1
MMH,North,Raipur,Raipur,Chhattisgarh,Central,21.257671,81.642689,1
CKT,Central,Amritsar,Amritsar,Punjab,North,31.643817,74.872331,1
XWP,Malad,Mumbai,Mumbai,Maharashtra,West,19.086301,72.872383,1
WEP,East,Aizawl,Aizawl,Mizoram,Northeast,23.728331,92.705945,1
HWD,Central,Rajahmundry,East Godavari,Andhra Pradesh,South,17.009546,81.80265,1
WSZ,Korlagunta,Tirupati,Chittoor,Andhra Pradesh,South,13.611438,79.417802,1
CLA,Central,Jabalpur,Jabalpur,Madhya Pradesh,Central,23.192073,79.985713,1
BTF,South,Gorakhpur,Gorakhpur,Uttar Pradesh,North,26.741053,83.37508,1
TUD,South,Aligarh,Aligarh,Uttar Pradesh,North,27.878028,78.087179,1
PAH,West,Gwalior,Gwalior,Madhya Pradesh,Central,26.222769,78.170515,1
XSR,Gandhi Nagar,Vellore,Vellore,Tamil Nadu,South,12.91581,79.146338,1
APT,North,Port Blair,Cuddalore,Tamil Nadu,South,11.747636,79.786116,1
SEV,North,Karaikudi,Sivaganga,Tamil Nadu,South,10.072033,78.787985,1
XRY,Hinoo,Ranchi,Ranchi,Jharkhand,East,23.335777,85.323838,1
KPC,North,Karaikudi,Sivaganga,Tamil Nadu,South,10.071062,78.790724,1
RHC,North,Anand,Anand,Gujarat,West,22.566453,72.941524,1
TRT,South,Kanpur,Kanpur Nagar,Uttar Pradesh,North,26.435223,80.343948,1
LXM,East,Belgaum,Belgaum,Karnataka,South,15.85105,74.485176,1
TVL,South,Varanasi,Varanasi,Uttar Pradesh,North,25.303443,82.985522,1
BPX,Pan Bazar,Guwahati,Kamrup Metro,Assam,Northeast,26.157219,91.737373,1
KEP,East,Gwalior,Gwalior,Madhya Pradesh,Central,26.211104,78.178199,1
NDN,Gokulam,Mysuru,Mysuru,Karnataka,South,12.294196,76.653042,1
BVP,South,Moradabad,Moradabad,Uttar Pradesh,North,28.820732,78.77636,1
TOC,East,Loni,Ghaziabad,Uttar Pradesh,North,28.741547,77.276783,1
LEG,Naupada,Thane,Thane,Maharashtra,West,19.226551,72.991181,1
MWR,Central,Srinagar,Srinagar,Jammu and Kashmir,North,34.093939,74.795602,1
KMX,Hampankatta,Mangalore,Dakshina Kannada,Karnataka,South,12.925095,74.857051,1
VSP,South,Mysore,Mysuru,Karnataka,South,12.276731,76.641276,1
ERS,KK Nagar,Madurai,Madurai,Tamil Nadu,South,9.932467,78.133894,1
VNM,South,Itanagar,Papum Pare,Arunachal Pradesh,Northeast,27.083289,93.606705,1
ACF,Ganapathy,Coimbatore,Coimbatore,Tamil Nadu,South,11.027604,76.941353,1
TWF,Habibganj,Bhopal,Bhopal,Madhya Pradesh,Central,23.250157,77.413021,1
HRI,Central,Dehradun,Dehradun,Uttarakhand,North,30.328982,78.031179,1
JDF,NIT,Faridabad,Faridabad,Haryana,North,28.419522,77.31632,1
VCW,South,Anand,Anand,Gujarat,West,22.5482,72.929735,1
MFT,South,Agartala,West Tripura,Tripura,Northeast,23.812068,91.287159,1
INC,North,Yamunanagar,Yamunanagar,Haryana,North,30.130893,77.280441,1
KOR,East,Yamunanagar,Yamunanagar,Haryana,North,30.127079,77.257121,1
QGY,North,Junagadh,Junagadh,Gujarat,West,21.52143,70.472605,1
BBE,East,Agartala,West Tripura,Tripura,Northeast,23.833069,91.275892,1
NXG,South,Ratnagiri,Ratnagiri,Maharashtra,West,16.978004,73.299233,1
WZS,East,Maheshtala,South 24 Parganas,West Bengal,East,22.510077,88.236583,1
HEJ,North,Durgapur,Paschim Bardhaman,West Bengal,East,23.521001,87.324765,1
XME,South,Meerut,Meerut,Uttar Pradesh,North,28.968934,77.716589,1
VTH,East,Korba,Korba,Chhattisgarh,Central,22.359273,82.739435,1
CCT,Central,Jalandhar,Jalandhar,Punjab,North,31.336487,75.575108,1
OTE,North,Agartala,West Tripura,Tripura,Northeast,23.831218,91.301556,1
MNG,Gokulam,Mysuru,Mysuru,Karnataka,South,12.29692,76.653909,1
WUS,Central,Agartala,West Tripura,Tripura,Northeast,23.843303,91.286256,1
RSI,South,Agra,Agra,Uttar Pradesh,North,27.163475,78.018225,1
KEA,North,Davanagere,Davanagere,Karnataka,South,14.464837,75.937016,1
IEP,South,Yamunanagar,Yamunanagar,Haryana,North,30.111329,77.269103,1
OZI,East,Nellore,Nellore,Andhra Pradesh,South,14.442649,79.974112,1
DZP,South,Loni,Ghaziabad,Uttar Pradesh,North,28.722723,77.289829,1
DFP,East,Karnal,Karnal,Haryana,North,29.683925,76.979361,1
KSE,East,Davanagere,Davanagere,Karnataka,South,14.464504,75.911623,1
XBP,East,Meerut,Meerut,Uttar Pradesh,North,28.976871,77.698211,1
TBA,Bondel,Mangalore,Dakshina Kannada,Karnataka,South,12.905307,74.841724,1
UPD,Central,Brahmapur,Ganjam,Odisha,East,19.325729,84.795921,1
OOC,Central,Ludhiana,Ludhiana,Punjab,North,30.91245,75.855547,1
JWJ,East,Aligarh,Aligarh,Uttar Pradesh,North,27.899338,78.076562,1
JWL,North,Anantapur,Anantapur,Andhra Pradesh,South,14.683546,77.614274,1
PMN,North,Satara,Satara,Maharashtra,West,17.68078,74.031635,1
CKG,Avinashi Road,Tiruppur,Tiruppur,Tamil Nadu,South,11.119526,77.342098,1
TZX,North,Latur,Latur,Maharashtra,West,18.407781,76.572926,1
XHM,West,Aurangabad,Aurangabad,Maharashtra,West,19.882012,75.329373,1
HCB,Central,Bilaspur,Bilaspur,Chhattisgarh,Central,22.090593,82.140765,1
NPV,South,Jabalpur,Jabalpur,Madhya Pradesh,Central,23.164996,79.995437,1
VPO,East,Hisar,Hisar,Haryana,North,29.150173,75.710296,1
HRT,Greater Noida,Noida,Gautam Buddha Nagar,Uttar Pradesh,North,28.527877,77.408177,1
CBS,East,Sangli,Sangli,Maharashtra,West,16.852269,74.569501,1
SLX,East,Aurangabad,Aurangabad,Maharashtra,West,19.866044,75.33746,1
SNC,South,Varanasi,Varanasi,Uttar Pradesh,North,25.303262,82.983715,1
CNT,North,Kalyan,Thane,Maharashtra,West,19.248793,73.150423,1
JBF,Race Course,Coimbatore,Coimbatore,Tamil Nadu,South,11.008265,76.944066,1
TVI,Chithode,Erode,Erode,Tamil Nadu,South,11.324928,77.716892,1
CTB,East,Guntur,Guntur,Andhra Pradesh,South,16.307194,80.42766,1
HSU,Paltan Bazar,Guwahati,Kamrup Metro,Assam,Northeast,26.153451,91.749944,1
RVH,Central,Udaipur,Udaipur,Rajasthan,North,24.596663,73.710701,1
KBM,East,Kanpur,Kanpur Nagar,Uttar Pradesh,North,26.441162,80.324501,1
PKT,North,Ballari,Ballari,Karnataka,South,15.14092,76.936152,1
AST,South,Aligarh,Aligarh,Uttar Pradesh,North,27.880021,78.088259,1
JLL,Central,Kalyan,Thane,Maharashtra,West,19.25522,73.134082,1
ODS,North,Ludhiana,Ludhiana,Punjab,North,30.907215,75.872061,1
EKE,Edappally,Kochi,Ernakulam,Kerala,South,9.920438,76.26615,1
XRT,Central,Akbarpur,Ambedkar Nagar,Uttar Pradesh,North,26.438685,82.538298,1
BVK,East,Anantapur,Anantapur,Andhra Pradesh,South,14.681966,77.589655,1
PDE,East,Durgapur,Paschim Bardhaman,West Bengal,East,23.518987,87.303048,1
DHD,North,Gorakhpur,Gorakhpur,Uttar Pradesh,North,26.760805,83.387284,1
DXY,Central,Durgapur,Paschim Bardhaman,West Bengal,East,23.532704,87.312485,1
UKS,North,Dhule,Dhule,Maharashtra,West,20.902242,74.790741,1
KWA,East,Durgapur,Paschim Bardhaman,West Bengal,East,23.520906,87.301706,1
PTJ,North,Jalandhar,Jalandhar,Punjab,North,31.325768,75.588826,1
RPF,North,Siliguri,Darjeeling,West Bengal,East,26.728361,88.409211,1
STD,South,Ambattur,Tiruvallur,Tamil Nadu,South,13.080774,80.162051,1
ROL,East,Jalgaon,Jalgaon,Maharashtra,West,21.008124,75.551883,1
IMC,East,Jalandhar,Jalandhar,Punjab,North,31.325708,75.566921,1
DRY,East,Korba,Korba,Chhattisgarh,Central,22.357972,82.737316,1
RXX,South,Meerut,Meerut,Uttar Pradesh,North,28.968078,77.715648,1
CMM,South,Korba,Korba,Chhattisgarh,Central,22.342161,82.750568,1
GNM,North,Varanasi,Varanasi,Uttar Pradesh,North,25.322428,82.988398,1
RRT,North,Warangal,Warangal Urban,Telangana,South,17.968776,79.608182,1
RJP,Central,Agartala,West Tripura,Tripura,Northeast,23.843564,91.286347,1
EKW,Anna Nagar,Madurai,Madurai,Tamil Nadu,South,9.934213,78.118352,1
CWL,North,Akola,Akola,Maharashtra,West,20.700804,77.021726,1
SRR,South,Saharanpur,Saharanpur,Uttar Pradesh,North,29.948521,77.554279,1
JHC,Central,Agartala,West Tripura,Tripura,Northeast,23.841573,91.288594,1
RNT,North,Jalandhar,Jalandhar,Punjab,North,31.325088,75.589006,1
ALB,South,Rohtak,Rohtak,Haryana,North,28.878726,76.604797,1
CFA,Sushant Lok,Gurgaon,Gurugram,Haryana,North,28.45429,77.013513,1
ECE,Kadri,Mangalore,Dakshina Kannada,Karnataka,South,12.921656,74.869535,1
MGI,North,Bhagalpur,Bhagalpur,Bihar,East,25.24429,86.997055,1
TFS,Tallakulam,Madurai,Madurai,Tamil Nadu,South,9.913757,78.120131,1
NLH,South,Korba,Korba,Chhattisgarh,Central,22.340455,82.749459,1
ACB,Goripalayam,Madurai,Madurai,Tamil Nadu,South,9.916908,78.13669,1
GMB,North,Mysore,Mysuru,Karnataka,South,12.294648,76.65306,1
NRA,South,Asansol,Paschim Bardhaman,West Bengal,East,23.656501,86.954138,1
NGC,North,Kota,Kota,Rajasthan,North,25.219056,75.879248,1
KBP,Central,Kanpur,Kanpur Nagar,Uttar Pradesh,North,26.460986,80.333862,1
KDD,Avinashi Road,Tiruppur,Tiruppur,Tamil Nadu,South,11.117431,77.340982,1
TWD,Central,Bokaro Steel City,Bokaro,Jharkhand,East,23.678467,86.152858,1
CHY,Central,Kurnool,Kurnool,Andhra Pradesh,South,15.839811,78.037615,1
SPZ,South,Kohima,Kohima,Nagaland,Northeast,25.656634,94.108121,1
CVV,North,Aizawl,Aizawl,Mizoram,Northeast,23.728923,92.733948,1
DXA,Central,Durgapur,Paschim Bardhaman,West Bengal,East,23.531333,87.311077,1
UEH,East,Durgapur,Paschim Bardhaman,West Bengal,East,23.519359,87.301651,1
HLW,Pan Bazar,Guwahati,Kamrup Metro,Assam,Northeast,26.156299,91.737758,1
HBB,Sitabuldi,Nagpur,Nagpur,Maharashtra,West,21.154374,79.102644,1
XGA,Powai,Mumbai,Mumbai,Maharashtra,West,19.072736,72.887046,1
LKN,East,Roorkee,Haridwar,Uttarakhand,North,29.855748,77.878407,1
HMW,Central,Nanded,Nanded,Maharashtra,West,19.148243,77.320375,1
TKU,Hinoo,Ranchi,Ranchi,Jharkhand,East,23.335248,85.325202,1
PFA,South,Anantapur,Anantapur,Andhra Pradesh,South,14.664507,77.602057,1
SRI,Old Faridabad,Faridabad,Faridabad,Haryana,North,28.398123,77.334135,1
SRG,North,Bhavnagar,Bhavnagar,Gujarat,West,21.76284,72.167429,1
BAP,Central,Bhagalpur,Bhagalpur,Bihar,East,25.251964,86.983488,1
XDG,North,Thrissur,Thrissur,Kerala,South,10.528616,76.226805,1
MBR,East,Udaipur,Udaipur,Rajasthan,North,24.583942,73.70004,1
EFF,Sitabuldi,Nagpur,Nagpur,Maharashtra,West,21.152117,79.101831,1
MBJ,East,Rohtak,Rohtak,Haryana,North,28.897078,76.595682,1
GTY,Central,Kota,Kota,Rajasthan,North,25.223682,75.863571,1
JFD,Central,Loni,Ghaziabad,Uttar Pradesh,North,28.752429,77.288321,1
LAM,North,Aizawl,Aizawl,Mizoram,Northeast,23.726516,92.730237,1
VDL,Technopark,Thiruvananthapuram,Thiruvananthapuram,Kerala,South,8.534172,76.919696,1
PXS,South,Durgapur,Paschim Bardhaman,West Bengal,East,23.501859,87.313288,1
LPL,Central,Durgapur,Paschim Bardhaman,West Bengal,East,23.532015,87.310419,1
MGU,East,Amritsar,Amritsar,Punjab,North,31.62675,74.867683,1
GFJ,South,Aizawl,Aizawl,Mizoram,Northeast,23.709681,92.717628,1
ETB,Central,Maheshtala,South 24 Parganas,West Bengal,East,22.520451,88.248036,1
CSL,City Light,Surat,Surat,Gujarat,West,21.16314,72.848538,1
ZSZ,South,Bhavnagar,Bhavnagar,Gujarat,West,21.746475,72.150187,1
REK,North,Gangtok,East Sikkim,Sikkim,Northeast,27.338175,88.619872,1
OWS,South,Rohtak,Rohtak,Haryana,North,28.878438,76.606914,1
XNN,North,Rourkela,Sundargarh,Odisha,East,22.258751,84.86893,1
PJP,Central,Silchar,Cachar,Assam,Northeast,24.845417,92.780025,1
BPV,MG Road,Gurgaon,Gurugram,Haryana,North,28.450439,77.028136,1
MMO,Central,Bareilly,Bareilly,Uttar Pradesh,North,28.375805,79.430632,1
KIS,East,Durgapur,Paschim Bardhaman,West Bengal,East,23.52226,87.301832,1
BFI,Central,Durgapur,Paschim Bardhaman,West Bengal,East,23.531425,87.31176,1
OAK,North,Shahjahanpur,Shahjahanpur,Uttar Pradesh,North,27.882634,79.924733,1
WEN,South,Durgapur,Paschim Bardhaman,West Bengal,East,23.500538,87.312462,1
CSP,North,Ajmer,Ajmer,Rajasthan,North,26.448415,74.653225,1
SPR,North,Davanagere,Davanagere,Karnataka,South,14.463454,75.937133,1
RAF,North,Kanpur,Kanpur Nagar,Uttar Pradesh,North,26.455604,80.344655,1
KBD,West,Kanpur,Kanpur Nagar,Uttar Pradesh,North,26.453104,80.31813,1
THE,Vinayaka Nagar,Tirupati,Chittoor,Andhra Pradesh,South,13.630191,79.433198,1
HSS,South,Jalandhar,Jalandhar,Punjab,North,31.306429,75.577851,1
XPI,Central,Sambalpur,Sambalpur,Odisha,East,21.477216,83.974843,1
PAW,Central,Brahmapur,Ganjam,Odisha,East,19.32375,84.794996,1
KEC,East,Kanpur,Kanpur Nagar,Uttar Pradesh,North,26.440453,80.324055,1
TME,South,Aligarh,Aligarh,Uttar Pradesh,North,27.880128,78.089086,1
YWM,North,Jalandhar,Jalandhar,Punjab,North,31.32791,75.588799,1
GKN,Central,Jalandhar,Jalandhar,Punjab,North,31.337301,75.575778,1
LTG,MG Road,Vijayawada,Krishna,Andhra Pradesh,South,16.516975,80.647186,1
KNW,Cantonment,Tiruchirappalli,Tiruchirappalli,Tamil Nadu,South,10.802878,78.704582,1
EKB,Central,Gulbarga,Kalaburagi,Karnataka,South,17.338522,76.834719,1
NHT,MG Road,Gurgaon,Gurugram,Haryana,North,28.449748,77.025157,1
PPR,East,Allahabad,Prayagraj,Uttar Pradesh,North,25.425076,81.839563,1
RIN,Vasundhara,Ghaziabad,Ghaziabad,Uttar Pradesh,North,28.659915,77.454964,1
VNE,East,Shahjahanpur,Shahjahanpur,Uttar Pradesh,North,27.881253,79.898965,1
IRD,South,Kohima,Kohima,Nagaland,Northeast,25.657425,94.110105,1
AUT,Central,Warangal,Warangal Urban,Telangana,South,17.979225,79.592378,1
LZA,South,Satara,Satara,Maharashtra,West,17.663008,74.018273,1
NAH,East,Agartala,West Tripura,Tripura,Northeast,23.832473,91.276201,1
QLK,South,Agartala,West Tripura,Tripura,Northeast,23.812242,91.288448,1
CLF,Central,Dehradun,Dehradun,Uttarakhand,North,30.328565,78.033016,1
TVT,North,Bhagalpur,Bhagalpur,Bihar,East,25.242334,86.998693,1
TFR,Central,Satara,Satara,Maharashtra,West,17.689392,74.019583,1
DRD,East,Rajahmundry,East Godavari,Andhra Pradesh,South,17.001513,81.794009,1
WLH,North,Kohima,Kohima,Nagaland,Northeast,25.673847,94.121033,1
QIA,Central,Bhiwandi,Thane,Maharashtra,West,19.31011,73.063281,1
CRG,West,Gandhinagar,Gandhinagar,Gujarat,West,23.218203,72.622985,1
WRN,South,Bokaro Steel City,Bokaro,Jharkhand,East,23.650017,86.15195,1
QCB,East,Kanpur,Kanpur Nagar,Uttar Pradesh,North,26.440649,80.324558,1
PFD,East,Anantapur,Anantapur,Andhra Pradesh,South,14.682445,77.588092,1
PHC,South,Imphal,Imphal West,Manipur,Northeast,24.797841,93.937657,1
BIB,Central,Agartala,West Tripura,Tripura,Northeast,23.841152,91.287094,1
KWT,Central,Gulbarga,Kalaburagi,Karnataka,South,17.342171,76.833364,1
KWP,South,Thrissur,Thrissur,Kerala,South,10.508608,76.215006,1
DKB,Dwaraka Nagar,Visakhapatnam,Visakhapatnam,Andhra Pradesh,South,17.693855,83.229782,1
PTA,West,Srinagar,Srinagar,Jammu and Kashmir,North,34.089737,74.784223,1
WKM,East,Patiala,Patiala,Punjab,North,30.337981,76.376139,1
ACD,Central,Jalgaon,Jalgaon,Maharashtra,West,21.019576,75.563838,1
PRB,Tirunagar,Madurai,Madurai,Tamil Nadu,South,9.935408,78.103995,1
NTS,North,Bhavnagar,Bhavnagar,Gujarat,West,21.765878,72.165254,1
LEX,Central,Jalandhar,Jalandhar,Punjab,North,31.33846,75.574918,1
HMY,North,Loni,Ghaziabad,Uttar Pradesh,North,28.741281,77.303752,1
WRY,Bairagarh,Bhopal,Bhopal,Madhya Pradesh,Central,23.252002,77.401356,1
DDU,Central,Jamshedpur,East Singhbhum,Jharkhand,East,22.814741,86.20244,1
RFC,South,Dibrugarh,Dibrugarh,Assam,Northeast,27.456471,94.910901,1
BBC,Central,Muzaffarpur,Muzaffarpur,Bihar,East,26.132597,85.365107,1
WOP,Saheed Nagar,Bhubaneswar,Khordha,Odisha,East,20.305933,85.823042,1
WUN,North,Durgapur,Paschim Bardhaman,West Bengal,East,23.52055,87.325221,1
CNF,Argora,Ranchi,Ranchi,Jharkhand,East,23.351881,85.292336,1
LYC,East,Warangal,Warangal Urban,Telangana,South,17.968554,79.582962,1
LLG,North,Rajkot,Rajkot,Gujarat,West,22.308221,70.816937,1
JPE,East,Dhule,Dhule,Maharashtra,West,20.905895,74.762401,1
TZR,South,Agartala,West Tripura,Tripura,Northeast,23.813307,91.285608,1
PWM,Frazer Road,Patna,Patna,Bihar,East,25.581733,85.138471,1
FSP,North,Loni,Ghaziabad,Uttar Pradesh,North,28.741572,77.304065,1
XXL,Central,Jalgaon,Jalgaon,Maharashtra,West,21.019201,75.564551,1
XMV,South,Jalandhar,Jalandhar,Punjab,North,31.307177,75.576305,1
VCP,East,Loni,Ghaziabad,Uttar Pradesh,North,28.741134,77.277321,1
PEO,East,Jalandhar,Jalandhar,Punjab,North,31.324099,75.566025,1
MUX,North,Muzaffarpur,Muzaffarpur,Bihar,East,26.120665,85.378285,1
EMR,NIT,Faridabad,Faridabad,Haryana,North,28.420084,77.318477,1
DUW,South,Ahmednagar,Ahmednagar,Maharashtra,West,19.078103,74.7469,1
LIZ,North,Tiruvottiyur,Tiruvallur,Tamil Nadu,South,13.16272,80.314304,1
IDL,East,Loni,Ghaziabad,Uttar Pradesh,North,28.739282,77.276768,1
KRL,North,Durgapur,Paschim Bardhaman,West Bengal,East,23.52179,87.32551,1
PAO,Hampankatta,Mangalore,Dakshina Kannada,Karnataka,South,12.924927,74.854569,1
XZU,East,Kolhapur,Kolhapur,Maharashtra,West,16.703845,74.232214,1
VBL,Vastrapur,Ahmedabad,Ahmedabad,Gujarat,West,23.021043,72.580338,1
XBG,North,Durgapur,Paschim Bardhaman,West Bengal,East,23.52051,87.324626,1
CVE,Central,Maheshtala,South 24 Parganas,West Bengal,East,22.519649,88.249807,1
KNT,West,Dhanbad,Dhanbad,Jharkhand,East,23.801452,86.416527,1
DBO,North,Loni,Ghaziabad,Uttar Pradesh,North,28.741164,77.304442,1
KCL,Katpadi,Vellore,Vellore,Tamil Nadu,South,12.915003,79.120611,1
TGW,Central,Kamarhati,North 24 Parganas,West Bengal,East,22.682586,88.371616,1
BKL,North,Firozabad,Firozabad,Uttar Pradesh,North,27.157634,78.411446,1
KTD,AIR Bypass,Tirupati,Chittoor,Andhra Pradesh,South,13.640584,79.421053,1
CFF,South,Akola,Akola,Maharashtra,West,20.681608,77.006831,1
KYN,East,Gaya,Gaya,Bihar,East,24.792893,84.99115,1
LPZ,South,Gandhinagar,Gandhinagar,Gujarat,West,23.202402,72.647784,1
WEA,North,Ludhiana,Ludhiana,Punjab,North,30.906806,75.870411,1
CEN,Central,Saharanpur,Saharanpur,Uttar Pradesh,North,29.978294,77.555591,1
VDD,North,Satara,Satara,Maharashtra,West,17.678919,74.032749,1
WLV,Hazratganj,Lucknow,Lucknow,Uttar Pradesh,North,26.858763,80.956608,1
YKP,Central,Dibrugarh,Dibrugarh,Assam,Northeast,27.484263,94.912953,1
ESJ,North,Anantapur,Anantapur,Andhra Pradesh,South,14.681879,77.61646,1
WSS,East,Moradabad,Moradabad,Uttar Pradesh,North,28.838113,78.765269,1
HEM,South,Akbarpur,Ambedkar Nagar,Uttar Pradesh,North,26.411096,82.539899,1
GRN,Vasundhara,Ghaziabad,Ghaziabad,Uttar Pradesh,North,28.657828,77.452076,1
RDF,East,Junagadh,Junagadh,Gujarat,West,21.523703,70.448891,1
YWP,Saraswathipuram,Mysuru,Mysuru,Karnataka,South,12.294068,76.628093,1
DIP,South,Rajkot,Rajkot,Gujarat,West,22.289338,70.811029,1
XWN,Central,Howrah,Howrah,West Bengal,East,22.604665,88.263905,1
MKS,South,Loni,Ghaziabad,Uttar Pradesh,North,28.723608,77.28741,1
WPK,East,Warangal,Warangal Urban,Telangana,South,17.970007,79.583927,1
IMS,Aminabad,Lucknow,Lucknow,Uttar Pradesh,North,26.832841,80.947188,1
NEG,Gomti Nagar,Lucknow,Lucknow,Uttar Pradesh,North,26.85757,80.945931,1
KDH,Pattom,Thiruvananthapuram,Thiruvananthapuram,Kerala,South,8.535706,76.936596,1
VUF,South,Satara,Satara,Maharashtra,West,17.664449,74.019221,1
NCV,South,Thrissur,Thrissur,Kerala,South,10.510344,76.213358,1
GTG,KK Nagar,Madurai,Madurai,Tamil Nadu,South,9.930457,78.133219,1
DEW,Jaydev Vihar,Bhubaneswar,Khordha,Odisha,East,20.304857,85.807443,1
BAT,South,Jammu,Jammu,Jammu and Kashmir,North,32.707477,74.857252,1
ANM,South,Bhilwara,Bhilwara,Rajasthan,North,25.328671,74.636238,1
IBS,Paltan Bazar,Guwahati,Kamrup Metro,Assam,Northeast,26.153101,91.747284,1
QCI,Sushant Lok,Gurgaon,Gurugram,Haryana,North,28.451077,77.012851,1
SKG,Manpada,Thane,Thane,Maharashtra,West,19.212775,72.964566,1
MLD,East,Gaya,Gaya,Bihar,East,24.789414,84.988931,1
DNN,Korlagunta,Tirupati,Chittoor,Andhra Pradesh,South,13.612233,79.417257,1
NPH,Tiruchanoor Road,Tirupati,Chittoor,Andhra Pradesh,South,13.628445,79.407759,1
KTS,South,Jalgaon,Jalgaon,Maharashtra,West,20.988196,75.563089,1
DWN,North,Bhiwandi,Thane,Maharashtra,West,19.3003,73.078024,1
ELW,West,Amritsar,Amritsar,Punjab,North,31.636838,74.858488,1
BOT,Manimajra,Chandigarh,Chandigarh,Chandigarh,North,30.723824,76.780014,1
EKA,Bondel,Mangalore,Dakshina Kannada,Karnataka,South,12.907605,74.842348,1
AMD,East,Bhiwandi,Thane,Maharashtra,West,19.30182,73.054063,1
DRU,West,Dehradun,Dehradun,Uttarakhand,North,30.320145,78.01685,1
ONN,Korlagunta,Tirupati,Chittoor,Andhra Pradesh,South,13.611967,79.419614,1
PPM,Central,Akbarpur,Ambedkar Nagar,Uttar Pradesh,North,26.438561,82.536924,1
SDV,East,Agartala,West Tripura,Tripura,Northeast,23.830463,91.27703,1
OCT,South,Belgaum,Belgaum,Karnataka,South,15.833649,74.49875,1
INP,North,Shahjahanpur,Shahjahanpur,Uttar Pradesh,North,27.881532,79.922405,1
EPP,Central,Jamnagar,Jamnagar,Gujarat,West,22.479813,70.057,1
MIP,Manpada,Thane,Thane,Maharashtra,West,19.209922,72.966808,1
CLH,East,Tinsukia,Tinsukia,Assam,Northeast,27.487804,95.348121,1
TEM,Central,Jhansi,Jhansi,Uttar Pradesh,North,25.457971,78.570454,1
LBN,North,Avadi,Tiruvallur,Tamil Nadu,South,13.114978,80.125737,1
LOP,South,Jammu,Jammu,Jammu and Kashmir,North,32.709504,74.8578,1
TUM,Arera Colony,Bhopal,Bhopal,Madhya Pradesh,Central,23.267771,77.423085,1
SCR,East,Korba,Korba,Chhattisgarh,Central,22.358322,82.740649,1
ORD,South,Satara,Satara,Maharashtra,West,17.661766,74.017925,1
SGF,South,Jammu,Jammu,Jammu and Kashmir,North,32.706963,74.85868,1
KKG,South,Aligarh,Aligarh,Uttar Pradesh,North,27.880075,78.086309,1
TIK,Central,Solapur,Solapur,Maharashtra,West,17.668881,75.906196,1
VNC,Central,Panipat,Panipat,Haryana,North,29.40005,76.964622,1
KAJ,East,Junagadh,Junagadh,Gujarat,West,21.522524,70.448519,1
TBT,Vinayaka Nagar,Tirupati,Chittoor,Andhra Pradesh,South,13.627345,79.435476,1
XUG,Technopark,Thiruvananthapuram,Thiruvananthapuram,Kerala,South,8.531501,76.919857,1
NPE,North,Jodhpur,Jodhpur,Rajasthan,North,26.244743,73.037953,1
CBH,North,Durgapur,Paschim Bardhaman,West Bengal,East,23.520311,87.326829,1
RBN,North,Jodhpur,Jodhpur,Rajasthan,North,26.243434,73.036677,1
OCU,North,Siliguri,Darjeeling,West Bengal,East,26.728493,88.41142,1
NIF,South,Kamarhati,North 24 Parganas,West Bengal,East,22.652609,88.369867,1
LSH,North,Kakinada,East Godavari,Andhra Pradesh,South,16.987693,82.260979,1
NSB,North,Imphal,Imphal West,Manipur,Northeast,24.81725,93.950619,1
VDC,South,Kurnool,Kurnool,Andhra Pradesh,South,15.811072,78.036128,1
CDG,South,Imphal,Imphal West,Manipur,Northeast,24.800638,93.936923,1
OFC,East,Rajahmundry,East Godavari,Andhra Pradesh,South,17.000727,81.793214,1
XGC,South,Satara,Satara,Maharashtra,West,17.662819,74.018849,1
BCC,North,Bokaro Steel City,Bokaro,Jharkhand,East,23.669312,86.1662,1
CFS,South,Asansol,Paschim Bardhaman,West Bengal,East,23.654072,86.952333,1
MWY,South,Jodhpur,Jodhpur,Rajasthan,North,26.223517,73.035099,1
HYL,South,Satara,Satara,Maharashtra,West,17.664002,74.019815,1
DEM,Central,Mathura,Mathura,Uttar Pradesh,North,27.502214,77.67174,1
JOB,South,Satara,Satara,Maharashtra,West,17.661069,74.0178,1
ALC,South,Yamunanagar,Yamunanagar,Haryana,North,30.11236,77.265447,1
ORB,Periya Semur,Erode,Erode,Tamil Nadu,South,11.339053,77.731594,1
XLB,Central,Sambalpur,Sambalpur,Odisha,East,21.478473,83.973738,1
CTS,West,Raipur,Raipur,Chhattisgarh,Central,21.255629,81.616355,1
NAK,Panvel,Navi Mumbai,Thane,Maharashtra,West,19.026988,73.016718,1
BPA,South,Jamshedpur,East Singhbhum,Jharkhand,East,22.788845,86.212947,1
XMY,North,Silchar,Cachar,Assam,Northeast,24.831823,92.792857,1
GYM,South,Amritsar,Amritsar,Punjab,North,31.620847,74.881529,1
MZY,East,Agartala,West Tripura,Tripura,Northeast,23.830679,91.277436,1
TDN,East,Akola,Akola,Maharashtra,West,20.698652,76.999313,1
MAQ,Ganapathy,Coimbatore,Coimbatore,Tamil Nadu,South,11.026074,76.938461,1
KSI,Geeta Bhawan,Indore,Indore,Madhya Pradesh,Central,22.710488,75.845188,1
GTT,Central,Dhule,Dhule,Maharashtra,West,20.915816,74.775451,1
HPH,Central,Rajkot,Rajkot,Gujarat,West,22.314496,70.803186,1
HQM,South,Maheshtala,South 24 Parganas,West Bengal,East,22.492774,88.246825,1
BWD,East,Mathura,Mathura,Uttar Pradesh,North,27.493864,77.663367,1
PAT,Central,Amravati,Amravati,Maharashtra,West,20.948736,77.78109,1
ESF,Central,Nadiad,Kheda,Gujarat,West,22.703486,72.861727,1
NEO,Pearl City,Thoothukudi,Thoothukudi,Tamil Nadu,South,8.776964,78.134698,1
TTK,North,Anantapur,Anantapur,Andhra Pradesh,South,14.681527,77.61627,1
QEZ,Central,Kanpur,Kanpur Nagar,Uttar Pradesh,North,26.459029,80.332029,1
ELE,Central,Rohtak,Rohtak,Haryana,North,28.906329,76.606198,1
YLA,South,Tinsukia,Tinsukia,Assam,Northeast,27.469402,95.360899,1
ATB,North,Mira-Bhayandar,Thane,Maharashtra,West,19.296459,72.868861,1
WTR,Karungalpalayam,Erode,Erode,Tamil Nadu,South,11.340362,77.70445,1
ISD,Central,Durgapur,Paschim Bardhaman,West Bengal,East,23.531754,87.311418,1
HAL,West,Kalyan,Thane,Maharashtra,West,19.249165,73.120411,1
ZMB,Central,Jamshedpur,East Singhbhum,Jharkhand,East,22.813759,86.204889,1
FOU,South,Kadapa,YSR Kadapa,Andhra Pradesh,South,14.447834,78.823156,1
DNW,South,Shillong,East Khasi Hills,Meghalaya,Northeast,25.558821,91.892558,1
WMZ,Central,Hisar,Hisar,Haryana,North,29.161257,75.723046,1
VTZ,North,Shillong,East Khasi Hills,Meghalaya,Northeast,25.580097,91.909603,1
SWH,East,Durgapur,Paschim Bardhaman,West Bengal,East,23.519463,87.302447,1
JFB,North,Ballari,Ballari,Karnataka,South,15.13741,76.937021,1
VGS,South,Avadi,Tiruvallur,Tamil Nadu,South,13.097277,80.110513,1
ECH,Habibganj,Bhopal,Bhopal,Madhya Pradesh,Central,23.24963,77.412934,1
KPH,Boring Road,Patna,Patna,Bihar,East,25.604682,85.136706,1
KKJ,North,Rajkot,Rajkot,Gujarat,West,22.308182,70.81603,1
MOJ,C-Scheme,Jaipur,Jaipur,Rajasthan,North,26.923345,75.789104,1
RZS,East,Jodhpur,Jodhpur,Rajasthan,North,26.230251,73.019673,1
PJA,South,Anantapur,Anantapur,Andhra Pradesh,South,14.664356,77.600985,1
XIO,South,Udaipur,Udaipur,Rajasthan,North,24.567659,73.711126,1
JAC,East,Brahmapur,Ganjam,Odisha,East,19.313855,84.785021,1
BSJ,North,Shahjahanpur,Shahjahanpur,Uttar Pradesh,North,27.882094,79.923253,1
BLC,East,Ujjain,Ujjain,Madhya Pradesh,Central,23.174618,75.778844,1
RML,Bhawarkua,Indore,Indore,Madhya Pradesh,Central,22.711647,75.875007,1
SRK,South,Port Blair,Cuddalore,Tamil Nadu,South,11.731645,79.772614,1
ISJ,Jaydev Vihar,Bhubaneswar,Khordha,Odisha,East,20.303415,85.808589,1
SHU,East,Kakinada,East Godavari,Andhra Pradesh,South,16.990678,82.236957,1
HBF,Ganapathy,Coimbatore,Coimbatore,Tamil Nadu,South,11.026035,76.938913,1
NSD,Central,Malegaon,Nashik,Maharashtra,West,20.569708,74.527401,1
TPC,East,Durgapur,Paschim Bardhaman,West Bengal,East,23.518737,87.301081,1
GFP,North,Ballari,Ballari,Karnataka,South,15.141218,76.937162,1
AUD,West,Ludhiana,Ludhiana,Punjab,North,30.90658,75.843982,1
NRG,Vyttila,Kochi,Ernakulam,Kerala,South,9.923292,76.255661,1
ZUN,South,Jalandhar,Jalandhar,Punjab,North,31.308308,75.576073,1
HGW,Central,Durgapur,Paschim Bardhaman,West Bengal,East,23.532842,87.31281,1
GSW,East,Durgapur,Paschim Bardhaman,West Bengal,East,23.521738,87.30075,1
AHT,Central,Ambattur,Tiruvallur,Tamil Nadu,South,13.107977,80.16117,1
ISW,East,Junagadh,Junagadh,Gujarat,West,21.523088,70.447005,1
CVR,South,Mathura,Mathura,Uttar Pradesh,North,27.474615,77.672874,1
TEJ,South,Kohima,Kohima,Nagaland,Northeast,25.654802,94.110541,1
RBO,East,Dharamshala,Kangra,Himachal Pradesh,North,32.218695,76.312859,1
LFE,East,Rourkela,Sundargarh,Odisha,East,22.259582,84.843712,1
JHY,Central,Kanpur,Kanpur Nagar,Uttar Pradesh,North,26.461436,80.332688,1
HXN,East,Maheshtala,South 24 Parganas,West Bengal,East,22.509917,88.23586,1
ALU,South,Firozabad,Firozabad,Uttar Pradesh,North,27.139363,78.397471,1
TOS,Mansarovar,Jaipur,Jaipur,Rajasthan,North,26.910562,75.805536,1
ALL,Airoli,Navi Mumbai,Thane,Maharashtra,West,19.043138,73.0135,1
NIC,Vesu,Surat,Surat,Gujarat,West,21.178124,72.841749,1
PWG,North,Durgapur,Paschim Bardhaman,West Bengal,East,23.519582,87.324581,1
XFI,Central,Amritsar,Amritsar,Punjab,North,31.644888,74.871269,1
SAL,West,Aurangabad,Aurangabad,Maharashtra,West,19.878673,75.330789,1
IXP,East,Bikaner,Bikaner,Rajasthan,North,28.022519,73.300346,1
XKL,Central,Akbarpur,Ambedkar Nagar,Uttar Pradesh,North,26.441508,82.536534,1
YNB,North,Rourkela,Sundargarh,Odisha,East,22.259368,84.867975,1
ZNE,North,Amritsar,Amritsar,Punjab,North,31.639191,74.887593,1
UDC,Sadar,Nagpur,Nagpur,Maharashtra,West,21.156358,79.08794,1
AZP,South,Hisar,Hisar,Haryana,North,29.131996,75.722913,1
HIF,South,Firozabad,Firozabad,Uttar Pradesh,North,27.141474,78.397037,1
SIZ,North,Roorkee,Haridwar,Uttarakhand,North,29.85542,77.900466,1
WCF,East,Durgapur,Paschim Bardhaman,West Bengal,East,23.519741,87.302234,1
HHM,Bhawarkua,Indore,Indore,Madhya Pradesh,Central,22.711008,75.87423,1
HZL,East,Kohima,Kohima,Nagaland,Northeast,25.67617,94.098954,1
FNR,North,Udaipur,Udaipur,Rajasthan,North,24.586162,73.725387,1
PNI,South,Malegaon,Nashik,Maharashtra,West,20.538673,74.526856,1
PAA,East,Anantapur,Anantapur,Andhra Pradesh,South,14.682561,77.589515,1
FSR,Central,Sambalpur,Sambalpur,Odisha,East,21.475732,83.975536,1
NLT,Central,Saharanpur,Saharanpur,Uttar Pradesh,North,29.978956,77.555339,1
GSO,Anna Nagar,Madurai,Madurai,Tamil Nadu,South,9.935745,78.121316,1
RTR,North,Imphal,Imphal West,Manipur,Northeast,24.818589,93.952481,1
ARB,East,Durgapur,Paschim Bardhaman,West Bengal,East,23.51984,87.29981,1
PLF,South,Kanpur,Kanpur Nagar,Uttar Pradesh,North,26.43394,80.340912,1
SCG,Central,Port Blair,Cuddalore,Tamil Nadu,South,11.75842,79.773366,1
MZP,East,Aizawl,Aizawl,Mizoram,Northeast,23.726117,92.708545,1
HPL,Central,Agartala,West Tripura,Tripura,Northeast,23.842568,91.286473,1
HLN,Central,Warangal,Warangal Urban,Telangana,South,17.979688,79.592667,1
EOO,Argora,Ranchi,Ranchi,Jharkhand,East,23.352542,85.295168,1
OEN,East,Hisar,Hisar,Haryana,North,29.149415,75.711771,1
NAD,North,Maheshtala,South 24 Parganas,West Bengal,East,22.512306,88.264114,1
WDU,North,Dharamshala,Kangra,Himachal Pradesh,North,32.217064,76.337423,1
ARL,Central,Anantapur,Anantapur,Andhra Pradesh,South,14.692969,77.601546,1
SSN,North,Port Blair,Cuddalore,Tamil Nadu,South,11.748445,79.786656,1
SOE,North,Hubli,Dharwad,Karnataka,South,15.365589,75.137325,1
RGL,South,Gaya,Gaya,Bihar,East,24.773265,84.999189,1
HAF,Central,Mysore,Mysuru,Karnataka,South,12.307929,76.639446,1
XOV,East,Shimla,Shimla,Himachal Pradesh,North,31.10526,77.16419,1
TER,North,Bilaspur,Bilaspur,Chhattisgarh,Central,22.078654,82.153794,1
RAD,South,Jalandhar,Jalandhar,Punjab,North,31.307907,75.574986,1
GFC,Sector 86,Faridabad,Faridabad,Haryana,North,28.402445,77.303597,1
DDA,Central,Avadi,Tiruvallur,Tamil Nadu,South,13.123968,80.10808,1
WKR,East,Jalandhar,Jalandhar,Punjab,North,31.32565,75.56599,1
NOE,North,Jamnagar,Jamnagar,Gujarat,West,22.47128,70.070407,1
DVX,Greater Faridabad,Faridabad,Faridabad,Haryana,North,28.417553,77.301695,1
MBE,Central,Durgapur,Paschim Bardhaman,West Bengal,East,23.531666,87.310912,1
RFH,Central,Howrah,Howrah,West Bengal,East,22.605619,88.264277,1
RSM,South,Aligarh,Aligarh,Uttar Pradesh,North,27.881366,78.087943,1
SMR,South,Yamunanagar,Yamunanagar,Haryana,North,30.109899,77.266233,1
MAG,South,Jodhpur,Jodhpur,Rajasthan,North,26.223161,73.036004,1
CBR,South,Sangli,Sangli,Maharashtra,West,16.834615,74.582573,1
RXF,Beltola,Guwahati,Kamrup Metro,Assam,Northeast,26.137711,91.72407,1
ISN,Vasundhara,Ghaziabad,Ghaziabad,Uttar Pradesh,North,28.658649,77.454728,1
CMR,East,Jodhpur,Jodhpur,Rajasthan,North,26.228201,73.017774,1
MLV,Central,Ambattur,Tiruvallur,Tamil Nadu,South,13.108418,80.161514,1
NAY,South,Mysore,Mysuru,Karnataka,South,12.277426,76.640339,1
XFV,North,Guntur,Guntur,Andhra Pradesh,South,16.304706,80.45058,1
TFI,North,Ludhiana,Ludhiana,Punjab,North,30.904669,75.87247,1
ARX,South,Bhilai,Durg,Chhattisgarh,Central,21.174228,81.351227,1
SLR,North,Durgapur,Paschim Bardhaman,West Bengal,East,23.521352,87.325192,1
GTD,East,Cuttack,Cuttack,Odisha,East,20.46054,85.871298,1
RGT,Central,Durgapur,Paschim Bardhaman,West Bengal,East,23.530223,87.310165,1
BLP,Bryant Nagar,Thoothukudi,Thoothukudi,Tamil Nadu,South,8.746484,78.133862,1
KGI,Sector 18,Noida,Gautam Buddha Nagar,Uttar Pradesh,North,28.545808,77.389253,1
HUD,North,Amravati,Amravati,Maharashtra,West,20.937212,77.794633,1
OPT,Fort Kochi,Kochi,Ernakulam,Kerala,South,9.937065,76.27984,1
SMM,North,Jalandhar,Jalandhar,Punjab,North,31.325329,75.589559,1
SKK,North,Jalandhar,Jalandhar,Punjab,North,31.327133,75.591168,1
BES,Suramangalam,Salem,Salem,Tamil Nadu,South,11.647497,78.147265,1
SSI,North,Latur,Latur,Maharashtra,West,18.408215,76.575368,1
TMT,Tiruchanoor Road,Tirupati,Chittoor,Andhra Pradesh,South,13.628223,79.406794,1
CRN,Central,Yamunanagar,Yamunanagar,Haryana,North,30.138177,77.265872,1
CFR,South,Anand,Anand,Gujarat,West,22.545334,72.929311,1
RPG,Beach Road,Thoothukudi,Thoothukudi,Tamil Nadu,South,8.762992,78.150562,1
WKA,Central,Ajmer,Ajmer,Rajasthan,North,26.459362,74.640896,1
RVT,South,Bareilly,Bareilly,Uttar Pradesh,North,28.348672,79.432273,1
BPI,Kharghar,Navi Mumbai,Thane,Maharashtra,West,19.022452,73.031036,1
DWH,South,Gaya,Gaya,Bihar,East,24.773241,85.000185,1
SYE,North,Kozhikode,Kozhikode,Kerala,South,11.257175,75.795856,1
ATL,South,Mira-Bhayandar,Thane,Maharashtra,West,19.279141,72.852947,1
IPA,South,Korba,Korba,Chhattisgarh,Central,22.339601,82.750566,1
BMH,South,Gwalior,Gwalior,Madhya Pradesh,Central,26.202836,78.191809,1
RIV,Central,Shahjahanpur,Shahjahanpur,Uttar Pradesh,North,27.890007,79.909551,1
WHD,North,Durgapur,Paschim Bardhaman,West Bengal,East,23.520696,87.328218,1
IPL,East,Jhansi,Jhansi,Uttar Pradesh,North,25.449964,78.55875,1
LCS,Central,Durgapur,Paschim Bardhaman,West Bengal,East,23.52992,87.31114,1
TMV,East,Cuttack,Cuttack,Odisha,East,20.46203,85.874185,1
DCD,MVP Colony,Visakhapatnam,Visakhapatnam,Andhra Pradesh,South,17.698953,83.216891,1
MAE,North,Kohima,Kohima,Nagaland,Northeast,25.67507,94.124214,1
LEB,Town,Tirunelveli,Tirunelveli,Tamil Nadu,South,8.725832,77.755273,1
YVB,South,Agartala,West Tripura,Tripura,Northeast,23.812531,91.285853,1
OPL,South,Junagadh,Junagadh,Gujarat,West,21.505049,70.458108,1
VPT,Central,Loni,Ghaziabad,Uttar Pradesh,North,28.752419,77.290255,1
SCK,Central,Akbarpur,Ambedkar Nagar,Uttar Pradesh,North,26.438367,82.538594,1
HHR,South,Gandhinagar,Gandhinagar,Gujarat,West,23.199212,72.649058,1
JCS,Patamata,Vijayawada,Krishna,Andhra Pradesh,South,16.495527,80.663863,1
SJO,West,Aurangabad,Aurangabad,Maharashtra,West,19.882164,75.330968,1
CDK,Central,Allahabad,Prayagraj,Uttar Pradesh,North,25.444859,81.847741,1
ATC,South,Dhanbad,Dhanbad,Jharkhand,East,23.782668,86.439364,1
ACM,East,Mathura,Mathura,Uttar Pradesh,North,27.491585,77.663159,1
DPE,North,Jalandhar,Jalandhar,Punjab,North,31.327853,75.589026,1
DTW,North,Durgapur,Paschim Bardhaman,West Bengal,East,23.521271,87.325947,1
ANH,Central,Ambala,Ambala,Haryana,North,30.388152,76.775645,1
KST,West,Jamshedpur,East Singhbhum,Jharkhand,East,22.809454,86.188755,1
JPN,Sector 56,Gurgaon,Gurugram,Haryana,North,28.451663,77.043049,1
DIE,Central,Mathura,Mathura,Uttar Pradesh,North,27.503744,77.673282,1
CYU,North,Ratnagiri,Ratnagiri,Maharashtra,West,16.995839,73.315263,1
ESM,Bodakdev,Ahmedabad,Ahmedabad,Gujarat,West,23.004639,72.572869,1
NGA,South,Kollam,Kollam,Kerala,South,8.874728,76.614485,1
DPK,Central,Gorakhpur,Gorakhpur,Uttar Pradesh,North,26.769781,83.374335,1
YAN,Central,Bhuj,Kutch,Gujarat,West,23.265507,69.667474,1
MTY,East,Sambalpur,Sambalpur,Odisha,East,21.465079,83.963812,1
PCD,East,Jammu,Jammu,Jammu and Kashmir,North,32.727075,74.845585,1
ACC,North,Dibrugarh,Dibrugarh,Assam,Northeast,27.473255,94.926586,1
SGC,Central,Aizawl,Aizawl,Mizoram,Northeast,23.737044,92.717558,1
ETD,East,Jamnagar,Jamnagar,Gujarat,West,22.471085,70.047,1
OLP,TT Nagar,Bhopal,Bhopal,Madhya Pradesh,Central,23.250996,77.426625,1
LLS,East,Panipat,Panipat,Haryana,North,29.392557,76.95279,1
FRG,AB Road,Indore,Indore,Madhya Pradesh,Central,22.727704,75.840304,1
SRL,Bodakdev,Ahmedabad,Ahmedabad,Gujarat,West,23.002501,72.571434,1
TAF,North,Anantapur,Anantapur,Andhra Pradesh,South,14.682073,77.615607,1
DYA,South,Bhagalpur,Bhagalpur,Bihar,East,25.223796,86.983631,1
HTE,East,Agartala,West Tripura,Tripura,Northeast,23.831508,91.275225,1
HTB,South,Karnal,Karnal,Haryana,North,29.666227,76.991853,1
XLS,Panvel,Navi Mumbai,Thane,Maharashtra,West,19.025455,73.018611,1
AWI,North,Jalgaon,Jalgaon,Maharashtra,West,21.006483,75.578925,1
KAC,East,Yamunanagar,Yamunanagar,Haryana,North,30.127264,77.256016,1
VMD,Vasundhara,Ghaziabad,Ghaziabad,Uttar Pradesh,North,28.656903,77.455674,1
UZC,Karelibaug,Vadodara,Vadodara,Gujarat,West,22.296382,73.183033,1
DWP,Central,Aizawl,Aizawl,Mizoram,Northeast,23.737682,92.719267,1
VVF,East,Tiruvottiyur,Tiruvallur,Tamil Nadu,South,13.165334,80.291744,1
FBM,North,Maheshtala,South 24 Parganas,West Bengal,East,22.510026,88.263906,1
EOS,South,Shillong,East Khasi Hills,Meghalaya,Northeast,25.561826,91.891905,1
AOL,East,Bhilwara,Bhilwara,Rajasthan,North,25.347505,74.626913,1
CAB,Hinoo,Ranchi,Ranchi,Jharkhand,East,23.335244,85.323704,1
ATY,East,Loni,Ghaziabad,Uttar Pradesh,North,28.74052,77.277496,1
VXA,North,Kota,Kota,Rajasthan,North,25.21683,75.878821,1
ALX,South,Warangal,Warangal Urban,Telangana,South,17.950681,79.593507,1
CHQ,South,Ludhiana,Ludhiana,Punjab,North,30.884565,75.866483,1
TCA,South,Durgapur,Paschim Bardhaman,West Bengal,East,23.502106,87.313422,1
VAM,Central,Brahmapur,Ganjam,Odisha,East,19.323736,84.793367,1
JAS,North,Amravati,Amravati,Maharashtra,West,20.939201,77.792168,1
LRC,South,Jodhpur,Jodhpur,Rajasthan,North,26.223122,73.035105,1
ENS,East,Dehradun,Dehradun,Uttarakhand,North,30.305821,78.023964,1
ROY,East,Kurnool,Kurnool,Andhra Pradesh,South,15.829044,78.025758,1
ARG,Central,Bhiwandi,Thane,Maharashtra,West,19.309462,73.065267,1
VBC,Central,Aizawl,Aizawl,Mizoram,Northeast,23.738039,92.717532,1
ECS,West,Agra,Agra,Uttar Pradesh,North,27.181449,77.994919,1
SPH,North,Durgapur,Paschim Bardhaman,West Bengal,East,23.522343,87.325626,1
VOL,East,Jalgaon,Jalgaon,Maharashtra,West,21.008843,75.55029,1
STA,Old Faridabad,Faridabad,Faridabad,Haryana,North,28.398079,77.331468,1
TFP,Sector 62,Noida,Gautam Buddha Nagar,Uttar Pradesh,North,28.54303,77.404232,1
RHY,Central,Malegaon,Nashik,Maharashtra,West,20.568409,74.529185,1
SLB,Sitabuldi,Nagpur,Nagpur,Maharashtra,West,21.154575,79.100452,1
MNN,Mansarovar,Jaipur,Jaipur,Rajasthan,North,26.913638,75.806091,1
MGW,South,Agartala,West Tripura,Tripura,Northeast,23.811866,91.286307,1
LND,East,Cuttack,Cuttack,Odisha,East,20.463728,85.87254,1
ASL,Sasthamangalam,Thiruvananthapuram,Thiruvananthapuram,Kerala,South,8.514933,76.935511,1
CCF,Indirapuram,Ghaziabad,Ghaziabad,Uttar Pradesh,North,28.681137,77.453092,1
ILD,South,Agra,Agra,Uttar Pradesh,North,27.160402,78.020459,1
PCT,South,Tinsukia,Tinsukia,Assam,Northeast,27.471028,95.361179,1
DDL,East,Durgapur,Paschim Bardhaman,West Bengal,East,23.521803,87.300388,1
NES,Central,Shillong,East Khasi Hills,Meghalaya,Northeast,25.591293,91.894012,1
XWQ,West,Varanasi,Varanasi,Uttar Pradesh,North,25.32065,82.961163,1
GOR,North,Muzaffarpur,Muzaffarpur,Bihar,East,26.121683,85.380253,1
QNL,North,Saharanpur,Saharanpur,Uttar Pradesh,North,29.966013,77.567645,1
ZJH,South,Davanagere,Davanagere,Karnataka,South,14.445461,75.922133,1
KZQ,South,Kota,Kota,Rajasthan,North,25.198702,75.876515,1
WPS,Palayamkottai,Tirunelveli,Tirunelveli,Tamil Nadu,South,8.694215,77.758504,1
ACZ,Central,Bhilai,Durg,Chhattisgarh,Central,21.202953,81.350543,1
GMH,South,Jalandhar,Jalandhar,Punjab,North,31.306131,75.574229,1
ZLB,Central,Agartala,West Tripura,Tripura,Northeast,23.841462,91.286842,1
BIZ,Central,Nanded,Nanded,Maharashtra,West,19.147762,77.319402,1
RBU,Sasthamangalam,Thiruvananthapuram,Thiruvananthapuram,Kerala,South,8.514132,76.938544,1
KFF,North,Rohtak,Rohtak,Haryana,North,28.896648,76.620397,1
GYT,Goregaon,Mumbai,Mumbai,Maharashtra,West,19.0702,72.865704,1
RBT,East,Junagadh,Junagadh,Gujarat,West,21.522442,70.447837,1
NGJ,East,Anantapur,Anantapur,Andhra Pradesh,South,14.683711,77.590255,1
HMR,Korlagunta,Tirupati,Chittoor,Andhra Pradesh,South,13.611204,79.419382,1
FEH,Central,Rohtak,Rohtak,Haryana,North,28.907195,76.607081,1
MZO,Town,Tirunelveli,Tirunelveli,Tamil Nadu,South,8.726628,77.756412,1
OOI,South,Gaya,Gaya,Bihar,East,24.772664,85.001989,1
VRC,Central,Ajmer,Ajmer,Rajasthan,North,26.459509,74.638089,1
SLU,Beach Road,Visakhapatnam,Visakhapatnam,Andhra Pradesh,South,17.678755,83.206938,1
WQV,East,Durgapur,Paschim Bardhaman,West Bengal,East,23.519122,87.302872,1
VAZ,East,Malegaon,Nashik,Maharashtra,West,20.557596,74.516918,1
HDK,East,Sangli,Sangli,Maharashtra,West,16.853481,74.572186,1
MVB,North,Bhilai,Durg,Chhattisgarh,Central,21.194603,81.367089,1
NMD,Central,Ballari,Ballari,Karnataka,South,15.150911,76.923079,1
LMM,North,Maheshtala,South 24 Parganas,West Bengal,East,22.511171,88.263314,1
BNN,South,Jamshedpur,East Singhbhum,Jharkhand,East,22.78909,86.213958,1
LBL,South,Jalgaon,Jalgaon,Maharashtra,West,20.990665,75.56206,1
XMX,Doranda,Ranchi,Ranchi,Jharkhand,East,23.351918,85.320261,1
UNW,North,Amravati,Amravati,Maharashtra,West,20.937811,77.792092,1
WNB,North,Dibrugarh,Dibrugarh,Assam,Northeast,27.472311,94.927092,1
MOZ,East,Guntur,Guntur,Andhra Pradesh,South,16.305952,80.426888,1
HBC,Central,Durgapur,Paschim Bardhaman,West Bengal,East,23.530968,87.311153,1
VOO,TT Nagar,Bhopal,Bhopal,Madhya Pradesh,Central,23.250714,77.429301,1
CNS,Bhawarkua,Indore,Indore,Madhya Pradesh,Central,22.711435,75.874976,1
ZZE,South,Kanpur,Kanpur Nagar,Uttar Pradesh,North,26.434554,80.342528,1
TLO,North,Jhansi,Jhansi,Uttar Pradesh,North,25.446559,78.584381,1
RRO,East,Durgapur,Paschim Bardhaman,West Bengal,East,23.522119,87.299318,1
ERE,East,Ballari,Ballari,Karnataka,South,15.137682,76.910779,1
TEU,South,Ratnagiri,Ratnagiri,Maharashtra,West,16.976424,73.299521,1
BML,Doranda,Ranchi,Ranchi,Jharkhand,East,23.351369,85.321918,1
TSE,Central,Ambattur,Tiruvallur,Tamil Nadu,South,13.110436,80.161603,1
KKS,East,Jamnagar,Jamnagar,Gujarat,West,22.471278,70.046487,1
TAH,Central,Durgapur,Paschim Bardhaman,West Bengal,East,23.529647,87.313815,1
XKR,South,Ambala,Ambala,Haryana,North,30.361821,76.775923,1
XSL,North,Jalgaon,Jalgaon,Maharashtra,West,21.007695,75.575521,1
WZT,Sector 16,Noida,Gautam Buddha Nagar,Uttar Pradesh,North,28.545041,77.375251,1
CVM,East,Aizawl,Aizawl,Mizoram,Northeast,23.725152,92.707972,1
FCN,Central,Kamarhati,North 24 Parganas,West Bengal,East,22.680558,88.36835,1
TEH,North,Agartala,West Tripura,Tripura,Northeast,23.833246,91.300271,1
XLC,Kadri,Mangalore,Dakshina Kannada,Karnataka,South,12.919744,74.866985,1
CGT,East,Durgapur,Paschim Bardhaman,West Bengal,East,23.521093,87.301746,1
QQA,North,Durgapur,Paschim Bardhaman,West Bengal,East,23.518845,87.32437,1
KQC,Central,Ballari,Ballari,Karnataka,South,15.150076,76.91983,1
NGM,North,Rourkela,Sundargarh,Odisha,East,22.261235,84.867453,1
QCP,Palayamkottai,Tirunelveli,Tirunelveli,Tamil Nadu,South,8.697014,77.755972,1
JDT,Central,Kozhikode,Kozhikode,Kerala,South,11.268038,75.781602,1
XMG,Central,Dhule,Dhule,Maharashtra,West,20.916384,74.77408,1
GNH,South,Loni,Ghaziabad,Uttar Pradesh,North,28.720729,77.287068,1
CAU,North,Dharamshala,Kangra,Himachal Pradesh,North,32.217324,76.336236,1
HIO,West,Gwalior,Gwalior,Madhya Pradesh,Central,26.223183,78.169178,1
XCV,VV Mohalla,Mysuru,Mysuru,Karnataka,South,12.308303,76.638055,1
SPF,East,Moradabad,Moradabad,Uttar Pradesh,North,28.838197,78.765963,1
AXL,Central,Durgapur,Paschim Bardhaman,West Bengal,East,23.531348,87.310708,1
QHM,East,Durgapur,Paschim Bardhaman,West Bengal,East,23.519487,87.302978,1
MLP,North,Agartala,West Tripura,Tripura,Northeast,23.832333,91.30156,1
GYI,GS Road,Guwahati,Kamrup Metro,Assam,Northeast,26.135714,91.74982,1
BIL,Central,Junagadh,Junagadh,Gujarat,West,21.532902,70.45726,1
PTO,Central,Anantapur,Anantapur,Andhra Pradesh,South,14.694355,77.59987,1
UHO,North,Pathankot,Pathankot,Punjab,North,32.276272,75.666973,1
CAL,Central,Cuttack,Cuttack,Odisha,East,20.472088,85.882366,1
XYD,DLF Phase 1,Gurgaon,Gurugram,Haryana,North,28.467778,77.03915,1
FNP,East,Jalandhar,Jalandhar,Punjab,North,31.327901,75.566422,1
TCK,North,Kamarhati,North 24 Parganas,West Bengal,East,22.670975,88.386352,1
CRD,South,Puducherry,Puducherry,Puducherry,South,11.923666,79.807368,1
HBG,Tonk Road,Jaipur,Jaipur,Rajasthan,North,26.899492,75.786524,1
MNR,Sector 35,Chandigarh,Chandigarh,Chandigarh,North,30.741714,76.791849,1
SAQ,North,Akola,Akola,Maharashtra,West,20.698425,77.021913,1
GJK,East,Kakinada,East Godavari,Andhra Pradesh,South,16.989695,82.236871,1
HFP,North,Margao,South Goa,Goa,West,15.284617,74.000204,1
NWD,Sector 62,Noida,Gautam Buddha Nagar,Uttar Pradesh,North,28.544211,77.402134,1
LDY,West,Kanpur,Kanpur Nagar,Uttar Pradesh,North,26.455579,80.319804,1
HNX,East,Junagadh,Junagadh,Gujarat,West,21.522453,70.447699,1
GWA,South,Loni,Ghaziabad,Uttar Pradesh,North,28.722708,77.287397,1
EVB,North,Durgapur,Paschim Bardhaman,West Bengal,East,23.519923,87.326411,1
QNN,Central,Puducherry,Puducherry,Puducherry,South,11.952118,79.807392,1
LLB,North,Durgapur,Paschim Bardhaman,West Bengal,East,23.519659,87.327551,1
XOW,East,Ujjain,Ujjain,Madhya Pradesh,Central,23.17812,75.779229,1
FNL,Saraswathipuram,Mysuru,Mysuru,Karnataka,South,12.294524,76.627485,1
USC,West,Jabalpur,Jabalpur,Madhya Pradesh,Central,23.186748,79.973571,1
ALZ,West,Amritsar,Amritsar,Punjab,North,31.640179,74.857159,1
EPU,Akota,Vadodara,Vadodara,Gujarat,West,22.298273,73.168691,1
IRI,South,Jamnagar,Jamnagar,Gujarat,West,22.454628,70.056077,1
PPI,East,Karnal,Karnal,Haryana,North,29.687249,76.979668,1
EAP,East,Sangli,Sangli,Maharashtra,West,16.853347,74.571009,1
EHD,North,Jalgaon,Jalgaon,Maharashtra,West,21.008226,75.57793,1
KUL,East,Dibrugarh,Dibrugarh,Assam,Northeast,27.47199,94.903106,1
KEH,South,Kollam,Kollam,Kerala,South,8.875902,76.614737,1
BRQ,North,Hisar,Hisar,Haryana,North,29.148866,75.736842,1
HLH,North,Aligarh,Aligarh,Uttar Pradesh,North,27.897291,78.101529,1
NCC,North,Kota,Kota,Rajasthan,North,25.217617,75.878953,1
XJB,South,Panipat,Panipat,Haryana,North,29.372291,76.963884,1
FFE,Central,Durgapur,Paschim Bardhaman,West Bengal,East,23.532061,87.311291,1
XAI,North,Asansol,Paschim Bardhaman,West Bengal,East,23.673074,86.965574,1
HXT,North,Bilaspur,Bilaspur,Chhattisgarh,Central,22.077835,82.151899,1
XYR,East,Gangtok,East Sikkim,Sikkim,Northeast,27.33896,88.596649,1
EMJ,East,Ulhasnagar,Thane,Maharashtra,West,19.219599,73.151799,1
SFV,Old Town,Bhubaneswar,Khordha,Odisha,East,20.289244,85.810129,1
FFG,South,Jalandhar,Jalandhar,Punjab,North,31.309892,75.578174,1
WTH,East,Davanagere,Davanagere,Karnataka,South,14.463172,75.912154,1
UPM,East,Dhanbad,Dhanbad,Jharkhand,East,23.787263,86.422579,1
DSA,West,Jodhpur,Jodhpur,Rajasthan,North,26.243701,73.010157,1
RMK,Central,Kohima,Kohima,Nagaland,Northeast,25.685872,94.108505,1
WCT,East,Ballari,Ballari,Karnataka,South,15.138978,76.910807,1
IDA,South,Jodhpur,Jodhpur,Rajasthan,North,26.225331,73.03584,1
XJA,South,Kohima,Kohima,Nagaland,Northeast,25.6553,94.107262,1
TTE,East,Hubli,Dharwad,Karnataka,South,15.365258,75.113674,1
PBL,East,Jabalpur,Jabalpur,Madhya Pradesh,Central,23.174339,79.978817,1
PKA,Central,Shimla,Shimla,Himachal Pradesh,North,31.114683,77.171741,1
GVL,Gokulam,Mysuru,Mysuru,Karnataka,South,12.295313,76.653547,1
ICL,Central,Junagadh,Junagadh,Gujarat,West,21.531954,70.457561,1
UAP,Central,Karnal,Karnal,Haryana,North,29.694879,76.992468,1
STZ,North,Mathura,Mathura,Uttar Pradesh,North,27.49233,77.686784,1
KLN,North,Bhilai,Durg,Chhattisgarh,Central,21.192493,81.363896,1
ERG,East,Imphal,Imphal West,Manipur,Northeast,24.815823,93.926056,1
HWP,Central,Durgapur,Paschim Bardhaman,West Bengal,East,23.531379,87.311288,1
GLE,North,Bhilai,Durg,Chhattisgarh,Central,21.194174,81.363654,1
HSC,Patliputra,Patna,Patna,Bihar,East,25.603063,85.149603,1
XTR,Central,Korba,Korba,Chhattisgarh,Central,22.370292,82.749846,1
BFX,East,Bidar,Bidar,Karnataka,South,17.912739,77.521157,1
UCW,Central,Silchar,Cachar,Assam,Northeast,24.842758,92.779099,1
PEE,Central,Rajkot,Rajkot,Gujarat,West,22.315457,70.803324,1
NYG,DLF Phase 1,Gurgaon,Gurugram,Haryana,North,28.468418,77.039774,1
XTJ,South,Port Blair,Cuddalore,Tamil Nadu,South,11.728653,79.773012,1
STF,East,Shimla,Shimla,Himachal Pradesh,North,31.104429,77.161389,1
OYO,East,Raipur,Raipur,Chhattisgarh,Central,21.24181,81.621586,1
DGT,Rajarhat,Kolkata,Kolkata,West Bengal,East,22.579521,88.357185,1
DVW,North,Anantapur,Anantapur,Andhra Pradesh,South,14.683611,77.614501,1
FSM,East,Gangtok,East Sikkim,Sikkim,Northeast,27.338332,88.596137,1
MPV,Ballabgarh,Faridabad,Faridabad,Haryana,North,28.398517,77.316121,1
XAP,Karelibaug,Vadodara,Vadodara,Gujarat,West,22.294703,73.18039,1
ZIM,Gandhi Nagar,Vellore,Vellore,Tamil Nadu,South,12.917601,79.14674,1
ETP,Saraswathipuram,Mysuru,Mysuru,Karnataka,South,12.294132,76.630057,1
ZRR,East,Nanded,Nanded,Maharashtra,West,19.137551,77.309683,1
PYN,Central,Dhule,Dhule,Maharashtra,West,20.914198,74.77505,1
FEE,Kavi Nagar,Ghaziabad,Ghaziabad,Uttar Pradesh,North,28.677211,77.466705,1
YXC,South,Amritsar,Amritsar,Punjab,North,31.618642,74.884216,1
NDB,Cantonment,Tiruchirappalli,Tiruchirappalli,Tamil Nadu,South,10.801475,78.704454,1
HLO,East,Ratnagiri,Ratnagiri,Maharashtra,West,16.994688,73.288171,1
MSH,Kalwa,Thane,Thane,Maharashtra,West,19.206749,72.978359,1
TRI,East,Satara,Satara,Maharashtra,West,17.682481,74.006359,1
SLC,South,Aurangabad,Aurangabad,Maharashtra,West,19.860112,75.354531,1
RPD,East,Udaipur,Udaipur,Rajasthan,North,24.585881,73.702048,1
XFR,Greater Noida,Noida,Gautam Buddha Nagar,Uttar Pradesh,North,28.527218,77.406226,1
ICO,Kankarbagh,Patna,Patna,Bihar,East,25.585961,85.154631,1
VON,North,Rajahmundry,East Godavari,Andhra Pradesh,South,17.000037,81.819161,1
XWF,North,Belgaum,Belgaum,Karnataka,South,15.850337,74.51026,1
TRU,East,Ambattur,Tiruvallur,Tamil Nadu,South,13.096253,80.149897,1
WOU,Central,Kurnool,Kurnool,Andhra Pradesh,South,15.839149,78.036683,1
NJR,North,Agra,Agra,Uttar Pradesh,North,27.181365,78.023691,1
BIP,North,Sambalpur,Sambalpur,Odisha,East,21.465518,83.989246,1
BLE,East,Ahmednagar,Ahmednagar,Maharashtra,West,19.096597,74.737126,1
CHG,North,Solapur,Solapur,Maharashtra,West,17.660896,75.920765,1
FRM,South,Jalandhar,Jalandhar,Punjab,North,31.308282,75.575341,1
KSC,East,Junagadh,Junagadh,Gujarat,West,21.523523,70.448644,1
RDK,Town,Tirunelveli,Tirunelveli,Tamil Nadu,South,8.725109,77.758683,1
SZO,Central,Bhuj,Kutch,Gujarat,West,23.264175,69.67032,1
APC,Bhavani Road,Erode,Erode,Tamil Nadu,South,11.350418,77.718326,1
SWL,Central,Amravati,Amravati,Maharashtra,West,20.947311,77.778003,1
FLX,North,Kohima,Kohima,Nagaland,Northeast,25.676188,94.124101,1
MYB,South,Bikaner,Bikaner,Rajasthan,North,28.004729,73.312518,1
CMD,South,Bhiwandi,Thane,Maharashtra,West,19.282028,73.061945,1
CIL,North,Agra,Agra,Uttar Pradesh,North,27.179671,78.023728,1
SVS,AIR Bypass,Tirupati,Chittoor,Andhra Pradesh,South,13.638872,79.417391,1
SWK,South,Avadi,Tiruvallur,Tamil Nadu,South,13.09688,80.108359,1
OLI,East,Jamnagar,Jamnagar,Gujarat,West,22.471461,70.046157,1
SCO,North,Shahjahanpur,Shahjahanpur,Uttar Pradesh,North,27.882507,79.925444,1
SHP,Civil Lines,Nagpur,Nagpur,Maharashtra,West,21.134854,79.104522,1
ISL,Central,Bokaro Steel City,Bokaro,Jharkhand,East,23.681792,86.150376,1
VTS,HSR Layout,Bangalore,Bengaluru Urban,Karnataka,South,12.968365,77.603031,1
OUR,South,Bilaspur,Bilaspur,Chhattisgarh,Central,22.061252,82.139911,1
MNI,Kakkanad,Kochi,Ernakulam,Kerala,South,9.921701,76.282731,1
QDK,Central,Jalgaon,Jalgaon,Maharashtra,West,21.020435,75.563845,1
IJI,North,Silchar,Cachar,Assam,Northeast,24.833829,92.793524,1
ETM,East,Mira-Bhayandar,Thane,Maharashtra,West,19.296877,72.844668,1
KDT,Central,Kalyan,Thane,Maharashtra,West,19.255032,73.133711,1
YCD,North,Hubli,Dharwad,Karnataka,South,15.363306,75.139803,1
DVN,South,Rajkot,Rajkot,Gujarat,West,22.289232,70.811125,1
PHF,South,Loni,Ghaziabad,Uttar Pradesh,North,28.721769,77.28959,1
TAB,South,Asansol,Paschim Bardhaman,West Bengal,East,23.655366,86.950559,1
RHB,South,Firozabad,Firozabad,Uttar Pradesh,North,27.141058,78.396551,1
OGO,Central,Bilaspur,Bilaspur,Chhattisgarh,Central,22.091553,82.139692,1
GRS,Central,Durgapur,Paschim Bardhaman,West Bengal,East,23.532412,87.31013,1
PTN,South,Nashik,Nashik,Maharashtra,West,19.982187,73.799747,1
DFG,Belapur,Navi Mumbai,Thane,Maharashtra,West,19.039677,73.041709,1
FWL,Central,Kolhapur,Kolhapur,Maharashtra,West,16.71571,74.243457,1
WOB,North,Allahabad,Prayagraj,Uttar Pradesh,North,25.439634,81.86165,1
IGP,Central,Dhule,Dhule,Maharashtra,West,20.916501,74.773454,1
MSR,South,Yamunanagar,Yamunanagar,Haryana,North,30.110869,77.267309,1
SHJ,North,Aizawl,Aizawl,Mizoram,Northeast,23.726485,92.733865,1
TDF,North,Asansol,Paschim Bardhaman,West Bengal,East,23.672975,86.967957,1
SHE,North,Silchar,Cachar,Assam,Northeast,24.832456,92.791772,1
CKK,South,Amritsar,Amritsar,Punjab,North,31.618797,74.884876,1
XRP,West,Varanasi,Varanasi,Uttar Pradesh,North,25.322807,82.960209,1
NLP,Panvel,Navi Mumbai,Thane,Maharashtra,West,19.027046,73.0161,1
UBS,South,Dhule,Dhule,Maharashtra,West,20.884912,74.774011,1
DXT,South,Bhilai,Durg,Chhattisgarh,Central,21.174942,81.352469,1
CPG,North,Maheshtala,South 24 Parganas,West Bengal,East,22.512403,88.26349,1
OUL,North,Roorkee,Haridwar,Uttarakhand,North,29.852381,77.902334,1
MMN,Wagle Estate,Thane,Thane,Maharashtra,West,19.226504,72.964355,1
LPT,Central,Gwalior,Gwalior,Madhya Pradesh,Central,26.230076,78.184535,1
LSC,East,Patiala,Patiala,Punjab,North,30.340973,76.376756,1
BTR,South,Durgapur,Paschim Bardhaman,West Bengal,East,23.502442,87.312071,1
OWL,North,Nadiad,Kheda,Gujarat,West,22.695512,72.877626,1
ZBZ,East,Dharamshala,Kangra,Himachal Pradesh,North,32.219556,76.312879,1
WPP,East,Siliguri,Darjeeling,West Bengal,East,26.727213,88.386355,1
ESD,East,Rohtak,Rohtak,Haryana,North,28.896794,76.595075,1
DFC,Central,Ahmednagar,Ahmednagar,Maharashtra,West,19.107543,74.748963,1
KAM,Arera Colony,Bhopal,Bhopal,Madhya Pradesh,Central,23.265578,77.423361,1
XIV,South,Ballari,Ballari,Karnataka,South,15.123305,76.922336,1
XIZ,Central,Kolhapur,Kolhapur,Maharashtra,West,16.716403,74.244494,1
PNC,Central,Ambala,Ambala,Haryana,North,30.387655,76.775832,1
BFC,Sector 18,Noida,Gautam Buddha Nagar,Uttar Pradesh,North,28.545291,77.389322,1
NID,North,Varanasi,Varanasi,Uttar Pradesh,North,25.32149,82.987109,1
XOC,Central,Shahjahanpur,Shahjahanpur,Uttar Pradesh,North,27.892929,79.910391,1
MRI,Mahanagar,Lucknow,Lucknow,Uttar Pradesh,North,26.835359,80.931777,1
MZS,Central,Dehradun,Dehradun,Uttarakhand,North,30.328028,78.030529,1
HAZ,South,Durgapur,Paschim Bardhaman,West Bengal,East,23.502877,87.310612,1
RAI,North,Jodhpur,Jodhpur,Rajasthan,North,26.24343,73.036491,1
BXT,North,Hubli,Dharwad,Karnataka,South,15.36613,75.137504,1
HVO,North,Jamnagar,Jamnagar,Gujarat,West,22.471143,70.070856,1
JHR,North,Durgapur,Paschim Bardhaman,West Bengal,East,23.521127,87.324685,1
LTB,West,Gwalior,Gwalior,Madhya Pradesh,Central,26.221867,78.169091,1
HHT,East,Panipat,Panipat,Haryana,North,29.38929,76.951026,1
BTU,Saibaba Colony,Coimbatore,Coimbatore,Tamil Nadu,South,11.02274,76.966538,1
NSZ,Central,Nadiad,Kheda,Gujarat,West,22.703987,72.864813,1
SXV,East,Latur,Latur,Maharashtra,West,18.408456,76.549416,1
MHY,South,Ambattur,Tiruvallur,Tamil Nadu,South,13.081805,80.160653,1
FIO,Khandagiri,Bhubaneswar,Khordha,Odisha,East,20.304936,85.836624,1
AXX,East,Warangal,Warangal Urban,Telangana,South,17.969741,79.58288,1
LOF,South,Kohima,Kohima,Nagaland,Northeast,25.656209,94.10805,1
DJM,North,Bilaspur,Bilaspur,Chhattisgarh,Central,22.080843,82.154884,1
WDJ,Central,Belgaum,Belgaum,Karnataka,South,15.861464,74.497978,1
SGP,East,Aizawl,Aizawl,Mizoram,Northeast,23.725533,92.704974,1
KCF,North,Dhanbad,Dhanbad,Jharkhand,East,23.799757,86.443123,1
XEG,Kalwa,Thane,Thane,Maharashtra,West,19.209429,72.980016,1
FBK,North,Kakinada,East Godavari,Andhra Pradesh,South,16.987916,82.263146,1
MCC,City Light,Surat,Surat,Gujarat,West,21.160132,72.846384,1
RKS,East,Malegaon,Nashik,Maharashtra,West,20.559031,74.518608,1
AGO,North,Panaji,North Goa,Goa,West,15.489462,73.84387,1
MRO,North,Tinsukia,Tinsukia,Assam,Northeast,27.489066,95.373759,1
TRF,Central,Tinsukia,Tinsukia,Assam,Northeast,27.49734,95.362327,1
HVR,Central,Silchar,Cachar,Assam,Northeast,24.846044,92.77938,1
MGH,North,Dehradun,Dehradun,Uttarakhand,North,30.322411,78.047165,1
OBN,Cantonment,Tiruchirappalli,Tiruchirappalli,Tamil Nadu,South,10.802711,78.702842,1
ETO,North,Maheshtala,South 24 Parganas,West Bengal,East,22.508745,88.262068,1
ROJ,North,Kohima,Kohima,Nagaland,Northeast,25.673222,94.122318,1
VFC,East,Nadiad,Kheda,Gujarat,West,22.692786,72.852204,1
ALT,South,Dhule,Dhule,Maharashtra,West,20.885908,74.774864,1
IVA,East,Agartala,West Tripura,Tripura,Northeast,23.831614,91.274788,1
MMG,North,Durgapur,Paschim Bardhaman,West Bengal,East,23.521886,87.324425,1
WIW,TT Nagar,Bhopal,Bhopal,Madhya Pradesh,Central,23.251414,77.428273,1
CDC,North,Ajmer,Ajmer,Rajasthan,North,26.451889,74.652511,1
DAI,Lalpur,Ranchi,Ranchi,Jharkhand,East,23.356864,85.309092,1
EAV,North,Tiruvottiyur,Tiruvallur,Tamil Nadu,South,13.16349,80.318228,1
TLI,West,Dhanbad,Dhanbad,Jharkhand,East,23.799446,86.417108,1
DTP,Central,Kurnool,Kurnool,Andhra Pradesh,South,15.840363,78.036517,1
ILI,North,Mathura,Mathura,Uttar Pradesh,North,27.49065,77.688342,1
VEH,South,Ahmednagar,Ahmednagar,Maharashtra,West,19.07559,74.74976,1
DJV,Indirapuram,Ghaziabad,Ghaziabad,Uttar Pradesh,North,28.681877,77.451903,1
SIG,Malad,Mumbai,Mumbai,Maharashtra,West,19.085403,72.87274,1
NYS,North,Muzaffarpur,Muzaffarpur,Bihar,East,26.119148,85.377994,1
QUN,East,Aligarh,Aligarh,Uttar Pradesh,North,27.897844,78.076816,1
NYI,East,Jalandhar,Jalandhar,Punjab,North,31.327536,75.566302,1
WUW,North,Moradabad,Moradabad,Uttar Pradesh,North,28.840614,78.79008,1
CHX,South,Gwalior,Gwalior,Madhya Pradesh,Central,26.205565,78.193159,1
EMK,East,Jalandhar,Jalandhar,Punjab,North,31.327574,75.567019,1
CUS,North,Bathinda,Bathinda,Punjab,North,30.212257,74.958467,1
FRN,Tirunagar,Madurai,Madurai,Tamil Nadu,South,9.933363,78.104207,1
XLL,East,Mira-Bhayandar,Thane,Maharashtra,West,19.293354,72.845357,1
NOL,East,Tinsukia,Tinsukia,Assam,Northeast,27.487373,95.35116,1
OPN,Kharghar,Navi Mumbai,Thane,Maharashtra,West,19.022463,73.028038,1
NYU,Central,Mysore,Mysuru,Karnataka,South,12.308248,76.640855,1
NMO,North,Dhule,Dhule,Maharashtra,West,20.904998,74.790541,1
ZAH,South,Bilaspur,Bilaspur,Chhattisgarh,Central,22.060915,82.139037,1
RWW,Central,Hisar,Hisar,Haryana,North,29.161527,75.721246,1
VYS,East,Mathura,Mathura,Uttar Pradesh,North,27.493845,77.664282,1
PCF,Hasthampatti,Salem,Salem,Tamil Nadu,South,11.662679,78.161857,1
CTW,East,Brahmapur,Ganjam,Odisha,East,19.313204,84.781738,1
BTT,Akota,Vadodara,Vadodara,Gujarat,West,22.300607,73.169141,1
IOA,North,Nellore,Nellore,Andhra Pradesh,South,14.441492,80.001219,1
EZP,South,Maheshtala,South 24 Parganas,West Bengal,East,22.491817,88.249595,1
JTY,Central,Gorakhpur,Gorakhpur,Uttar Pradesh,North,26.772228,83.373357,1
DUB,North,Ambattur,Tiruvallur,Tamil Nadu,South,13.098309,80.176399,1
BOB,Central,Jodhpur,Jodhpur,Rajasthan,North,26.25124,73.022657,1
NDQ,South,Solapur,Solapur,Maharashtra,West,17.64304,75.908389,1
IOP,Khandagiri,Bhubaneswar,Khordha,Odisha,East,20.303643,85.837261,1
CBK,East,Junagadh,Junagadh,Gujarat,West,21.521353,70.447794,1
TYW,North,Gaya,Gaya,Bihar,East,24.792773,85.013259,1
POV,North,Amritsar,Amritsar,Punjab,North,31.636518,74.886089,1
TAO,Central,Dehradun,Dehradun,Uttarakhand,North,30.32884,78.033,1
SBH,Juhu,Mumbai,Mumbai,Maharashtra,West,19.082329,72.8586,1
OLQ,Gandhi Nagar,Vellore,Vellore,Tamil Nadu,South,12.915295,79.146432,1
FDQ,North,Panipat,Panipat,Haryana,North,29.39155,76.977463,1
SEM,North,Ajmer,Ajmer,Rajasthan,North,26.449981,74.655595,1
EQI,North,Ahmednagar,Ahmednagar,Maharashtra,West,19.096442,74.764169,1
TEX,East,Maheshtala,South 24 Parganas,West Bengal,East,22.510122,88.236895,1
VPI,East,Hisar,Hisar,Haryana,North,29.150537,75.710718,1
KGN,South,Nanded,Nanded,Maharashtra,West,19.120605,77.321536,1
LHV,Central,Agartala,West Tripura,Tripura,Northeast,23.84303,91.285411,1
GEE,South,Bidar,Bidar,Karnataka,South,17.893937,77.52958,1
NUZ,South,Bathinda,Bathinda,Punjab,North,30.194844,74.94403,1
DLB,Central,Anantapur,Anantapur,Andhra Pradesh,South,14.693809,77.60034,1
DCP,South,Ballari,Ballari,Karnataka,South,15.123128,76.921357,1
WOT,South,Warangal,Warangal Urban,Telangana,South,17.952286,79.592375,1
IJN,Vannarpet,Tirunelveli,Tirunelveli,Tamil Nadu,South,8.715402,77.746039,1
HAM,South,Shahjahanpur,Shahjahanpur,Uttar Pradesh,North,27.864108,79.909934,1
GIP,South,Loni,Ghaziabad,Uttar Pradesh,North,28.721152,77.29052,1
MOU,Central,Nellore,Nellore,Andhra Pradesh,South,14.455133,79.984728,1
FFR,Central,Akbarpur,Ambedkar Nagar,Uttar Pradesh,North,26.439219,82.537515,1
KUW,North,Ambattur,Tiruvallur,Tamil Nadu,South,13.098796,80.174916,1
UNS,Ganapathy,Coimbatore,Coimbatore,Tamil Nadu,South,11.027099,76.940134,1
DYL,North,Bokaro Steel City,Bokaro,Jharkhand,East,23.670245,86.165956,1
SSX,East,Gaya,Gaya,Bihar,East,24.792692,84.990848,1
ANT,East,Kakinada,East Godavari,Andhra Pradesh,South,16.990141,82.237653,1
JBM,Crawford,Tiruchirappalli,Tiruchirappalli,Tamil Nadu,South,10.792262,78.693364,1
OXE,South,Durgapur,Paschim Bardhaman,West Bengal,East,23.500874,87.311852,1
SAF,Edappally,Kochi,Ernakulam,Kerala,South,9.919948,76.266359,1
MXI,South,Bidar,Bidar,Karnataka,South,17.896126,77.531012,1
OGS,South,Maheshtala,South 24 Parganas,West Bengal,East,22.493413,88.246889,1
SFM,South,Shillong,East Khasi Hills,Meghalaya,Northeast,25.560922,91.89512,1
URC,Central,Jalgaon,Jalgaon,Maharashtra,West,21.018362,75.56381,1
NRF,West,Amritsar,Amritsar,Punjab,North,31.639706,74.859327,1
FAN,East,Akbarpur,Ambedkar Nagar,Uttar Pradesh,North,26.428649,82.528451,1
XFT,South,Maheshtala,South 24 Parganas,West Bengal,East,22.494085,88.247303,1
WOE,South,Imphal,Imphal West,Manipur,Northeast,24.797348,93.93505,1
PHQ,South,Durgapur,Paschim Bardhaman,West Bengal,East,23.502413,87.311728,1
MLA,South,Jhansi,Jhansi,Uttar Pradesh,North,25.430402,78.568359,1
DJR,East,Bikaner,Bikaner,Rajasthan,North,28.02106,73.302247,1
TZP,North,Varanasi,Varanasi,Uttar Pradesh,North,25.32316,82.988787,1
TMM,North,Amritsar,Amritsar,Punjab,North,31.638062,74.886563,1
JHW,North,Durgapur,Paschim Bardhaman,West Bengal,East,23.522113,87.326826,1
FPC,Mangalam Road,Tiruppur,Tiruppur,Tamil Nadu,South,11.107653,77.353729,1
AEZ,Central,Kolhapur,Kolhapur,Maharashtra,West,16.714779,74.244621,1
TTC,Central,Imphal,Imphal West,Manipur,Northeast,24.828081,93.936859,1
LES,East,Durgapur,Paschim Bardhaman,West Bengal,East,23.519814,87.301892,1
DDR,South,Bilaspur,Bilaspur,Chhattisgarh,Central,22.060218,82.138644,1
WSP,Central,Aizawl,Aizawl,Mizoram,Northeast,23.73625,92.717593,1
LLT,South,Loni,Ghaziabad,Uttar Pradesh,North,28.722968,77.289912,1
AEX,Korlagunta,Tirupati,Chittoor,Andhra Pradesh,South,13.611054,79.420669,1
XKZ,Rajwada,Indore,Indore,Madhya Pradesh,Central,22.710233,75.857768,1
AHF,Goripalayam,Madurai,Madurai,Tamil Nadu,South,9.914877,78.133936,1
MMF,Pearl City,Thoothukudi,Thoothukudi,Tamil Nadu,South,8.77409,78.133694,1
KPT,South,Durgapur,Paschim Bardhaman,West Bengal,East,23.501106,87.313417,1
TZU,East,Jammu,Jammu,Jammu and Kashmir,North,32.72632,74.847357,1
GMK,East,Maheshtala,South 24 Parganas,West Bengal,East,22.510618,88.237892,1
SHA,East,Mathura,Mathura,Uttar Pradesh,North,27.493841,77.663735,1
AOI,East,Ulhasnagar,Thane,Maharashtra,West,19.219798,73.155543,1
LCH,South,Durgapur,Paschim Bardhaman,West Bengal,East,23.501025,87.310151,1
SOI,South,Muzaffarpur,Muzaffarpur,Bihar,East,26.103622,85.366672,1
IKC,East,Asansol,Paschim Bardhaman,West Bengal,East,23.673792,86.941537,1
FFI,Saraswathipuram,Mysuru,Mysuru,Karnataka,South,12.296744,76.630068,1
BKW,South,Gaya,Gaya,Bihar,East,24.771993,84.998231,1
PID,Central,Tinsukia,Tinsukia,Assam,Northeast,27.501187,95.359958,1
SYN,Central,Hisar,Hisar,Haryana,North,29.161024,75.722181,1
BPR,Central,Nellore,Nellore,Andhra Pradesh,South,14.453505,79.986587,1
PGP,East,Maheshtala,South 24 Parganas,West Bengal,East,22.511406,88.237485,1
TIA,Central,Kadapa,YSR Kadapa,Andhra Pradesh,South,14.479376,78.824009,1
TDT,East,Ratnagiri,Ratnagiri,Maharashtra,West,16.992971,73.289065,1
RND,Central,Cuttack,Cuttack,Odisha,East,20.472746,85.884436,1
WMV,Central,Kozhikode,Kozhikode,Kerala,South,11.269169,75.779864,1
CPK,North,Aligarh,Aligarh,Uttar Pradesh,North,27.898608,78.101998,1
RUW,Central,Shillong,East Khasi Hills,Meghalaya,Northeast,25.591306,91.894929,1
SJD,Central,Ratnagiri,Ratnagiri,Maharashtra,West,17.004598,73.30152,1
PVC,South,Davanagere,Davanagere,Karnataka,South,14.444807,75.921476,1
FCP,Palasia,Indore,Indore,Madhya Pradesh,Central,22.72665,75.870881,1
NMI,East,Margao,South Goa,Goa,West,15.281639,73.976979,1
FNC,Sector 62,Noida,Gautam Buddha Nagar,Uttar Pradesh,North,28.540803,77.403384,1
HPC,North,Nadiad,Kheda,Gujarat,West,22.693713,72.878108,1
BNS,North,Bhilai,Durg,Chhattisgarh,Central,21.193017,81.366942,1
CGS,Central,Gulbarga,Kalaburagi,Karnataka,South,17.34002,76.836214,1
MQX,East,Yamunanagar,Yamunanagar,Haryana,North,30.127731,77.25729,1
HEE,Kadri,Mangalore,Dakshina Kannada,Karnataka,South,12.922051,74.868859,1
DEF,West,Amritsar,Amritsar,Punjab,North,31.637005,74.857954,1
BXM,South,Anantapur,Anantapur,Andhra Pradesh,South,14.663529,77.600334,1
DOW,North,Dhule,Dhule,Maharashtra,West,20.903442,74.790618,1
EPS,South,Durgapur,Paschim Bardhaman,West Bengal,East,23.501981,87.309981,1
FIW,Central,Sambalpur,Sambalpur,Odisha,East,21.476249,83.973844,1
MOX,East,Ujjain,Ujjain,Madhya Pradesh,Central,23.176137,75.77951,1
NNY,South,Kurnool,Kurnool,Andhra Pradesh,South,15.808651,78.03873,1
NCH,South,Udaipur,Udaipur,Rajasthan,North,24.568102,73.712484,1
BRL,South,Agartala,West Tripura,Tripura,Northeast,23.814382,91.286061,1
LDO,Bejai,Mangalore,Dakshina Kannada,Karnataka,South,12.903622,74.870842,1
HUA,Central,Agartala,West Tripura,Tripura,Northeast,23.841901,91.288474,1
HTS,Gokulam,Mysuru,Mysuru,Karnataka,South,12.295521,76.654106,1
XAJ,North,Gangtok,East Sikkim,Sikkim,Northeast,27.338351,88.622693,1
FGW,Central,Warangal,Warangal Urban,Telangana,South,17.977738,79.594869,1
BCX,Varachha,Surat,Surat,Gujarat,West,21.178508,72.816669,1
LPD,South,Durgapur,Paschim Bardhaman,West Bengal,East,23.502697,87.312293,1
ROP,East,Firozabad,Firozabad,Uttar Pradesh,North,27.159679,78.386802,1
FLB,Geeta Bhawan,Indore,Indore,Madhya Pradesh,Central,22.711466,75.843667,1
DJA,Goregaon,Mumbai,Mumbai,Maharashtra,West,19.07335,72.865,1
NGE,North,Meerut,Meerut,Uttar Pradesh,North,28.988789,77.721352,1
STB,North,Agartala,West Tripura,Tripura,Northeast,23.831983,91.302551,1
FPS,Central,Gandhinagar,Gandhinagar,Gujarat,West,23.227186,72.636603,1
INF,Six Mile,Guwahati,Kamrup Metro,Assam,Northeast,26.132336,91.736001,1
COP,Mahal,Nagpur,Nagpur,Maharashtra,West,21.137165,79.073836,1
YGO,North,Siliguri,Darjeeling,West Bengal,East,26.727042,88.410318,1
DTU,South,Jammu,Jammu,Jammu and Kashmir,North,32.708168,74.855922,1
TJA,Six Mile,Guwahati,Kamrup Metro,Assam,Northeast,26.135456,91.736543,1
KTA,North,Panipat,Panipat,Haryana,North,29.390302,76.976773,1
BRC,West,Allahabad,Prayagraj,Uttar Pradesh,North,25.439884,81.83417,1
NIW,South,Junagadh,Junagadh,Gujarat,West,21.503428,70.457095,1
SKX,South,Aizawl,Aizawl,Mizoram,Northeast,23.708103,92.719308,1
DRI,Baner,Pune,Pune,Maharashtra,West,18.527834,73.871913,1
SHG,South,Durgapur,Paschim Bardhaman,West Bengal,East,23.501143,87.311996,1
GXS,South,Loni,Ghaziabad,Uttar Pradesh,North,28.722212,77.290273,1
TNL,Central,Brahmapur,Ganjam,Odisha,East,19.324778,84.79234,1
RCF,Central,Warangal,Warangal Urban,Telangana,South,17.98032,79.592513,1
AMA,East,Ballari,Ballari,Karnataka,South,15.139485,76.91127,1
NYF,Vaishali Nagar,Jaipur,Jaipur,Rajasthan,North,26.905681,75.795712,1
RHA,Hasthampatti,Salem,Salem,Tamil Nadu,South,11.663794,78.160834,1
GAI,Naupada,Thane,Thane,Maharashtra,West,19.227499,72.990405,1
MWM,Central,Ratnagiri,Ratnagiri,Maharashtra,West,17.005739,73.298544,1
LWH,Central,Aizawl,Aizawl,Mizoram,Northeast,23.739513,92.716053,1
XAU,Central,Rourkela,Sundargarh,Odisha,East,22.269859,84.855417,1
ABZ,North,Agartala,West Tripura,Tripura,Northeast,23.832193,91.302951,1
MLK,Aluva,Kochi,Ernakulam,Kerala,South,9.941921,76.252918,1
HTG,Central,Bokaro Steel City,Bokaro,Jharkhand,East,23.678661,86.151575,1
VPD,Central,Maheshtala,South 24 Parganas,West Bengal,East,22.52001,88.248129,1
SPM,South,Durgapur,Paschim Bardhaman,West Bengal,East,23.500508,87.312492,1
NTG,North,Kanpur,Kanpur Nagar,Uttar Pradesh,North,26.453989,80.34501,1
CMB,East,Malegaon,Nashik,Maharashtra,West,20.559779,74.517021,1
IWQ,North,Imphal,Imphal West,Manipur,Northeast,24.816711,93.952986,1
IZS,North,Dhule,Dhule,Maharashtra,West,20.90265,74.788039,1
WWJ,North,Agartala,West Tripura,Tripura,Northeast,23.833241,91.301268,1
GNT,West,Jodhpur,Jodhpur,Rajasthan,North,26.244213,73.012389,1
OUP,South,Durgapur,Paschim Bardhaman,West Bengal,East,23.503657,87.311315,1
AFC,East,Karnal,Karnal,Haryana,North,29.683767,76.978525,1
ETT,North,Warangal,Warangal Urban,Telangana,South,17.970307,79.608552,1
HRW,South,Bokaro Steel City,Bokaro,Jharkhand,East,23.650657,86.150909,1
CTT,North,Yamunanagar,Yamunanagar,Haryana,North,30.130197,77.280434,1
SVA,East,Ajmer,Ajmer,Rajasthan,North,26.448448,74.629011,1
DCR,Old Town,Bhubaneswar,Khordha,Odisha,East,20.287658,85.812945,1
INW,East,Bhilai,Durg,Chhattisgarh,Central,21.19324,81.33923,1
LNI,South,Akola,Akola,Maharashtra,West,20.680316,77.008213,1
VPM,North,Karnal,Karnal,Haryana,North,29.684383,77.003724,1
EHC,Central,Ulhasnagar,Thane,Maharashtra,West,19.23037,73.166394,1
SOQ,Pan Bazar,Guwahati,Kamrup Metro,Assam,Northeast,26.156153,91.735154,1
VPV,South,Avadi,Tiruvallur,Tamil Nadu,South,13.097193,80.111735,1
DRW,South,Gandhinagar,Gandhinagar,Gujarat,West,23.201475,72.64798,1
ZNT,South,Maheshtala,South 24 Parganas,West Bengal,East,22.49214,88.248359,1
NYZ,East,Amritsar,Amritsar,Punjab,North,31.624808,74.866499,1
WRI,East,Nadiad,Kheda,Gujarat,West,22.695626,72.850756,1
LVI,South,Mathura,Mathura,Uttar Pradesh,North,27.472619,77.672632,1
IPO,South,Meerut,Meerut,Uttar Pradesh,North,28.968886,77.717821,1
TDO,East,Amravati,Amravati,Maharashtra,West,20.936234,77.768771,1
BRV,West,Jodhpur,Jodhpur,Rajasthan,North,26.243825,73.008761,1
CWP,South,Agra,Agra,Uttar Pradesh,North,27.161285,78.019201,1
RFA,Central,Rajahmundry,East Godavari,Andhra Pradesh,South,17.010727,81.803698,1
RQV,North,Ludhiana,Ludhiana,Punjab,North,30.906295,75.870411,1
VOX,Greater Noida,Noida,Gautam Buddha Nagar,Uttar Pradesh,North,28.527902,77.406445,1
MKM,North,Silchar,Cachar,Assam,Northeast,24.833758,92.791759,1
JKP,South,Bokaro Steel City,Bokaro,Jharkhand,East,23.650658,86.149621,1
AOR,East,Siliguri,Darjeeling,West Bengal,East,26.728304,88.385924,1
CRV,East,Nashik,Nashik,Maharashtra,West,19.988662,73.783782,1
VEX,Five Roads,Salem,Salem,Tamil Nadu,South,11.674204,78.146706,1
TKD,North,Margao,South Goa,Goa,West,15.282811,73.998662,1
KMN,East,Satara,Satara,Maharashtra,West,17.682297,74.007188,1
IOC,North,Satara,Satara,Maharashtra,West,17.679266,74.033291,1
BFG,Central,Malegaon,Nashik,Maharashtra,West,20.569876,74.529095,1
ANV,South,Solapur,Solapur,Maharashtra,West,17.643204,75.906745,1
ILN,Sector 16,Noida,Gautam Buddha Nagar,Uttar Pradesh,North,28.544133,77.374288,1
FBO,North,Anand,Anand,Gujarat,West,22.564752,72.943334,1
DAJ,Sector 56,Gurgaon,Gurugram,Haryana,North,28.449944,77.041676,1
CBF,North,Imphal,Imphal West,Manipur,Northeast,24.817771,93.950913,1
TFJ,East,Satara,Satara,Maharashtra,West,17.679545,74.009484,1
NVN,Malviya Nagar,Jaipur,Jaipur,Rajasthan,North,26.922514,75.798002,1
DHC,North,Jalandhar,Jalandhar,Punjab,North,31.326477,75.592181,1
PRW,East,Udaipur,Udaipur,Rajasthan,North,24.586379,73.700019,1
SFU,North,Bidar,Bidar,Karnataka,South,17.912872,77.545865,1
EAM,Rajwada,Indore,Indore,Madhya Pradesh,Central,22.710763,75.857543,1
NLC,North,Gwalior,Gwalior,Madhya Pradesh,Central,26.22076,78.195008,1
TZC,Central,Gwalior,Gwalior,Madhya Pradesh,Central,26.230509,78.181684,1
EPI,North,Ujjain,Ujjain,Madhya Pradesh,Central,23.177277,75.803442,1
PSJ,South,Jhansi,Jhansi,Uttar Pradesh,North,25.429849,78.569823,1
SRF,Vijay Nagar,Indore,Indore,Madhya Pradesh,Central,22.729157,75.856746,1
LXN,Madhurawada,Visakhapatnam,Visakhapatnam,Andhra Pradesh,South,17.678799,83.233682,1
HRA,Central,Bathinda,Bathinda,Punjab,North,30.220279,74.944016,1
FGC,South,Gorakhpur,Gorakhpur,Uttar Pradesh,North,26.74433,83.374338,1
WTV,North,Loni,Ghaziabad,Uttar Pradesh,North,28.740792,77.301831,1
BFW,Central,Durgapur,Paschim Bardhaman,West Bengal,East,23.532069,87.3113,1
LEV,Central,Loni,Ghaziabad,Uttar Pradesh,North,28.752839,77.28844,1
JSM,East,Agartala,West Tripura,Tripura,Northeast,23.833003,91.275032,1
XID,East,Bhuj,Kutch,Gujarat,West,23.254453,69.657619,1
RCT,Arera Colony,Bhopal,Bhopal,Madhya Pradesh,Central,23.267005,77.424657,1
LDF,East,Loni,Ghaziabad,Uttar Pradesh,North,28.740665,77.279288,1
DJI,East,Bilaspur,Bilaspur,Chhattisgarh,Central,22.079444,82.128076,1
NHM,Central,Firozabad,Firozabad,Uttar Pradesh,North,27.168584,78.393957,1
DBR,Central,Bareilly,Bareilly,Uttar Pradesh,North,28.377477,79.42907,1
ITS,Vartak Nagar,Thane,Thane,Maharashtra,West,19.208673,72.993767,1
VAH,Central,Gaya,Gaya,Bihar,East,24.801586,84.999183,1
GDE,South,Loni,Ghaziabad,Uttar Pradesh,North,28.724074,77.28719,1
OHX,East,Durgapur,Paschim Bardhaman,West Bengal,East,23.52237,87.299199,1
MFF,North,Gangtok,East Sikkim,Sikkim,Northeast,27.339958,88.619858,1
JUM,South,Udaipur,Udaipur,Rajasthan,North,24.567146,73.710527,1
VGA,North,Dhule,Dhule,Maharashtra,West,20.903659,74.787901,1
BAN,Khanapara,Guwahati,Kamrup Metro,Assam,Northeast,26.151514,91.722195,1
KHE,North,Loni,Ghaziabad,Uttar Pradesh,North,28.741227,77.302483,1
TAW,North,Aligarh,Aligarh,Uttar Pradesh,North,27.899209,78.103753,1
LCY,East,Agartala,West Tripura,Tripura,Northeast,23.831804,91.274067,1
TPH,North,Port Blair,Cuddalore,Tamil Nadu,South,11.749168,79.786854,1
RAN,East,Roorkee,Haridwar,Uttarakhand,North,29.853013,77.875877,1
TAE,Central,Panipat,Panipat,Haryana,North,29.402138,76.962549,1
CAX,Central,Bikaner,Bikaner,Rajasthan,North,28.034859,73.310512,1
DNO,Central,Jamshedpur,East Singhbhum,Jharkhand,East,22.815636,86.203649,1
KEY,East,Kanpur,Kanpur Nagar,Uttar Pradesh,North,26.439981,80.324625,1
VQN,Central,Brahmapur,Ganjam,Odisha,East,19.325857,84.795402,1
NAS,Central,Akbarpur,Ambedkar Nagar,Uttar Pradesh,North,26.439208,82.537728,1
BNT,North,Jamshedpur,East Singhbhum,Jharkhand,East,22.808915,86.214626,1
RYB,East,Agartala,West Tripura,Tripura,Northeast,23.832046,91.275802,1
MVF,South,Margao,South Goa,Goa,West,15.266772,73.988104,1
KDG,North,Nadiad,Kheda,Gujarat,West,22.69232,72.878185,1
EKK,Colaba,Mumbai,Mumbai,Maharashtra,West,19.068253,72.870773,1
PLM,South,Ballari,Ballari,Karnataka,South,15.122999,76.919403,1
QAS,North,Anand,Anand,Gujarat,West,22.562715,72.945111,1
LNF,Central,Mathura,Mathura,Uttar Pradesh,North,27.501439,77.672231,1
SWX,North,Imphal,Imphal West,Manipur,Northeast,24.81518,93.9523,1
VCR,Central,Margao,South Goa,Goa,West,15.293587,73.985126,1
PJS,South,Dibrugarh,Dibrugarh,Assam,Northeast,27.456194,94.912107,1
ZLY,North,Bokaro Steel City,Bokaro,Jharkhand,East,23.667344,86.164158,1
AAC,Colaba,Mumbai,Mumbai,Maharashtra,West,19.067449,72.869777,1
MFN,Hinoo,Ranchi,Ranchi,Jharkhand,East,23.334344,85.324016,1
NON,South,Rourkela,Sundargarh,Odisha,East,22.243439,84.853382,1
LDV,South,Silchar,Cachar,Assam,Northeast,24.814711,92.777516,1
BJS,North,Agartala,West Tripura,Tripura,Northeast,23.830341,91.30002,1
WGL,Central,Dhule,Dhule,Maharashtra,West,20.916293,74.772945,1
FGE,Central,Kamarhati,North 24 Parganas,West Bengal,East,22.679428,88.369471,1
XEM,South,Ujjain,Ujjain,Madhya Pradesh,Central,23.158935,75.789616,1
KOE,North,Agartala,West Tripura,Tripura,Northeast,23.831954,91.301848,1
FCT,North,Anantapur,Anantapur,Andhra Pradesh,South,14.681145,77.616593,1
NYC,Kalwa,Thane,Thane,Maharashtra,West,19.206618,72.979927,1
SBP,East,Malegaon,Nashik,Maharashtra,West,20.55689,74.518096,1
TTH,South,Loni,Ghaziabad,Uttar Pradesh,North,28.724072,77.289178,1
NRN,East,Durgapur,Paschim Bardhaman,West Bengal,East,23.521736,87.300316,1
HVN,North,Durgapur,Paschim Bardhaman,West Bengal,East,23.520006,87.326972,1
ILT,North,Malegaon,Nashik,Maharashtra,West,20.559257,74.541331,1
DOR,Sector 56,Gurgaon,Gurugram,Haryana,North,28.449345,77.042041,1
DIA,North,Srinagar,Srinagar,Jammu and Kashmir,North,34.086424,74.809765,1
JTF,North,Nellore,Nellore,Andhra Pradesh,South,14.441024,80.001552,1
DHJ,South,Kohima,Kohima,Nagaland,Northeast,25.658307,94.108756,1
USA,North,Kohima,Kohima,Nagaland,Northeast,25.676061,94.121921,1
CWH,South,Dhule,Dhule,Maharashtra,West,20.887746,74.772918,1
DBP,Saraswathipuram,Mysuru,Mysuru,Karnataka,South,12.297733,76.628053,1
EES,South,Amritsar,Amritsar,Punjab,North,31.618862,74.880954,1
YSV,West,Jamshedpur,East Singhbhum,Jharkhand,East,22.809178,86.189917,1
RTA,South,Rajahmundry,East Godavari,Andhra Pradesh,South,16.982703,81.804836,1
UMB,Vijayanagar,Mysuru,Mysuru,Karnataka,South,12.277107,76.640726,1
YTA,Hinoo,Ranchi,Ranchi,Jharkhand,East,23.335829,85.324718,1
NVH,South,Jabalpur,Jabalpur,Madhya Pradesh,Central,23.166805,79.996301,1
VVG,South,Amravati,Amravati,Maharashtra,West,20.921105,77.779677,1
HPR,North,Bidar,Bidar,Karnataka,South,17.912438,77.54346,1
GWB,Manjalpur,Vadodara,Vadodara,Gujarat,West,22.314497,73.165023,1
LBM,South,Silchar,Cachar,Assam,Northeast,24.816621,92.778195,1
EQA,East,Patiala,Patiala,Punjab,North,30.340854,76.376987,1
TNB,AB Road,Indore,Indore,Madhya Pradesh,Central,22.730239,75.842711,1
NTJ,East,Port Blair,Cuddalore,Tamil Nadu,South,11.749867,79.759088,1
SUH,Central,Bathinda,Bathinda,Punjab,North,30.221087,74.944584,1
VRP,South,Kolhapur,Kolhapur,Maharashtra,West,16.685851,74.244259,1
ALV,Central,Nanded,Nanded,Maharashtra,West,19.150332,77.322658,1
ELR,Civil Lines,Nagpur,Nagpur,Maharashtra,West,21.135941,79.104957,1
DFS,Central,Jamshedpur,East Singhbhum,Jharkhand,East,22.817312,86.201556,1
OLX,Central,Gorakhpur,Gorakhpur,Uttar Pradesh,North,26.770303,83.374487,1
JVA,Central,Panipat,Panipat,Haryana,North,29.402335,76.965036,1
AXN,Central,Warangal,Warangal Urban,Telangana,South,17.979816,79.595327,1
NYN,Central,Mathura,Mathura,Uttar Pradesh,North,27.50233,77.672451,1
DCB,South,Korba,Korba,Chhattisgarh,Central,22.340872,82.751029,1
SRT,East,Ujjain,Ujjain,Madhya Pradesh,Central,23.174656,75.77854,1
IFC,South,Amravati,Amravati,Maharashtra,West,20.920768,77.780158,1
AHP,South,Sangli,Sangli,Maharashtra,West,16.832935,74.583162,1
CSK,South,Itanagar,Papum Pare,Arunachal Pradesh,Northeast,27.084747,93.606321,1
NEZ,South,Aligarh,Aligarh,Uttar Pradesh,North,27.881057,78.086237,1
WLC,Ganapathy,Coimbatore,Coimbatore,Tamil Nadu,South,11.026986,76.939881,1
TWH,East,Thrissur,Thrissur,Kerala,South,10.526247,76.203249,1
KEZ,East,Itanagar,Papum Pare,Arunachal Pradesh,Northeast,27.102759,93.596276,1
KUN,East,Bidar,Bidar,Karnataka,South,17.913876,77.519865,1
ANF,South,Anantapur,Anantapur,Andhra Pradesh,South,14.662876,77.601811,1
NPL,East,Thrissur,Thrissur,Kerala,South,10.52779,76.203093,1
PDH,Central,Dhule,Dhule,Maharashtra,West,20.913539,74.774954,1
GWE,Peelamedu,Coimbatore,Coimbatore,Tamil Nadu,South,11.008402,76.970815,1
ZSY,Central,Sambalpur,Sambalpur,Odisha,East,21.47621,83.974133,1
LPM,MVP Colony,Visakhapatnam,Visakhapatnam,Andhra Pradesh,South,17.697661,83.217158,1
OCH,East,Karnal,Karnal,Haryana,North,29.687332,76.979379,1
ZKD,North,Jamnagar,Jamnagar,Gujarat,West,22.470603,70.073646,1
APU,North,Agartala,West Tripura,Tripura,Northeast,23.83047,91.30038,1
WXC,Manimajra,Chandigarh,Chandigarh,Chandigarh,North,30.720565,76.78096,1
FTP,South,Mysore,Mysuru,Karnataka,South,12.277744,76.638237,1
TRX,Beach Road,Thoothukudi,Thoothukudi,Tamil Nadu,South,8.765585,78.147847,1
LGR,Fatehgunj,Vadodara,Vadodara,Gujarat,West,22.299392,73.196792,1
RFN,North,Asansol,Paschim Bardhaman,West Bengal,East,23.672733,86.967246,1
HPJ,North,Kolhapur,Kolhapur,Maharashtra,West,16.706608,74.257826,1
OKK,Sector 16,Noida,Gautam Buddha Nagar,Uttar Pradesh,North,28.543738,77.376691,1
GPG,Central,Bhilwara,Bhilwara,Rajasthan,North,25.358696,74.63724,1
YKL,Central,Dibrugarh,Dibrugarh,Assam,Northeast,27.483942,94.910692,1
NOI,Central,Moradabad,Moradabad,Uttar Pradesh,North,28.849505,78.777785,1
XHA,Central,Gwalior,Gwalior,Madhya Pradesh,Central,26.22934,78.181609,1
ABK,South,Junagadh,Junagadh,Gujarat,West,21.504129,70.458039,1
AFJ,Central,Belgaum,Belgaum,Karnataka,South,15.86181,74.496331,1
KAO,Sector 62,Noida,Gautam Buddha Nagar,Uttar Pradesh,North,28.541339,77.401577,1
LPP,Naranpura,Ahmedabad,Ahmedabad,Gujarat,West,23.030528,72.564929,1
WKT,North,Kamarhati,North 24 Parganas,West Bengal,East,22.669778,88.383744,1
CTA,Central,Bokaro Steel City,Bokaro,Jharkhand,East,23.678129,86.151457,1
OIH,Central,Mathura,Mathura,Uttar Pradesh,North,27.503082,77.671709,1
RMM,North,Nadiad,Kheda,Gujarat,West,22.692586,72.879241,1
XJO,Greater Noida,Noida,Gautam Buddha Nagar,Uttar Pradesh,North,28.526431,77.407472,1
PVB,North,Dhule,Dhule,Maharashtra,West,20.905032,74.789523,1
FUM,South,Latur,Latur,Maharashtra,West,18.38897,76.558783,1
SYP,Central,Davanagere,Davanagere,Karnataka,South,14.475643,75.920856,1
XPM,Central,Ludhiana,Ludhiana,Punjab,North,30.912184,75.858108,1
MPQ,Central,Gorakhpur,Gorakhpur,Uttar Pradesh,North,26.769497,83.372398,1
BAD,Boring Road,Patna,Patna,Bihar,East,25.604167,85.136715,1
UIL,North,Satara,Satara,Maharashtra,West,17.680164,74.034681,1
KOP,South,Agartala,West Tripura,Tripura,Northeast,23.81251,91.285759,1
CCK,Central,Latur,Latur,Maharashtra,West,18.418138,76.56061,1
EFG,South,Kanpur,Kanpur Nagar,Uttar Pradesh,North,26.435733,80.342046,1
HKN,East,Davanagere,Davanagere,Karnataka,South,14.462569,75.910773,1
SYM,South,Agartala,West Tripura,Tripura,Northeast,23.812576,91.285793,1
FKE,South,Ujjain,Ujjain,Madhya Pradesh,Central,23.159003,75.788905,1
RSX,South,Asansol,Paschim Bardhaman,West Bengal,East,23.654914,86.952415,1
FXA,AB Road,Indore,Indore,Madhya Pradesh,Central,22.728659,75.843889,1
HCW,Chithode,Erode,Erode,Tamil Nadu,South,11.323035,77.716998,1
UVP,North,Firozabad,Firozabad,Uttar Pradesh,North,27.160306,78.412096,1
RRF,Central,Tiruvottiyur,Tiruvallur,Tamil Nadu,South,13.174373,80.301716,1
MLC,East,Srinagar,Srinagar,Jammu and Kashmir,North,34.073454,74.78935,1
NYT,North,Gulbarga,Kalaburagi,Karnataka,South,17.328832,76.849279,1
JNC,Benz Circle,Vijayawada,Krishna,Andhra Pradesh,South,16.513153,80.661121,1
ASS,East,Silchar,Cachar,Assam,Northeast,24.83208,92.769922,1
RZA,East,Dhule,Dhule,Maharashtra,West,20.903302,74.762901,1
OEC,North,Kalyan,Thane,Maharashtra,West,19.249339,73.147673,1
XJN,South,Dhule,Dhule,Maharashtra,West,20.88732,74.774559,1
BVE,Vazhuthacaud,Thiruvananthapuram,Thiruvananthapuram,Kerala,South,8.518588,76.923043,1
CPY,South,Loni,Ghaziabad,Uttar Pradesh,North,28.720987,77.288518,1
DCS,East,Gorakhpur,Gorakhpur,Uttar Pradesh,North,26.760289,83.363367,1
COJ,Central,Anantapur,Anantapur,Andhra Pradesh,South,14.692985,77.599167,1
GVC,South,Ujjain,Ujjain,Madhya Pradesh,Central,23.159707,75.789582,1
CUU,Central,Korba,Korba,Chhattisgarh,Central,22.369764,82.751266,1
BEP,North,Durgapur,Paschim Bardhaman,West Bengal,East,23.518832,87.32543,1
QRS,North,Davanagere,Davanagere,Karnataka,South,14.463322,75.934805,1
MDM,East,Margao,South Goa,Goa,West,15.284294,73.97427,1
MYC,Indirapuram,Ghaziabad,Ghaziabad,Uttar Pradesh,North,28.680698,77.453921,1
PKO,North,Kolhapur,Kolhapur,Maharashtra,West,16.704621,74.259203,1
AGY,Goregaon,Mumbai,Mumbai,Maharashtra,West,19.071603,72.864196,1
VLV,North,Loni,Ghaziabad,Uttar Pradesh,North,28.740805,77.304989,1
YPC,South,Kanpur,Kanpur Nagar,Uttar Pradesh,North,26.433821,80.342569,1
HPO,Central,Ahmednagar,Ahmednagar,Maharashtra,West,19.10377,74.749502,1
EPH,Central,Varanasi,Varanasi,Uttar Pradesh,North,25.326995,82.975605,1
CLE,Auto Nagar,Vijayawada,Krishna,Andhra Pradesh,South,16.493878,80.648715,1
DIB,East,Allahabad,Prayagraj,Uttar Pradesh,North,25.427548,81.838538,1
VLP,North,Dibrugarh,Dibrugarh,Assam,Northeast,27.472984,94.927087,1
QML,Peelamedu,Coimbatore,Coimbatore,Tamil Nadu,South,11.009291,76.972421,1
WTM,East,Durgapur,Paschim Bardhaman,West Bengal,East,23.522334,87.302072,1
XKJ,East,Kalyan,Thane,Maharashtra,West,19.233822,73.1294,1
OAA,South,Jalandhar,Jalandhar,Punjab,North,31.307618,75.577869,1
DVC,South,Mathura,Mathura,Uttar Pradesh,North,27.475101,77.672318,1
GDN,Central,Udaipur,Udaipur,Rajasthan,North,24.597732,73.71382,1
PZC,North,Aizawl,Aizawl,Mizoram,Northeast,23.728185,92.730762,1
CKA,Central,Kolhapur,Kolhapur,Maharashtra,West,16.717667,74.24158,1
NBY,East,Anand,Anand,Gujarat,West,22.565158,72.918639,1
JUT,North,Jalandhar,Jalandhar,Punjab,North,31.327187,75.592211,1
MME,Bhavani Road,Erode,Erode,Tamil Nadu,South,11.350532,77.715374,1
HDS,Central,Solapur,Solapur,Maharashtra,West,17.668764,75.904659,1
QQP,North,Davanagere,Davanagere,Karnataka,South,14.463492,75.934325,1
KWD,South,Davanagere,Davanagere,Karnataka,South,14.444563,75.921114,1
WRT,North,Ratnagiri,Ratnagiri,Maharashtra,West,16.995636,73.314359,1
NPZ,South,Nellore,Nellore,Andhra Pradesh,South,14.425635,79.987411,1
XRR,South,Jalandhar,Jalandhar,Punjab,North,31.30646,75.576209,1
ENF,East,Durgapur,Paschim Bardhaman,West Bengal,East,23.518617,87.299496,1
ZVC,Five Roads,Salem,Salem,Tamil Nadu,South,11.674247,78.14792,1
SEU,Central,Ambattur,Tiruvallur,Tamil Nadu,South,13.110257,80.162777,1
GAP,Central,Jalandhar,Jalandhar,Punjab,North,31.338552,75.576792,1
CGE,North,Satara,Satara,Maharashtra,West,17.67894,74.031747,1
AEB,Central,Rourkela,Sundargarh,Odisha,East,22.26958,84.854114,1
RNI,South,Jodhpur,Jodhpur,Rajasthan,North,26.223227,73.035038,1
NGB,Saibaba Colony,Coimbatore,Coimbatore,Tamil Nadu,South,11.022545,76.967202,1
XPT,Central,Port Blair,Cuddalore,Tamil Nadu,South,11.758103,79.770241,1
ZEE,North,Margao,South Goa,Goa,West,15.28485,74.001436,1
ZOL,East,Satara,Satara,Maharashtra,West,17.678722,74.00769,1
KCH,South,Saharanpur,Saharanpur,Uttar Pradesh,North,29.948592,77.556345,1
LVM,Central,Kollam,Kollam,Kerala,South,8.903352,76.615396,1
LGS,South,Bhilai,Durg,Chhattisgarh,Central,21.175013,81.350634,1
VCL,Benz Circle,Vijayawada,Krishna,Andhra Pradesh,South,16.515076,80.659519,1
KSX,South,Davanagere,Davanagere,Karnataka,South,14.445442,75.923608,1
NZU,East,Anand,Anand,Gujarat,West,22.563785,72.917607,1
XGS,East,Dhule,Dhule,Maharashtra,West,20.905219,74.762191,1
UBB,Central,Bilaspur,Bilaspur,Chhattisgarh,Central,22.091271,82.139996,1
HQB,DLF Phase 1,Gurgaon,Gurugram,Haryana,North,28.466793,77.04065,1
HAO,Central,Junagadh,Junagadh,Gujarat,West,21.533331,70.459683,1
CMW,East,Margao,South Goa,Goa,West,15.281965,73.977071,1
JMX,GS Road,Guwahati,Kamrup Metro,Assam,Northeast,26.137421,91.751292,1
MSV,South,Anantapur,Anantapur,Andhra Pradesh,South,14.665402,77.60107,1
QNM,South,Roorkee,Haridwar,Uttarakhand,North,29.834687,77.887382,1
TTZ,Arera Colony,Bhopal,Bhopal,Madhya Pradesh,Central,23.267111,77.424156,1
CKP,North,Tiruvottiyur,Tiruvallur,Tamil Nadu,South,13.164738,80.31458,1
CFX,South,Shillong,East Khasi Hills,Meghalaya,Northeast,25.562596,91.893008,1
XJH,Central,Kalyan,Thane,Maharashtra,West,19.255729,73.135021,1
REA,Central,Aurangabad,Aurangabad,Maharashtra,West,19.886627,75.343044,1
LVK,Nerul,Navi Mumbai,Thane,Maharashtra,West,19.022981,73.04601,1
ZTC,North,Nashik,Nashik,Maharashtra,West,20.000333,73.80328,1
JES,East,Kolhapur,Kolhapur,Maharashtra,West,16.703936,74.231076,1
MON,East,Durgapur,Paschim Bardhaman,West Bengal,East,23.519066,87.300567,1
UUO,North,Siliguri,Darjeeling,West Bengal,East,26.727792,88.410327,1
UCF,Karelibaug,Vadodara,Vadodara,Gujarat,West,22.298154,73.182328,1
LNS,North,Amritsar,Amritsar,Punjab,North,31.636791,74.886379,1
VDB,South,Jhansi,Jhansi,Uttar Pradesh,North,25.429386,78.569852,1
NFO,East,Rajahmundry,East Godavari,Andhra Pradesh,South,16.999974,81.791725,1
PFI,North,Anantapur,Anantapur,Andhra Pradesh,South,14.680916,77.613829,1
HDR,Singanallur,Coimbatore,Coimbatore,Tamil Nadu,South,11.006438,76.954054,1
HHH,North,Gaya,Gaya,Bihar,East,24.790131,85.015435,1
YPI,Central,Kalyan,Thane,Maharashtra,West,19.253948,73.134693,1
RBK,Central,Agartala,West Tripura,Tripura,Northeast,23.844072,91.288762,1
CWK,South,Jodhpur,Jodhpur,Rajasthan,North,26.224368,73.036486,1
MDD,North,Shillong,East Khasi Hills,Meghalaya,Northeast,25.576917,91.909336,1
NIR,Fatehgunj,Vadodara,Vadodara,Gujarat,West,22.299757,73.19522,1
JMR,Pattom,Thiruvananthapuram,Thiruvananthapuram,Kerala,South,8.534497,76.938265,1
STJ,Chithode,Erode,Erode,Tamil Nadu,South,11.321638,77.717269,1
SBE,Central,Saharanpur,Saharanpur,Uttar Pradesh,North,29.980511,77.554445,1
LGW,North,Kozhikode,Kozhikode,Kerala,South,11.256826,75.794232,1
GRP,Central,Dibrugarh,Dibrugarh,Assam,Northeast,27.484981,94.912663,1
ZCS,East,Aizawl,Aizawl,Mizoram,Northeast,23.728827,92.708448,1
LSW,South,Durgapur,Paschim Bardhaman,West Bengal,East,23.502403,87.310472,1
DZR,South,Kamarhati,North 24 Parganas,West Bengal,East,22.650473,88.371857,1
FGI,Central,Jammu,Jammu,Jammu and Kashmir,North,32.735985,74.856126,1
QJK,East,Mathura,Mathura,Uttar Pradesh,North,27.492186,77.663475,1
HKP,Central,Agartala,West Tripura,Tripura,Northeast,23.843571,91.285182,1
WTF,Central,Karnal,Karnal,Haryana,North,29.695435,76.992115,1
WHN,Central,Latur,Latur,Maharashtra,West,18.419138,76.561258,1
BOQ,Sushant Lok,Gurgaon,Gurugram,Haryana,North,28.450545,77.01227,1
DUF,South,Kollam,Kollam,Kerala,South,8.873669,76.615443,1
DPW,North,Kurnool,Kurnool,Andhra Pradesh,South,15.826221,78.050911,1
MSW,West,Jabalpur,Jabalpur,Madhya Pradesh,Central,23.185483,79.974675,1
THB,South,Loni,Ghaziabad,Uttar Pradesh,North,28.721772,77.289651,1
UNB,South,Anand,Anand,Gujarat,West,22.546151,72.928089,1
NZE,Central,Ambala,Ambala,Haryana,North,30.389686,76.778333,1
BTY,Central,Durgapur,Paschim Bardhaman,West Bengal,East,23.531373,87.311562,1
CME,RS Puram,Coimbatore,Coimbatore,Tamil Nadu,South,11.029447,76.954407,1
GSJ,South,Anantapur,Anantapur,Andhra Pradesh,South,14.662426,77.601665,1
ZST,East,Sambalpur,Sambalpur,Odisha,East,21.46674,83.964261,1
PTH,East,Durgapur,Paschim Bardhaman,West Bengal,East,23.518884,87.299628,1
XFS,East,Dibrugarh,Dibrugarh,Assam,Northeast,27.472666,94.899486,1
MYY,DLF Phase 1,Gurgaon,Gurugram,Haryana,North,28.464907,77.038185,1
VFT,Central,Junagadh,Junagadh,Gujarat,West,21.53288,70.457381,1
EAZ,Central,Kakinada,East Godavari,Andhra Pradesh,South,17.001885,82.247253,1
WHY,Central,Sambalpur,Sambalpur,Odisha,East,21.478363,83.974545,1
NWR,Central,Durgapur,Paschim Bardhaman,West Bengal,East,23.532799,87.312347,1
NNT,North,Rourkela,Sundargarh,Odisha,East,22.261469,84.869012,1
UCV,East,Hisar,Hisar,Haryana,North,29.150061,75.71001,1
BKH,North,Firozabad,Firozabad,Uttar Pradesh,North,27.159613,78.41148,1
BFK,South,Agartala,West Tripura,Tripura,Northeast,23.812297,91.288604,1
EOB,Vannarpet,Tirunelveli,Tirunelveli,Tamil Nadu,South,8.712642,77.747036,1
XWV,South,Brahmapur,Ganjam,Odisha,East,19.29742,84.792424,1
GLS,East,Itanagar,Papum Pare,Arunachal Pradesh,Northeast,27.101911,93.595404,1
ZZC,East,Belgaum,Belgaum,Karnataka,South,15.847976,74.486201,1
BST,East,Muzaffarpur,Muzaffarpur,Bihar,East,26.122462,85.353868,1
HAI,East,Ambala,Ambala,Haryana,North,30.379496,76.76444,1
NTY,Central,Firozabad,Firozabad,Uttar Pradesh,North,27.170413,78.396629,1
ORN,Central,Kamarhati,North 24 Parganas,West Bengal,East,22.679918,88.369905,1
DCJ,East,Anantapur,Anantapur,Andhra Pradesh,South,14.683128,77.589813,1
BCK,South,Anand,Anand,Gujarat,West,22.54485,72.928807,1
MXT,South,Shahjahanpur,Shahjahanpur,Uttar Pradesh,North,27.861073,79.908665,1
PNH,Bhawarkua,Indore,Indore,Madhya Pradesh,Central,22.711481,75.872758,1
NVB,Central,Udaipur,Udaipur,Rajasthan,North,24.596298,73.710602,1
FSS,North,Hisar,Hisar,Haryana,North,29.149969,75.734801,1
HPP,East,Akola,Akola,Maharashtra,West,20.698655,76.998672,1
KKF,South,Durgapur,Paschim Bardhaman,West Bengal,East,23.503621,87.312921,1
TLS,South,Bhagalpur,Bhagalpur,Bihar,East,25.223186,86.982465,1
SCU,East,Amravati,Amravati,Maharashtra,West,20.935689,77.768197,1
JIL,South,Moradabad,Moradabad,Uttar Pradesh,North,28.819906,78.778469,1
BKT,North,Loni,Ghaziabad,Uttar Pradesh,North,28.742201,77.304345,1
MVO,Central,Loni,Ghaziabad,Uttar Pradesh,North,28.751662,77.287723,1
BMJ,MG Road,Kochi,Ernakulam,Kerala,South,9.941544,76.265328,1
NVC,South,Port Blair,Cuddalore,Tamil Nadu,South,11.728677,79.770217,1
KYR,Dharampeth,Nagpur,Nagpur,Maharashtra,West,21.135941,79.086752,1
PUR,MVP Colony,Visakhapatnam,Visakhapatnam,Andhra Pradesh,South,17.696546,83.219504,1
SQW,East,Warangal,Warangal Urban,Telangana,South,17.968996,79.584892,1
OIL,Sasthamangalam,Thiruvananthapuram,Thiruvananthapuram,Kerala,South,8.513033,76.935673,1
NDL,South,Dhule,Dhule,Maharashtra,West,20.88718,74.773216,1
LCC,East,Kalyan,Thane,Maharashtra,West,19.234965,73.130137,1
PLH,North,Mysore,Mysuru,Karnataka,South,12.293935,76.655062,1
ZET,East,Tinsukia,Tinsukia,Assam,Northeast,27.490287,95.349139,1
OMB,Central,Aizawl,Aizawl,Mizoram,Northeast,23.739488,92.717386,1
TIO,West,Jabalpur,Jabalpur,Madhya Pradesh,Central,23.18685,79.971799,1
XGL,Central,Kollam,Kollam,Kerala,South,8.903907,76.612697,1
XMI,North,Jamnagar,Jamnagar,Gujarat,West,22.47119,70.071272,1
DUR,North,Gulbarga,Kalaburagi,Karnataka,South,17.328001,76.849136,1
VZM,North,Ambala,Ambala,Haryana,North,30.379682,76.790713,1
KAG,South,Itanagar,Papum Pare,Arunachal Pradesh,Northeast,27.084712,93.606046,1
TNN,Vaishali Nagar,Jaipur,Jaipur,Rajasthan,North,26.90507,75.794241,1
ODC,Panvel,Navi Mumbai,Thane,Maharashtra,West,19.024735,73.018868,1
EET,North,Maheshtala,South 24 Parganas,West Bengal,East,22.508771,88.262874,1
BXH,MG Road,Gurgaon,Gurugram,Haryana,North,28.448866,77.028058,1
HOR,East,Kamarhati,North 24 Parganas,West Bengal,East,22.670048,88.358892,1
THR,Periya Semur,Erode,Erode,Tamil Nadu,South,11.340126,77.729764,1
QHP,East,Loni,Ghaziabad,Uttar Pradesh,North,28.739216,77.277277,1
AFO,South,Agartala,West Tripura,Tripura,Northeast,23.812826,91.28674,1
LNT,West,Kalyan,Thane,Maharashtra,West,19.247806,73.121591,1
XAA,Manpada,Thane,Thane,Maharashtra,West,19.210539,72.96408,1
UNI,South,Durgapur,Paschim Bardhaman,West Bengal,East,23.503097,87.313382,1
ORJ,Town,Tirunelveli,Tirunelveli,Tamil Nadu,South,8.725572,77.755792,1
MMK,Old Town,Bhubaneswar,Khordha,Odisha,East,20.287809,85.81368,1
TKA,Central,Loni,Ghaziabad,Uttar Pradesh,North,28.751928,77.290996,1
STY,North,Rohtak,Rohtak,Haryana,North,28.89435,76.622818,1
BPS,Central,Udaipur,Udaipur,Rajasthan,North,24.595981,73.713559,1
PNF,North,Shahjahanpur,Shahjahanpur,Uttar Pradesh,North,27.881031,79.925015,1
BDT,Central,Bokaro Steel City,Bokaro,Jharkhand,East,23.681678,86.152429,1
YBB,MP Nagar,Bhopal,Bhopal,Madhya Pradesh,Central,23.271149,77.413008,1
SOK,North,Anantapur,Anantapur,Andhra Pradesh,South,14.682481,77.613347,1
KWR,Goregaon,Mumbai,Mumbai,Maharashtra,West,19.072558,72.864237,1
TTL,North,Kozhikode,Kozhikode,Kerala,South,11.258402,75.793111,1
LOI,East,Warangal,Warangal Urban,Telangana,South,17.969281,79.582543,1
VIT,North,Kalyan,Thane,Maharashtra,West,19.248623,73.149524,1
TOE,Central,Margao,South Goa,Goa,West,15.292576,73.985678,1
BPM,North,Puducherry,Puducherry,Puducherry,South,11.941816,79.820784,1
DCI,South,Bareilly,Bareilly,Uttar Pradesh,North,28.348784,79.430816,1
AAF,Central,Solapur,Solapur,Maharashtra,West,17.6712,75.907216,1
JNP,South,Shillong,East Khasi Hills,Meghalaya,Northeast,25.560049,91.893836,1
OKA,North,Jhansi,Jhansi,Uttar Pradesh,North,25.447739,78.584547,1
XIG,Ganapathy,Coimbatore,Coimbatore,Tamil Nadu,South,11.025411,76.941593,1
ZDI,Central,Durgapur,Paschim Bardhaman,West Bengal,East,23.532174,87.313041,1
RPT,East,Meerut,Meerut,Uttar Pradesh,North,28.973893,77.700857,1
XGR,South,Saharanpur,Saharanpur,Uttar Pradesh,North,29.948393,77.55689,1
CRK,Five Roads,Salem,Salem,Tamil Nadu,South,11.675295,78.146062,1
GTH,Patia,Bhubaneswar,Khordha,Odisha,East,20.287035,85.839909,1
SXD,East,Dharamshala,Kangra,Himachal Pradesh,North,32.218683,76.312936,1
DAG,North,Kamarhati,North 24 Parganas,West Bengal,East,22.671502,88.385403,1
KJA,Salt Lake,Kolkata,Kolkata,West Bengal,East,22.58526,88.373888,1
PIT,South,Jalandhar,Jalandhar,Punjab,North,31.308953,75.577358,1
LHA,South,Agartala,West Tripura,Tripura,Northeast,23.813122,91.287295,1
IKA,Aluva,Kochi,Ernakulam,Kerala,South,9.940233,76.250376,1
VFM,North,Anand,Anand,Gujarat,West,22.563445,72.942718,1
PRZ,East,Bidar,Bidar,Karnataka,South,17.913707,77.520388,1
TWS,East,Jalandhar,Jalandhar,Punjab,North,31.325573,75.563688,1
LNY,East,Mathura,Mathura,Uttar Pradesh,North,27.493974,77.663652,1
TPA,East,Anantapur,Anantapur,Andhra Pradesh,South,14.683058,77.588234,1
YZB,South,Warangal,Warangal Urban,Telangana,South,17.952279,79.595318,1
RCD,Central,Durgapur,Paschim Bardhaman,West Bengal,East,23.531258,87.311633,1
PHB,South,Durgapur,Paschim Bardhaman,West Bengal,East,23.502166,87.313229,1
JUC,Central,Gorakhpur,Gorakhpur,Uttar Pradesh,North,26.769663,83.372586,1
HDB,North,Bareilly,Bareilly,Uttar Pradesh,North,28.367947,79.443296,1
VUR,East,Durgapur,Paschim Bardhaman,West Bengal,East,23.519016,87.302452,1
VHW,Panvel,Navi Mumbai,Thane,Maharashtra,West,19.02638,73.016249,1
QYR,Pan Bazar,Guwahati,Kamrup Metro,Assam,Northeast,26.153692,91.734674,1
NCZ,East,Kolhapur,Kolhapur,Maharashtra,West,16.70686,74.233897,1
LBJ,West,Ludhiana,Ludhiana,Punjab,North,30.90667,75.843641,1
SAJ,East,Roorkee,Haridwar,Uttarakhand,North,29.853106,77.877111,1
WJJ,Central,Panaji,North Goa,Goa,West,15.500877,73.826236,1
ENG,East,Jamnagar,Jamnagar,Gujarat,West,22.472573,70.045123,1
PIF,South,Jalandhar,Jalandhar,Punjab,North,31.308602,75.574833,1
JBE,West,Gandhinagar,Gandhinagar,Gujarat,West,23.21841,72.62292,1
XWW,East,Nanded,Nanded,Maharashtra,West,19.139613,77.309511,1
AAY,Frazer Road,Patna,Patna,Bihar,East,25.58299,85.135895,1
MDT,Ganapathy,Coimbatore,Coimbatore,Tamil Nadu,South,11.027287,76.942009,1
RMF,North,Junagadh,Junagadh,Gujarat,West,21.521056,70.472885,1
GTI,Dharampeth,Nagpur,Nagpur,Maharashtra,West,21.133028,79.088754,1
HDD,West,Jamshedpur,East Singhbhum,Jharkhand,East,22.809316,86.188484,1
YNU,North,Imphal,Imphal West,Manipur,Northeast,24.818806,93.953185,1
XIM,South,Mathura,Mathura,Uttar Pradesh,North,27.474586,77.672302,1
ULA,East,Jalandhar,Jalandhar,Punjab,North,31.325298,75.567137,1
AKC,Central,Durgapur,Paschim Bardhaman,West Bengal,East,23.530405,87.311657,1
HWO,Avinashi Road,Tiruppur,Tiruppur,Tamil Nadu,South,11.121162,77.342908,1
GVB,South,Loni,Ghaziabad,Uttar Pradesh,North,28.722165,77.287852,1
PXU,East,Rohtak,Rohtak,Haryana,North,28.893757,76.595024,1
PGE,East,Bareilly,Bareilly,Uttar Pradesh,North,28.366562,79.418385,1
XIE,Central,Allahabad,Prayagraj,Uttar Pradesh,North,25.446493,81.8458,1
BTP,North,Kolhapur,Kolhapur,Maharashtra,West,16.703415,74.256943,1
BEF,East,Karnal,Karnal,Haryana,North,29.686487,76.979121,1
XHL,Central,Yamunanagar,Yamunanagar,Haryana,North,30.138688,77.266479,1
NEY,North,Gorakhpur,Gorakhpur,Uttar Pradesh,North,26.759307,83.389333,1
GYC,North,Loni,Ghaziabad,Uttar Pradesh,North,28.740443,77.304515,1
NBT,East,Agartala,West Tripura,Tripura,Northeast,23.83012,91.27663,1
NTL,North,Asansol,Paschim Bardhaman,West Bengal,East,23.673516,86.966786,1
WMO,North,Durgapur,Paschim Bardhaman,West Bengal,East,23.520349,87.325098,1
VIV,Vannarpet,Tirunelveli,Tirunelveli,Tamil Nadu,South,8.71314,77.747835,1
PUF,Central,Durgapur,Paschim Bardhaman,West Bengal,East,23.532847,87.310399,1
OIS,East,Durgapur,Paschim Bardhaman,West Bengal,East,23.519999,87.301327,1
ESH,Central,Dhule,Dhule,Maharashtra,West,20.915583,74.773002,1
PEP,Central,Durgapur,Paschim Bardhaman,West Bengal,East,23.530819,87.31037,1
KCV,East,Dhule,Dhule,Maharashtra,West,20.903727,74.762952,1
VBG,Central,Junagadh,Junagadh,Gujarat,West,21.531095,70.458023,1
KIT,Vesu,Surat,Surat,Gujarat,West,21.175548,72.844984,1
GPF,Bunder,Mangalore,Dakshina Kannada,Karnataka,South,12.923656,74.840199,1
ZEW,Central,Mathura,Mathura,Uttar Pradesh,North,27.504734,77.674205,1
XXW,North,Moradabad,Moradabad,Uttar Pradesh,North,28.838383,78.793137,1
NOP,Airoli,Navi Mumbai,Thane,Maharashtra,West,19.041863,73.013002,1
NSJ,South,Durgapur,Paschim Bardhaman,West Bengal,East,23.503547,87.310845,1
XQY,East,Jalandhar,Jalandhar,Punjab,North,31.325626,75.566158,1
MGT,Ganapathy,Coimbatore,Coimbatore,Tamil Nadu,South,11.027642,76.940356,1
CIJ,South,Yamunanagar,Yamunanagar,Haryana,North,30.111873,77.268967,1
SQK,Central,Anantapur,Anantapur,Andhra Pradesh,South,14.69321,77.602108,1
TSZ,Central,Dibrugarh,Dibrugarh,Assam,Northeast,27.484072,94.913013,1
XQT,East,Mathura,Mathura,Uttar Pradesh,North,27.49356,77.662422,1
KFN,Central,Anand,Anand,Gujarat,West,22.57638,72.92999,1
EOP,East,Dhule,Dhule,Maharashtra,West,20.904643,74.762598,1
OMS,East,Silchar,Cachar,Assam,Northeast,24.834498,92.767561,1
TKM,South,Belgaum,Belgaum,Karnataka,South,15.830107,74.498425,1
XFB,Town,Tirunelveli,Tirunelveli,Tamil Nadu,South,8.725142,77.756015,1
RDE,Sector 22,Chandigarh,Chandigarh,Chandigarh,North,30.723909,76.795407,1
HYG,Central,Satara,Satara,Maharashtra,West,17.691522,74.01874,1
QKM,Central,Jalandhar,Jalandhar,Punjab,North,31.338393,75.576313,1
GCG,Central,Loni,Ghaziabad,Uttar Pradesh,North,28.751619,77.287952,1
ERL,Central,Imphal,Imphal West,Manipur,Northeast,24.825888,93.938159,1
GMD,Varachha,Surat,Surat,Gujarat,West,21.178377,72.817024,1
GCJ,VV Mohalla,Mysuru,Mysuru,Karnataka,South,12.307233,76.638025,1
XMC,North,Allahabad,Prayagraj,Uttar Pradesh,North,25.438427,81.859398,1
GDJ,North,Cuttack,Cuttack,Odisha,East,20.460632,85.898651,1
GSU,Kharghar,Navi Mumbai,Thane,Maharashtra,West,19.020369,73.02889,1
JZD,Central,Dhule,Dhule,Maharashtra,West,20.915213,74.775626,1
EMV,South,Silchar,Cachar,Assam,Northeast,24.815901,92.779184,1
REB,North,Maheshtala,South 24 Parganas,West Bengal,East,22.511928,88.262186,1
NCG,East,Dhule,Dhule,Maharashtra,West,20.905441,74.763812,1
XUE,North,Kolhapur,Kolhapur,Maharashtra,West,16.705974,74.255868,1
NHB,North,Sambalpur,Sambalpur,Odisha,East,21.467646,83.988474,1
PUL,East,Imphal,Imphal West,Manipur,Northeast,24.81683,93.925579,1
PGN,Paltan Bazar,Guwahati,Kamrup Metro,Assam,Northeast,26.150071,91.748154,1
ENX,West,Howrah,Howrah,West Bengal,East,22.598779,88.25105,1
WRR,North,Jodhpur,Jodhpur,Rajasthan,North,26.242553,73.03778,1
NMS,South,Durgapur,Paschim Bardhaman,West Bengal,East,23.502672,87.311594,1
DIR,South,Kamarhati,North 24 Parganas,West Bengal,East,22.653954,88.370877,1
BBY,South,Karnal,Karnal,Haryana,North,29.667001,76.989506,1
BDL,South,Durgapur,Paschim Bardhaman,West Bengal,East,23.501528,87.313482,1
CHZ,Central,Puducherry,Puducherry,Puducherry,South,11.95215,79.808231,1
LDL,North,Durgapur,Paschim Bardhaman,West Bengal,East,23.521874,87.326987,1
RRM,Varachha,Surat,Surat,Gujarat,West,21.178676,72.813847,1
AWN,North,Dhule,Dhule,Maharashtra,West,20.903386,74.78751,1
ZDM,East,Karnal,Karnal,Haryana,North,29.686196,76.980644,1
VGM,Central,Jalgaon,Jalgaon,Maharashtra,West,21.020093,75.561944,1
MFO,South,Loni,Ghaziabad,Uttar Pradesh,North,28.720973,77.289036,1
NKS,Koregaon Park,Pune,Pune,Maharashtra,West,18.531542,73.855132,1
MZD,East,Jalandhar,Jalandhar,Punjab,North,31.324209,75.565484,1
TTS,North,Dibrugarh,Dibrugarh,Assam,Northeast,27.474577,94.926631,1
OYJ,North,Junagadh,Junagadh,Gujarat,West,21.52217,70.474226,1
KFG,South,Ajmer,Ajmer,Rajasthan,North,26.4315,74.638321,1
QCS,South,Avadi,Tiruvallur,Tamil Nadu,South,13.097161,80.111192,1
PXO,West,Jamshedpur,East Singhbhum,Jharkhand,East,22.808071,86.188392,1
XCJ,Dadar,Mumbai,Mumbai,Maharashtra,West,19.081311,72.893419,1
OAC,Paltan Bazar,Guwahati,Kamrup Metro,Assam,Northeast,26.151778,91.749625,1
KWX,South,Davanagere,Davanagere,Karnataka,South,14.444832,75.922623,1
HIS,East,Durgapur,Paschim Bardhaman,West Bengal,East,23.520848,87.301544,1
FXS,Central,Puducherry,Puducherry,Puducherry,South,11.950754,79.806943,1
DFT,Central,Amritsar,Amritsar,Punjab,North,31.645415,74.872251,1
GSP,South,Anand,Anand,Gujarat,West,22.544736,72.927875,1
KNH,North,Nadiad,Kheda,Gujarat,West,22.692825,72.878372,1
NUP,North,Roorkee,Haridwar,Uttarakhand,North,29.852841,77.901206,1
TPX,East,Udaipur,Udaipur,Rajasthan,North,24.586714,73.70207,1
WEM,Central,Bilaspur,Bilaspur,Chhattisgarh,Central,22.089158,82.139311,1
ASB,East,Ludhiana,Ludhiana,Punjab,North,30.893984,75.850063,1
FDL,Central,Allahabad,Prayagraj,Uttar Pradesh,North,25.446274,81.845652,1
BND,North,Rourkela,Sundargarh,Odisha,East,22.262259,84.869081,1
BID,Central,Udaipur,Udaipur,Rajasthan,North,24.596041,73.711242,1
MRL,Central,Agartala,West Tripura,Tripura,Northeast,23.840382,91.287474,1
DMG,South,Ajmer,Ajmer,Rajasthan,North,26.432323,74.641054,1
EZS,Anuparpalayam,Tiruppur,Tiruppur,Tamil Nadu,South,11.108392,77.331016,1
LVD,South,Durgapur,Paschim Bardhaman,West Bengal,East,23.500933,87.313697,1
XSZ,Worli,Mumbai,Mumbai,Maharashtra,West,19.064049,72.886408,1
WWS,South,Hisar,Hisar,Haryana,North,29.132153,75.722583,1
FES,Central,Dhule,Dhule,Maharashtra,West,20.913347,74.775694,1
AMY,East,Satara,Satara,Maharashtra,West,17.679147,74.008876,1
NSL,Central,Anantapur,Anantapur,Andhra Pradesh,South,14.694312,77.598903,1
GMI,East,Hubli,Dharwad,Karnataka,South,15.3651,75.114432,1
IFA,North,Jodhpur,Jodhpur,Rajasthan,North,26.244416,73.039627,1
ZIL,East,Avadi,Tiruvallur,Tamil Nadu,South,13.114734,80.097988,1
TSI,Central,Asansol,Paschim Bardhaman,West Bengal,East,23.684119,86.954397,1
PAM,East,Anantapur,Anantapur,Andhra Pradesh,South,14.680274,77.590477,1
HOO,North,Aligarh,Aligarh,Uttar Pradesh,North,27.896973,78.103281,1
HUC,East,Junagadh,Junagadh,Gujarat,West,21.522471,70.447938,1
GAV,East,Kollam,Kollam,Kerala,South,8.893383,76.603436,1
AAR,Vijay Nagar,Indore,Indore,Madhya Pradesh,Central,22.731586,75.859095,1
NGZ,South,Anand,Anand,Gujarat,West,22.546242,72.92714,1
WYD,Sector 86,Faridabad,Faridabad,Haryana,North,28.400001,77.304423,1
OWD,East,Amravati,Amravati,Maharashtra,West,20.937572,77.76889,1
GFG,East,Gaya,Gaya,Bihar,East,24.792518,84.988794,1
OAI,North,Agartala,West Tripura,Tripura,Northeast,23.832302,91.302764,1
HHD,South,Amravati,Amravati,Maharashtra,West,20.917636,77.780609,1
ZRS,Central,Kohima,Kohima,Nagaland,Northeast,25.684297,94.10877,1
FCH,West,Rajkot,Rajkot,Gujarat,West,22.307562,70.788568,1
MLR,East,Kolhapur,Kolhapur,Maharashtra,West,16.704876,74.231392,1
DYM,North,Maheshtala,South 24 Parganas,West Bengal,East,22.508963,88.261886,1
AGL,KK Nagar,Madurai,Madurai,Tamil Nadu,South,9.932846,78.132292,1
NYK,North,Jamshedpur,East Singhbhum,Jharkhand,East,22.80874,86.216796,1
TCB,South,Ujjain,Ujjain,Madhya Pradesh,Central,23.157566,75.78685,1
KRD,East,Pathankot,Pathankot,Punjab,North,32.275125,75.640102,1
XER,East,Bhiwandi,Thane,Maharashtra,West,19.300362,73.054023,1
TNP,East,Bilaspur,Bilaspur,Chhattisgarh,Central,22.080172,82.128852,1
LYT,East,Yamunanagar,Yamunanagar,Haryana,North,30.128039,77.256239,1
EIN,Sushant Lok,Gurgaon,Gurugram,Haryana,North,28.450605,77.014107,1
VSB,Mahal,Nagpur,Nagpur,Maharashtra,West,21.139752,79.075812,1
HYX,East,Tinsukia,Tinsukia,Assam,Northeast,27.489123,95.350605,1
ESC,Central,Varanasi,Varanasi,Uttar Pradesh,North,25.326405,82.972082,1
VWQ,East,Bhilwara,Bhilwara,Rajasthan,North,25.34707,74.624151,1
MCT,North,Ujjain,Ujjain,Madhya Pradesh,Central,23.176396,75.803778,1
ITG,Central,Ballari,Ballari,Karnataka,South,15.149854,76.920353,1
NYR,Central,Dharamshala,Kangra,Himachal Pradesh,North,32.229645,76.322152,1
BMN,Central,Durgapur,Paschim Bardhaman,West Bengal,East,23.52945,87.309974,1
OJP,East,Karnal,Karnal,Haryana,North,29.686066,76.978347,1
AQP,South,Bhilai,Durg,Chhattisgarh,Central,21.177506,81.352454,1
HVC,Bariatu,Ranchi,Ranchi,Jharkhand,East,23.338141,85.296978,1
TRJ,East,Durgapur,Paschim Bardhaman,West Bengal,East,23.519355,87.299834,1
XZW,East,Itanagar,Papum Pare,Arunachal Pradesh,Northeast,27.102941,93.5927,1
TXM,Howrah,Kolkata,Kolkata,West Bengal,East,22.569115,88.374511,1
WJC,West,Ludhiana,Ludhiana,Punjab,North,30.903712,75.844569,1
PSE,North,Jhansi,Jhansi,Uttar Pradesh,North,25.449435,78.584207,1
KJP,East,Hisar,Hisar,Haryana,North,29.149974,75.711815,1
QPS,East,Amritsar,Amritsar,Punjab,North,31.623276,74.864765,1
SIB,North,Loni,Ghaziabad,Uttar Pradesh,North,28.739251,77.301717,1
TAD,Central,Jhansi,Jhansi,Uttar Pradesh,North,25.457321,78.569241,1
WSQ,East,Durgapur,Paschim Bardhaman,West Bengal,East,23.522218,87.299828,1
PGV,West,Agra,Agra,Uttar Pradesh,North,27.182799,77.994426,1
BDX,East,Durgapur,Paschim Bardhaman,West Bengal,East,23.520818,87.302499,1
SMU,VV Mohalla,Mysuru,Mysuru,Karnataka,South,12.307372,76.639147,1
SYL,South,Karaikudi,Sivaganga,Tamil Nadu,South,10.054127,78.774339,1
OKY,North,Junagadh,Junagadh,Gujarat,West,21.523924,70.470451,1
CMH,Mahal,Nagpur,Nagpur,Maharashtra,West,21.138261,79.076377,1
NLU,East,Agartala,West Tripura,Tripura,Northeast,23.832333,91.275954,1
CUM,South,Hubli,Dharwad,Karnataka,South,15.345952,75.123068,1
GAF,Central,Ambala,Ambala,Haryana,North,30.387697,76.776941,1
FLK,Bani Park,Jaipur,Jaipur,Rajasthan,North,26.897946,75.774976,1
PTW,Central,Durgapur,Paschim Bardhaman,West Bengal,East,23.530072,87.310407,1
FAV,North,Ajmer,Ajmer,Rajasthan,North,26.449453,74.653132,1
RYS,North,Karnal,Karnal,Haryana,North,29.685827,77.004819,1
VSI,Central,Loni,Ghaziabad,Uttar Pradesh,North,28.751712,77.289593,1
NDR,North,Jamshedpur,East Singhbhum,Jharkhand,East,22.809926,86.215029,1
AAZ,Central,Ahmednagar,Ahmednagar,Maharashtra,West,19.104556,74.746919,1
QMC,Central,Tinsukia,Tinsukia,Assam,Northeast,27.499422,95.362164,1
KTO,Central,Mathura,Mathura,Uttar Pradesh,North,27.502903,77.671989,1
IRW,Central,Moradabad,Moradabad,Uttar Pradesh,North,28.850216,78.775546,1
MCX,East,Agra,Agra,Uttar Pradesh,North,27.16844,77.999816,1
NYM,Bandra,Mumbai,Mumbai,Maharashtra,West,19.085698,72.879274,1
ZUR,North,Kamarhati,North 24 Parganas,West Bengal,East,22.670571,88.386045,1
UIF,North,Rourkela,Sundargarh,Odisha,East,22.261707,84.86829,1
YBS,South,Rourkela,Sundargarh,Odisha,East,22.243839,84.855305,1
SGJ,North,Anantapur,Anantapur,Andhra Pradesh,South,14.681769,77.615014,1
SOV,East,Silchar,Cachar,Assam,Northeast,24.835091,92.769669,1
BAC,East,Shillong,East Khasi Hills,Meghalaya,Northeast,25.579695,91.882898,1
WKK,North,Jalandhar,Jalandhar,Punjab,North,31.327606,75.589499,1
GRD,Central,Bhiwandi,Thane,Maharashtra,West,19.30905,73.065454,1
DCV,Pan Bazar,Guwahati,Kamrup Metro,Assam,Northeast,26.154389,91.735938,1
INL,East,Shimla,Shimla,Himachal Pradesh,North,31.105481,77.1635,1
THC,North,Loni,Ghaziabad,Uttar Pradesh,North,28.742294,77.303616,1
VHS,East,Ahmednagar,Ahmednagar,Maharashtra,West,19.093551,74.735973,1
BDB,North,Durgapur,Paschim Bardhaman,West Bengal,East,23.519855,87.326219,1
JSX,East,Maheshtala,South 24 Parganas,West Bengal,East,22.509682,88.236167,1
XOS,South,Ujjain,Ujjain,Madhya Pradesh,Central,23.159144,75.788074,1
EVT,Nerul,Navi Mumbai,Thane,Maharashtra,West,19.025419,73.047273,1
RPK,Central,Anand,Anand,Gujarat,West,22.576692,72.927161,1
YSD,East,Bhiwandi,Thane,Maharashtra,West,19.300864,73.051013,1
XVS,North,Rohtak,Rohtak,Haryana,North,28.894814,76.62172,1
GAS,Central,Kota,Kota,Rajasthan,North,25.224615,75.865451,1
VEM,East,Amritsar,Amritsar,Punjab,North,31.626179,74.863983,1
MQH,South,Durgapur,Paschim Bardhaman,West Bengal,East,23.503399,87.310746,1
MEV,North,Agartala,West Tripura,Tripura,Northeast,23.832819,91.302051,1
CIV,South,Varanasi,Varanasi,Uttar Pradesh,North,25.303652,82.985611,1
PQF,Bhawarkua,Indore,Indore,Madhya Pradesh,Central,22.712525,75.872463,1
RET,Central,Rohtak,Rohtak,Haryana,North,28.904536,76.605123,1
RTU,Bhawarkua,Indore,Indore,Madhya Pradesh,Central,22.710439,75.874387,1
XUT,North,Port Blair,Cuddalore,Tamil Nadu,South,11.747885,79.784907,1
BBR,East,Rajahmundry,East Godavari,Andhra Pradesh,South,17.001994,81.793017,1
ADX,East,Loni,Ghaziabad,Uttar Pradesh,North,28.739793,77.279898,1
WER,North,Varanasi,Varanasi,Uttar Pradesh,North,25.321927,82.986007,1
DSR,Vaishali Nagar,Jaipur,Jaipur,Rajasthan,North,26.902768,75.793085,1
VML,East,Agartala,West Tripura,Tripura,Northeast,23.83251,91.274971,1
NRP,North,Agartala,West Tripura,Tripura,Northeast,23.829514,91.300073,1
NYQ,Worli,Mumbai,Mumbai,Maharashtra,West,19.065944,72.887925,1
ZWT,Koregaon Park,Pune,Pune,Maharashtra,West,18.532669,73.85564,1
TZA,North,Agartala,West Tripura,Tripura,Northeast,23.830218,91.299404,1
PMD,East,Jalgaon,Jalgaon,Maharashtra,West,21.007425,75.553558,1
SKB,South,Gulbarga,Kalaburagi,Karnataka,South,17.310818,76.834387,1
XAR,North,Akbarpur,Ambedkar Nagar,Uttar Pradesh,North,26.428184,82.551966,1
NXC,East,Bikaner,Bikaner,Rajasthan,North,28.022115,73.300881,1
MED,East,Junagadh,Junagadh,Gujarat,West,21.522838,70.445397,1
HMD,Central,Kohima,Kohima,Nagaland,Northeast,25.683666,94.107225,1
FMN,South,Ambattur,Tiruvallur,Tamil Nadu,South,13.079086,80.15936,1
VSN,North,Loni,Ghaziabad,Uttar Pradesh,North,28.739034,77.303189,1
VAP,North,Amravati,Amravati,Maharashtra,West,20.937291,77.793765,1
LYP,Five Roads,Salem,Salem,Tamil Nadu,South,11.67683,78.145437,1
RPX,Central,Bilaspur,Bilaspur,Chhattisgarh,Central,22.090394,82.140832,1
PLI,Central,Gwalior,Gwalior,Madhya Pradesh,Central,26.227511,78.182105,1
BUP,Ganapathy,Coimbatore,Coimbatore,Tamil Nadu,South,11.026347,76.941571,1
TXH,South,Latur,Latur,Maharashtra,West,18.3904,76.560154,1
RFG,East,Durgapur,Paschim Bardhaman,West Bengal,East,23.519403,87.300131,1
DMM,East,Silchar,Cachar,Assam,Northeast,24.831624,92.768046,1
NYJ,East,Varanasi,Varanasi,Uttar Pradesh,North,25.308796,82.967498,1
LCO,North,Cuttack,Cuttack,Odisha,East,20.462374,85.897021,1
LNL,South,Jalandhar,Jalandhar,Punjab,North,31.309169,75.57672,1
REU,Central,Nadiad,Kheda,Gujarat,West,22.706681,72.865111,1
ZRT,Central,Kohima,Kohima,Nagaland,Northeast,25.686697,94.106637,1
MFL,Tonk Road,Jaipur,Jaipur,Rajasthan,North,26.899599,75.785526,1
CCM,Belapur,Navi Mumbai,Thane,Maharashtra,West,19.038913,73.042366,1
XVI,North,Tinsukia,Tinsukia,Assam,Northeast,27.488199,95.374779,1
XZN,North,Agartala,West Tripura,Tripura,Northeast,23.831835,91.301174,1
ZAB,South,Ambattur,Tiruvallur,Tamil Nadu,South,13.080961,80.161891,1
FUL,Kothrud,Pune,Pune,Maharashtra,West,18.514903,73.844226,1
AHL,East,Sambalpur,Sambalpur,Odisha,East,21.465337,83.965999,1
LLO,North,Shimla,Shimla,Himachal Pradesh,North,31.103429,77.186574,1
ZAT,West,Kalyan,Thane,Maharashtra,West,19.247827,73.122747,1
DHN,Central,Rajahmundry,East Godavari,Andhra Pradesh,South,17.01229,81.80258,1
TYF,Central,Loni,Ghaziabad,Uttar Pradesh,North,28.752143,77.287764,1
SRQ,Central,Ambattur,Tiruvallur,Tamil Nadu,South,13.109003,80.16217,1
PGA,North,Ambattur,Tiruvallur,Tamil Nadu,South,13.098835,80.177331,1
SDL,South,Aligarh,Aligarh,Uttar Pradesh,North,27.880067,78.086632,1
IKH,South,Junagadh,Junagadh,Gujarat,West,21.502547,70.458609,1
ASX,Sadar,Nagpur,Nagpur,Maharashtra,West,21.15565,79.087358,1
TKC,Frazer Road,Patna,Patna,Bihar,East,25.583954,85.138549,1
JKR,South,Gaya,Gaya,Bihar,East,24.773584,84.99988,1
VTF,South,Agartala,West Tripura,Tripura,Northeast,23.814947,91.287212,1
NCL,South,Shahjahanpur,Shahjahanpur,Uttar Pradesh,North,27.861656,79.908629,1
HRJ,South,Gandhinagar,Gandhinagar,Gujarat,West,23.200272,72.649468,1
WFQ,North,Roorkee,Haridwar,Uttarakhand,North,29.855904,77.901822,1
SVD,East,Kalyan,Thane,Maharashtra,West,19.236187,73.130931,1
CBV,Peelamedu,Coimbatore,Coimbatore,Tamil Nadu,South,11.009363,76.970411,1
LEP,Maninagar,Ahmedabad,Ahmedabad,Gujarat,West,23.02648,72.589307,1
ZYS,RS Puram,Coimbatore,Coimbatore,Tamil Nadu,South,11.027437,76.955047,1
DKM,West,Kota,Kota,Rajasthan,North,25.219348,75.851633,1
NLB,East,Bokaro Steel City,Bokaro,Jharkhand,East,23.670174,86.141385,1
AWY,South,Hisar,Hisar,Haryana,North,29.129332,75.721178,1
IOL,Central,Agartala,West Tripura,Tripura,Northeast,23.842397,91.288769,1
ALR,East,Latur,Latur,Maharashtra,West,18.408429,76.550751,1
CZM,Sayajigunj,Vadodara,Vadodara,Gujarat,West,22.312417,73.192483,1
CID,Central,Dhule,Dhule,Maharashtra,West,20.914649,74.773215,1
IMG,East,Imphal,Imphal West,Manipur,Northeast,24.818858,93.927442,1
BBV,South,Agartala,West Tripura,Tripura,Northeast,23.813063,91.28857,1
KPU,North,Bhagalpur,Bhagalpur,Bihar,East,25.24269,86.997372,1
AHM,South,Imphal,Imphal West,Manipur,Northeast,24.797602,93.936461,1
PNW,Central,Bhilai,Durg,Chhattisgarh,Central,21.20633,81.351312,1
ZDL,South,Karnal,Karnal,Haryana,North,29.66581,76.990653,1
XPA,Central,Dhule,Dhule,Maharashtra,West,20.914465,74.773553,1
MXM,Central,Bhavnagar,Bhavnagar,Gujarat,West,21.773495,72.152491,1
VES,East,Loni,Ghaziabad,Uttar Pradesh,North,28.741508,77.279187,1
PIX,Central,Nellore,Nellore,Andhra Pradesh,South,14.453546,79.987234,1
NGF,East,Korba,Korba,Chhattisgarh,Central,22.360336,82.739151,1
KAD,Vazhuthacaud,Thiruvananthapuram,Thiruvananthapuram,Kerala,South,8.516609,76.924591,1
RQT,Dharampeth,Nagpur,Nagpur,Maharashtra,West,21.134615,79.08862,1
LDS,Central,Sambalpur,Sambalpur,Odisha,East,21.478762,83.975583,1
ZOZ,East,Dhanbad,Dhanbad,Jharkhand,East,23.787968,86.425466,1
UPO,Central,Kolhapur,Kolhapur,Maharashtra,West,16.713934,74.242492,1
CNH,South,Mathura,Mathura,Uttar Pradesh,North,27.474207,77.675316,1
BXC,South,Muzaffarpur,Muzaffarpur,Bihar,East,26.103989,85.365569,1
BOV,East,Anantapur,Anantapur,Andhra Pradesh,South,14.680814,77.591159,1
XUN,North,Kolhapur,Kolhapur,Maharashtra,West,16.706397,74.258152,1
MPF,South,Durgapur,Paschim Bardhaman,West Bengal,East,23.503073,87.310351,1
RVP,South,Bareilly,Bareilly,Uttar Pradesh,North,28.348383,79.432104,1
LEA,South,Tinsukia,Tinsukia,Assam,Northeast,27.46862,95.359137,1
MVC,North,Varanasi,Varanasi,Uttar Pradesh,North,25.321619,82.988247,1
JAF,Mahal,Nagpur,Nagpur,Maharashtra,West,21.138165,79.075274,1
TDJ,Central,Anantapur,Anantapur,Andhra Pradesh,South,14.69387,77.598648,1
RVF,South,Durgapur,Paschim Bardhaman,West Bengal,East,23.504047,87.312241,1
TWT,East,Kamarhati,North 24 Parganas,West Bengal,East,22.669705,88.357292,1
HRB,North,Jamshedpur,East Singhbhum,Jharkhand,East,22.807721,86.215458,1
YRY,North,Firozabad,Firozabad,Uttar Pradesh,North,27.160599,78.411272,1
AKS,West,Nashik,Nashik,Maharashtra,West,20.000588,73.777864,1
QDE,East,Kolhapur,Kolhapur,Maharashtra,West,16.705606,74.230686,1
NNN,North,Roorkee,Haridwar,Uttarakhand,North,29.855531,77.902394,1
NNS,East,Firozabad,Firozabad,Uttar Pradesh,North,27.158681,78.384206,1
QBZ,Ranip,Ahmedabad,Ahmedabad,Gujarat,West,23.018799,72.559606,1
SGR,South,Nellore,Nellore,Andhra Pradesh,South,14.422756,79.986192,1
PHV,Airoli,Navi Mumbai,Thane,Maharashtra,West,19.042112,73.012329,1
KHI,Central,Durgapur,Paschim Bardhaman,West Bengal,East,23.531457,87.311029,1
NDA,East,Thrissur,Thrissur,Kerala,South,10.526367,76.203997,1
ELM,North,Imphal,Imphal West,Manipur,Northeast,24.818125,93.950823,1
VBX,East,Agartala,West Tripura,Tripura,Northeast,23.832001,91.276129,1
KER,South,Siliguri,Darjeeling,West Bengal,East,26.707821,88.396429,1
GOM,Argora,Ranchi,Ranchi,Jharkhand,East,23.355016,85.293894,1
RFM,North,Durgapur,Paschim Bardhaman,West Bengal,East,23.518604,87.325388,1
PLE,Patamata,Vijayawada,Krishna,Andhra Pradesh,South,16.498678,80.661609,1
IPJ,Argora,Ranchi,Ranchi,Jharkhand,East,23.351843,85.29214,1
BUQ,Central,Durgapur,Paschim Bardhaman,West Bengal,East,23.532322,87.313038,1
BLL,East,Agra,Agra,Uttar Pradesh,North,27.166384,78.001484,1
PHK,Khanapara,Guwahati,Kamrup Metro,Assam,Northeast,26.151573,91.720563,1
SDK,Bypass Road,Madurai,Madurai,Tamil Nadu,South,9.91934,78.108892,1
KFC,East,Loni,Ghaziabad,Uttar Pradesh,North,28.740973,77.277095,1
HIK,North,Bhuj,Kutch,Gujarat,West,23.252639,69.683655,1
IOG,Central,Gwalior,Gwalior,Madhya Pradesh,Central,26.227381,78.183597,1
XVP,Vashi,Navi Mumbai,Thane,Maharashtra,West,19.042494,73.029475,1
GJS,East,Dhule,Dhule,Maharashtra,West,20.903067,74.762513,1
SUD,Vartak Nagar,Thane,Thane,Maharashtra,West,19.20911,72.994371,1
XVL,East,Belgaum,Belgaum,Karnataka,South,15.847764,74.488225,1
JDM,Central,Jalandhar,Jalandhar,Punjab,North,31.336597,75.578132,1
YOZ,North,Ajmer,Ajmer,Rajasthan,North,26.448094,74.654517,1
MMC,North,Jamnagar,Jamnagar,Gujarat,West,22.470993,70.07098,1
YCG,Mangalam Road,Tiruppur,Tiruppur,Tamil Nadu,South,11.106612,77.356667,1
CCQ,South,Karaikudi,Sivaganga,Tamil Nadu,South,10.052404,78.776099,1
AUK,Central,Dibrugarh,Dibrugarh,Assam,Northeast,27.482197,94.912847,1
CWS,South,Korba,Korba,Chhattisgarh,Central,22.343115,82.7505,1
LKD,Greater Faridabad,Faridabad,Faridabad,Haryana,North,28.416888,77.302047,1
KFP,East,Belgaum,Belgaum,Karnataka,South,15.850618,74.486202,1
SAB,South,Loni,Ghaziabad,Uttar Pradesh,North,28.721575,77.289349,1
MUK,Central,Loni,Ghaziabad,Uttar Pradesh,North,28.751697,77.288483,1
PZV,North,Satara,Satara,Maharashtra,West,17.680951,74.031233,1
FLP,Central,Ambattur,Tiruvallur,Tamil Nadu,South,13.109228,80.160989,1
CSC,South,Malegaon,Nashik,Maharashtra,West,20.540343,74.528529,1
XKN,Greater Faridabad,Faridabad,Faridabad,Haryana,North,28.419024,77.302333,1
GTB,Goregaon,Mumbai,Mumbai,Maharashtra,West,19.069834,72.862094,1
ASJ,Central,Anantapur,Anantapur,Andhra Pradesh,South,14.69208,77.602363,1
CDU,East,Bathinda,Bathinda,Punjab,North,30.211847,74.934796,1
FMG,Athwagate,Surat,Surat,Gujarat,West,21.15893,72.831659,1
PWL,South,Amravati,Amravati,Maharashtra,West,20.918073,77.778412,1
INO,Central,Moradabad,Moradabad,Uttar Pradesh,North,28.849295,78.777841,1
JRO,Central,Bathinda,Bathinda,Punjab,North,30.220099,74.944898,1
XYM,South,Dhule,Dhule,Maharashtra,West,20.887014,74.774152,1
ZDW,Central,Silchar,Cachar,Assam,Northeast,24.843062,92.78086,1
KFD,Chithode,Erode,Erode,Tamil Nadu,South,11.323226,77.715879,1
PMB,Central,Thrissur,Thrissur,Kerala,South,10.537844,76.213331,1
HJJ,East,Firozabad,Firozabad,Uttar Pradesh,North,27.159626,78.383552,1
JDA,Mangalam Road,Tiruppur,Tiruppur,Tamil Nadu,South,11.108962,77.356622,1
LBY,Central,Loni,Ghaziabad,Uttar Pradesh,North,28.750761,77.289376,1
VNR,East,Kollam,Kollam,Kerala,South,8.891627,76.601987,1
XTD,South,Ambala,Ambala,Haryana,North,30.361883,76.776952,1
SFO,East,Bhilai,Durg,Chhattisgarh,Central,21.19232,81.34044,1
AHI,East,Belgaum,Belgaum,Karnataka,South,15.849823,74.486434,1
XTM,North,Nanded,Nanded,Maharashtra,West,19.13668,77.336154,1
ASY,North,Warangal,Warangal Urban,Telangana,South,17.968449,79.608803,1
PIR,Central,Maheshtala,South 24 Parganas,West Bengal,East,22.519603,88.249722,1
PVS,Central,Dhanbad,Dhanbad,Jharkhand,East,23.804846,86.430001,1
YNM,Mahal,Nagpur,Nagpur,Maharashtra,West,21.136773,79.074337,1
XHO,North,Thrissur,Thrissur,Kerala,South,10.527025,76.228937,1
ZRF,East,Kohima,Kohima,Nagaland,Northeast,25.675469,94.096988,1
FBL,South,Agartala,West Tripura,Tripura,Northeast,23.813869,91.28649,1
QRA,Paltan Bazar,Guwahati,Kamrup Metro,Assam,Northeast,26.152264,91.746698,1
RDO,North,Durgapur,Paschim Bardhaman,West Bengal,East,23.519316,87.327615,1
DPB,South,Mysore,Mysuru,Karnataka,South,12.277151,76.638492,1
PNY,East,Bhilai,Durg,Chhattisgarh,Central,21.193088,81.338726,1
MXX,Central,Ambattur,Tiruvallur,Tamil Nadu,South,13.110139,80.16247,1
TAI,North,Gwalior,Gwalior,Madhya Pradesh,Central,26.222116,78.195063,1
DNH,Kakkanad,Kochi,Ernakulam,Kerala,South,9.921825,76.283842,1
XHC,Central,Nanded,Nanded,Maharashtra,West,19.148741,77.322779,1
POF,Central,Aligarh,Aligarh,Uttar Pradesh,North,27.907263,78.087103,1
LXX,North,Yamunanagar,Yamunanagar,Haryana,North,30.129274,77.283041,1
YEX,East,Port Blair,Cuddalore,Tamil Nadu,South,11.747497,79.760367,1
PCM,South,Ludhiana,Ludhiana,Punjab,North,30.88451,75.867181,1
XEH,North,Saharanpur,Saharanpur,Uttar Pradesh,North,29.969559,77.570372,1
MCG,Central,Thrissur,Thrissur,Kerala,South,10.538865,76.213919,1
JFO,East,Jamshedpur,East Singhbhum,Jharkhand,East,22.795001,86.197904,1
XWC,Doranda,Ranchi,Ranchi,Jharkhand,East,23.352735,85.32181,1
BCD,East,Dhanbad,Dhanbad,Jharkhand,East,23.785007,86.42467,1
UMC,South,Jalandhar,Jalandhar,Punjab,North,31.308635,75.576171,1
ZXZ,Central,Bhuj,Kutch,Gujarat,West,23.264798,69.669117,1
PHA,Palayamkottai,Tirunelveli,Tirunelveli,Tamil Nadu,South,8.697305,77.756121,1
PCA,Officer's Line,Vellore,Vellore,Tamil Nadu,South,12.896729,79.130973,1
QXT,MG Road,Gurgaon,Gurugram,Haryana,North,28.449722,77.025029,1
HRE,Sadar,Nagpur,Nagpur,Maharashtra,West,21.155362,79.087786,1
DTN,South,Jhansi,Jhansi,Uttar Pradesh,North,25.431776,78.566868,1
FGL,Central,Cuttack,Cuttack,Odisha,East,20.475059,85.882975,1
FJL,South,Mathura,Mathura,Uttar Pradesh,North,27.474169,77.674808,1
OMC,North,Asansol,Paschim Bardhaman,West Bengal,East,23.674068,86.966008,1
KSK,Goripalayam,Madurai,Madurai,Tamil Nadu,South,9.915735,78.136616,1
NAO,Ganapathy,Coimbatore,Coimbatore,Tamil Nadu,South,11.025755,76.938576,1
UNJ,East,Durgapur,Paschim Bardhaman,West Bengal,East,23.519948,87.302059,1
CXP,East,Junagadh,Junagadh,Gujarat,West,21.523311,70.446532,1
KJH,South,Bokaro Steel City,Bokaro,Jharkhand,East,23.651302,86.149872,1
BSD,East,Firozabad,Firozabad,Uttar Pradesh,North,27.15746,78.386024,1
BSG,South,Kakinada,East Godavari,Andhra Pradesh,South,16.971521,82.246258,1
PJV,VV Mohalla,Mysuru,Mysuru,Karnataka,South,12.306285,76.640151,1
ABE,CG Road,Ahmedabad,Ahmedabad,Gujarat,West,23.028076,72.554787,1
IRO,Central,Varanasi,Varanasi,Uttar Pradesh,North,25.326927,82.974533,1
LLM,South,Shillong,East Khasi Hills,Meghalaya,Northeast,25.560663,91.891813,1
RNP,Pearl City,Thoothukudi,Thoothukudi,Tamil Nadu,South,8.776234,78.135235,1
NXT,Central,Loni,Ghaziabad,Uttar Pradesh,North,28.751905,77.29033,1
HNI,West,Rajkot,Rajkot,Gujarat,West,22.307587,70.787881,1
LHP,Central,Rohtak,Rohtak,Haryana,North,28.908184,76.606297,1
EPN,Panvel,Navi Mumbai,Thane,Maharashtra,West,19.026661,73.016985,1
VNP,East,Loni,Ghaziabad,Uttar Pradesh,North,28.741637,77.276998,1
END,West,Kanpur,Kanpur Nagar,Uttar Pradesh,North,26.454211,80.317369,1
RSD,MG Road,Vijayawada,Krishna,Andhra Pradesh,South,16.517346,80.647298,1
HNT,East,Durgapur,Paschim Bardhaman,West Bengal,East,23.520518,87.301981,1
SXN,East,Imphal,Imphal West,Manipur,Northeast,24.817583,93.924669,1
PXK,North,Shillong,East Khasi Hills,Meghalaya,Northeast,25.577963,91.906356,1
RNH,South,Akbarpur,Ambedkar Nagar,Uttar Pradesh,North,26.411456,82.537275,1
LSO,South,Jamshedpur,East Singhbhum,Jharkhand,East,22.789099,86.214986,1
AUX,North,Allahabad,Prayagraj,Uttar Pradesh,North,25.442241,81.859392,1
YIE,South,Agartala,West Tripura,Tripura,Northeast,23.813875,91.287509,1
MEO,Vasundhara,Ghaziabad,Ghaziabad,Uttar Pradesh,North,28.659289,77.455246,1
LAR,South,Mathura,Mathura,Uttar Pradesh,North,27.475245,77.674233,1
ARV,Central,Nellore,Nellore,Andhra Pradesh,South,14.452918,79.988438,1
PIZ,East,Bareilly,Bareilly,Uttar Pradesh,North,28.365413,79.420243,1
VKO,East,Kurnool,Kurnool,Andhra Pradesh,South,15.826751,78.02704,1
FMM,East,Maheshtala,South 24 Parganas,West Bengal,East,22.511499,88.236726,1
SDX,Central,Jalandhar,Jalandhar,Punjab,North,31.334988,75.577782,1
QAZ,Periya Semur,Erode,Erode,Tamil Nadu,South,11.339855,77.732448,1
ZML,Central,Loni,Ghaziabad,Uttar Pradesh,North,28.751483,77.289218,1
DFE,North,Rohtak,Rohtak,Haryana,North,28.894186,76.619222,1
NJM,South,Ambala,Ambala,Haryana,North,30.359249,76.775948,1
SQS,West,Dhanbad,Dhanbad,Jharkhand,East,23.80071,86.418685,1
EYA,Central,Kurnool,Kurnool,Andhra Pradesh,South,15.838071,78.037579,1
PLN,North,Gulbarga,Kalaburagi,Karnataka,South,17.328882,76.849895,1
EIA,East,Durgapur,Paschim Bardhaman,West Bengal,East,23.522119,87.30191,1
AWJ,North,Udaipur,Udaipur,Rajasthan,North,24.586134,73.727891,1
DYI,South,Ujjain,Ujjain,Madhya Pradesh,Central,23.157351,75.790008,1
HAR,Central,Jhansi,Jhansi,Uttar Pradesh,North,25.45911,78.56939,1
INH,East,Aurangabad,Aurangabad,Maharashtra,West,19.867249,75.336538,1
FNW,Saibaba Colony,Coimbatore,Coimbatore,Tamil Nadu,South,11.025944,76.970029,1
GDO,East,Ambattur,Tiruvallur,Tamil Nadu,South,13.098488,80.149339,1
DHU,South,Karnal,Karnal,Haryana,North,29.668317,76.992085,1
DLO,East,Hisar,Hisar,Haryana,North,29.148903,75.711986,1
ERU,Central,Agartala,West Tripura,Tripura,Northeast,23.841256,91.288444,1
PTT,East,Kollam,Kollam,Kerala,South,8.891352,76.605259,1
BCS,Airoli,Navi Mumbai,Thane,Maharashtra,West,19.042337,73.015001,1
GUM,South,Durgapur,Paschim Bardhaman,West Bengal,East,23.503261,87.313084,1
FNI,Malviya Nagar,Jaipur,Jaipur,Rajasthan,North,26.923036,75.798028,1
NUD,South,Aligarh,Aligarh,Uttar Pradesh,North,27.880399,78.086937,1
LUA,North,Durgapur,Paschim Bardhaman,West Bengal,East,23.519671,87.326678,1
WXT,South,Durgapur,Paschim Bardhaman,West Bengal,East,23.502145,87.312842,1
XEF,Benz Circle,Vijayawada,Krishna,Andhra Pradesh,South,16.514582,80.661318,1
ZIS,East,Mysore,Mysuru,Karnataka,South,12.294808,76.62844,1
XVM,Central,Avadi,Tiruvallur,Tamil Nadu,South,13.126097,80.108571,1
TXX,Central,Ludhiana,Ludhiana,Punjab,North,30.913492,75.856453,1
PGL,Central,Hubli,Dharwad,Karnataka,South,15.377269,75.125188,1
RNO,Central,Amritsar,Amritsar,Punjab,North,31.64657,74.872075,1
BJA,Central,Durgapur,Paschim Bardhaman,West Bengal,East,23.530589,87.312544,1
OBU,Crossings Republik,Ghaziabad,Ghaziabad,Uttar Pradesh,North,28.67749,77.437903,1
XHU,East,Malegaon,Nashik,Maharashtra,West,20.559255,74.516328,1
SLF,South,Firozabad,Firozabad,Uttar Pradesh,North,27.142984,78.395424,1
BWH,South,Kozhikode,Kozhikode,Kerala,South,11.239717,75.780691,1
KDM,Indirapuram,Ghaziabad,Ghaziabad,Uttar Pradesh,North,28.681601,77.451945,1
VSU,South,Anand,Anand,Gujarat,West,22.545811,72.928742,1
EJI,North,Mira-Bhayandar,Thane,Maharashtra,West,19.293339,72.870571,1
MPH,Danapur,Patna,Patna,Bihar,East,25.602195,85.123526,1
SWF,South,Puducherry,Puducherry,Puducherry,South,11.922417,79.808937,1
VAV,North,Agartala,West Tripura,Tripura,Northeast,23.830967,91.301038,1
XDV,North,Siliguri,Darjeeling,West Bengal,East,26.728524,88.409874,1
DCG,North,Bhilai,Durg,Chhattisgarh,Central,21.192207,81.366932,1
WEI,Thillai Nagar,Tiruchirappalli,Tiruchirappalli,Tamil Nadu,South,10.774403,78.704265,1
GFT,Central,Warangal,Warangal Urban,Telangana,South,17.978817,79.593448,1
MCF,North,Gaya,Gaya,Bihar,East,24.792876,85.014733,1
AWP,Argora,Ranchi,Ranchi,Jharkhand,East,23.353311,85.293731,1
MGR,North,Panaji,North Goa,Goa,West,15.492418,73.840592,1
GIN,Sathuvachari,Vellore,Vellore,Tamil Nadu,South,12.928156,79.132515,1
HAY,North,Mathura,Mathura,Uttar Pradesh,North,27.492312,77.688828,1
ALS,Central,Tiruvottiyur,Tiruvallur,Tamil Nadu,South,13.175798,80.302744,1
PMT,East,Satara,Satara,Maharashtra,West,17.680438,74.006198,1
NUK,East,Mathura,Mathura,Uttar Pradesh,North,27.490706,77.662945,1
SBF,Frazer Road,Patna,Patna,Bihar,East,25.583472,85.13803,1
LGA,Wagle Estate,Thane,Thane,Maharashtra,West,19.228046,72.962132,1
PUB,Alkapuri,Vadodara,Vadodara,Gujarat,West,22.316864,73.17977,1
XRA,Central,Bilaspur,Bilaspur,Chhattisgarh,Central,22.091593,82.140252,1
NHD,MG Road,Gurgaon,Gurugram,Haryana,North,28.447071,77.026681,1
LEW,Manjalpur,Vadodara,Vadodara,Gujarat,West,22.318047,73.164245,1
RYN,East,Guntur,Guntur,Andhra Pradesh,South,16.307188,80.424925,1
OCM,Central,Durgapur,Paschim Bardhaman,West Bengal,East,23.530645,87.312008,1
HRG,Borivali,Mumbai,Mumbai,Maharashtra,West,19.058688,72.879395,1
TRR,North,Panipat,Panipat,Haryana,North,29.392246,76.978053,1
FNO,East,Cuttack,Cuttack,Odisha,East,20.46278,85.870433,1
WXS,North,Raipur,Raipur,Chhattisgarh,Central,21.253935,81.642197,1
WMK,East,Udaipur,Udaipur,Rajasthan,North,24.585923,73.699716,1
XFK,North,Akbarpur,Ambedkar Nagar,Uttar Pradesh,North,26.430079,82.551403,1
FHK,North,Udaipur,Udaipur,Rajasthan,North,24.584822,73.728882,1
VAS,Central,Belgaum,Belgaum,Karnataka,South,15.860585,74.497064,1
GGH,East,Varanasi,Varanasi,Uttar Pradesh,North,25.310532,82.968804,1
LIF,East,Gandhinagar,Gandhinagar,Gujarat,West,23.204892,72.630466,1
TUG,East,Warangal,Warangal Urban,Telangana,South,17.970832,79.581754,1
ZRA,North,Kohima,Kohima,Nagaland,Northeast,25.67466,94.122196,1
XYP,North,Anand,Anand,Gujarat,West,22.564796,72.944719,1
XEU,East,Raipur,Raipur,Chhattisgarh,Central,21.243691,81.622445,1
UBL,South,Gandhinagar,Gandhinagar,Gujarat,West,23.20073,72.649166,1
WCR,East,Durgapur,Paschim Bardhaman,West Bengal,East,23.519896,87.299529,1
PPL,East,Tiruvottiyur,Tiruvallur,Tamil Nadu,South,13.163522,80.290158,1
VDR,North,Muzaffarpur,Muzaffarpur,Bihar,East,26.119115,85.379288,1
IWP,South,Kanpur,Kanpur Nagar,Uttar Pradesh,North,26.435766,80.343775,1
ABO,South,Mysore,Mysuru,Karnataka,South,12.276421,76.641237,1
CMS,South,Amravati,Amravati,Maharashtra,West,20.918833,77.778289,1
ITL,South,Loni,Ghaziabad,Uttar Pradesh,North,28.723738,77.287471,1
MUC,South,Loni,Ghaziabad,Uttar Pradesh,North,28.723987,77.287254,1
CVD,East,Margao,South Goa,Goa,West,15.284185,73.9756,1
LUM,North,Margao,South Goa,Goa,West,15.28178,74.000316,1
MZT,East,Durgapur,Paschim Bardhaman,West Bengal,East,23.522339,87.302546,1
IFH,South,Rohtak,Rohtak,Haryana,North,28.878731,76.604642,1
EBB,East,Anantapur,Anantapur,Andhra Pradesh,South,14.681888,77.588477,1
INR,North,Mathura,Mathura,Uttar Pradesh,North,27.491208,77.687643,1
ETA,Central,Kohima,Kohima,Nagaland,Northeast,25.686327,94.109652,1
ITQ,South,Dhule,Dhule,Maharashtra,West,20.888137,74.773423,1
MEP,South,Jabalpur,Jabalpur,Madhya Pradesh,Central,23.167376,79.996699,1
XHI,Central,Jammu,Jammu,Jammu and Kashmir,North,32.739269,74.857065,1
QCR,East,Dhule,Dhule,Maharashtra,West,20.905233,74.764832,1
BHM,South,Bidar,Bidar,Karnataka,South,17.896225,77.529399,1
DDF,Cyber City,Gurgaon,Gurugram,Haryana,North,28.469366,77.026004,1
AAU,South,Karaikudi,Sivaganga,Tamil Nadu,South,10.052133,78.776069,1
PER,East,Dharamshala,Kangra,Himachal Pradesh,North,32.217088,76.310985,1
GEN,Central,Ambala,Ambala,Haryana,North,30.388289,76.776261,1
BGP,South,Durgapur,Paschim Bardhaman,West Bengal,East,23.50239,87.313215,1
YWS,DLF Phase 1,Gurgaon,Gurugram,Haryana,North,28.464944,77.038549,1
CBG,Doranda,Ranchi,Ranchi,Jharkhand,East,23.35014,85.321672,1
VWM,South,Allahabad,Prayagraj,Uttar Pradesh,North,25.420917,81.85527,1
KTL,South,Dhule,Dhule,Maharashtra,West,20.887875,74.775566,1
HCV,East,Loni,Ghaziabad,Uttar Pradesh,North,28.740315,77.278328,1
HTL,North,Agartala,West Tripura,Tripura,Northeast,23.832749,91.302254,1
DFJ,East,Kohima,Kohima,Nagaland,Northeast,25.675214,94.097756,1
BOH,North,Agartala,West Tripura,Tripura,Northeast,23.829617,91.300406,1
CFE,South,Shahjahanpur,Shahjahanpur,Uttar Pradesh,North,27.861874,79.910845,1
COG,Dwaraka Nagar,Visakhapatnam,Visakhapatnam,Andhra Pradesh,South,17.693253,83.229975,1
SML,South,Ajmer,Ajmer,Rajasthan,North,26.43018,74.639384,1
KSH,Bypass Road,Madurai,Madurai,Tamil Nadu,South,9.918653,78.1059,1
BMU,Five Roads,Salem,Salem,Tamil Nadu,South,11.674883,78.144757,1
SID,East,Aligarh,Aligarh,Uttar Pradesh,North,27.897812,78.076704,1
HIP,East,Dhule,Dhule,Maharashtra,West,20.904698,74.762384,1
DUU,North,Durgapur,Paschim Bardhaman,West Bengal,East,23.520543,87.328104,1
HBP,Central,Dhule,Dhule,Maharashtra,West,20.913542,74.7768,1
TMF,Bariatu,Ranchi,Ranchi,Jharkhand,East,23.335044,85.297187,1
HKJ,North,Warangal,Warangal Urban,Telangana,South,17.969218,79.606613,1
DWE,South,Aizawl,Aizawl,Mizoram,Northeast,23.708377,92.718407,1
SPK,North,Kanpur,Kanpur Nagar,Uttar Pradesh,North,26.455675,80.346598,1
KSV,South,Warangal,Warangal Urban,Telangana,South,17.949371,79.592185,1
PXA,North,Bhilwara,Bhilwara,Rajasthan,North,25.348063,74.65205,1
ZDE,NIT,Faridabad,Faridabad,Haryana,North,28.417897,77.318723,1
SDC,East,Dhule,Dhule,Maharashtra,West,20.905195,74.765004,1
WNE,Central,Firozabad,Firozabad,Uttar Pradesh,North,27.170461,78.397299,1
ZEA,Adajan,Surat,Surat,Gujarat,West,21.179697,72.829744,1
FSN,East,Ratnagiri,Ratnagiri,Maharashtra,West,16.995422,73.288846,1
DNP,Mangalam Road,Tiruppur,Tiruppur,Tamil Nadu,South,11.107972,77.356281,1
MTZ,South,Thrissur,Thrissur,Kerala,South,10.508327,76.212892,1
OSF,South,Jabalpur,Jabalpur,Madhya Pradesh,Central,23.165326,79.996328,1
VPA,North,Bhuj,Kutch,Gujarat,West,23.252065,69.685682,1
IKP,East,Dhule,Dhule,Maharashtra,West,20.905272,74.763402,1
RWO,Manjalpur,Vadodara,Vadodara,Gujarat,West,22.315813,73.165984,1
FUN,North,Maheshtala,South 24 Parganas,West Bengal,East,22.511648,88.261973,1
VLK,South,Shahjahanpur,Shahjahanpur,Uttar Pradesh,North,27.864557,79.910357,1
AGF,East,Belgaum,Belgaum,Karnataka,South,15.848452,74.4867,1
EBC,North,Dhule,Dhule,Maharashtra,West,20.903674,74.790906,1
RCB,South,Kohima,Kohima,Nagaland,Northeast,25.656261,94.109412,1
EGD,Central,Ajmer,Ajmer,Rajasthan,North,26.462211,74.64093,1
JDL,Central,Thrissur,Thrissur,Kerala,South,10.538092,76.213219,1
EEL,South,Pathankot,Pathankot,Punjab,North,32.254874,75.653982,1
MBO,Central,Dhule,Dhule,Maharashtra,West,20.913326,74.774251,1
ZNP,Juhu,Mumbai,Mumbai,Maharashtra,West,19.080509,72.861653,1
GVP,North,Durgapur,Paschim Bardhaman,West Bengal,East,23.521542,87.327516,1
EKT,Central,Maheshtala,South 24 Parganas,West Bengal,East,22.520232,88.246722,1
NEM,South,Satara,Satara,Maharashtra,West,17.662589,74.017545,1
DXF,South,Nadiad,Kheda,Gujarat,West,22.676053,72.864789,1
OKG,East,Port Blair,Cuddalore,Tamil Nadu,South,11.747894,79.760618,1
OSD,North,Jammu,Jammu,Jammu and Kashmir,North,32.726688,74.871773,1
ELT,South,Loni,Ghaziabad,Uttar Pradesh,North,28.72339,77.28856,1
NPQ,Borivali,Mumbai,Mumbai,Maharashtra,West,19.058419,72.876453,1
DXN,North,Mathura,Mathura,Uttar Pradesh,North,27.493556,77.68968,1
CEP,South,Dhanbad,Dhanbad,Jharkhand,East,23.783098,86.442252,1
PXN,Central,Davanagere,Davanagere,Karnataka,South,14.475111,75.923046,1
AGV,East,Durgapur,Paschim Bardhaman,West Bengal,East,23.519957,87.300355,1
NBQ,South,Kolhapur,Kolhapur,Maharashtra,West,16.6853,74.243191,1
AIV,East,Kanpur,Kanpur Nagar,Uttar Pradesh,North,26.44051,80.327455,1
DNX,East,Pathankot,Pathankot,Punjab,North,32.274247,75.641605,1
STN,East,Aurangabad,Aurangabad,Maharashtra,West,19.866248,75.33523,1
MSS,Central,Kohima,Kohima,Nagaland,Northeast,25.68382,94.108187,1
BLZ,East,Bilaspur,Bilaspur,Chhattisgarh,Central,22.078852,82.127244,1
PWH,East,Gwalior,Gwalior,Madhya Pradesh,Central,26.211385,78.174962,1
MBS,East,Imphal,Imphal West,Manipur,Northeast,24.816908,93.926992,1
HYI,South,Varanasi,Varanasi,Uttar Pradesh,North,25.301296,82.985167,1
BAW,Central,Shillong,East Khasi Hills,Meghalaya,Northeast,25.590922,91.893234,1
FRT,East,Silchar,Cachar,Assam,Northeast,24.831584,92.76914,1
WOO,East,Pathankot,Pathankot,Punjab,North,32.274332,75.640801,1
RTL,West,Dehradun,Dehradun,Uttarakhand,North,30.322076,78.016899,1
SDW,Central,Durgapur,Paschim Bardhaman,West Bengal,East,23.530318,87.312195,1
NTM,East,Varanasi,Varanasi,Uttar Pradesh,North,25.308002,82.966459,1
FON,North,Asansol,Paschim Bardhaman,West Bengal,East,23.67338,86.967543,1
KZS,North,Durgapur,Paschim Bardhaman,West Bengal,East,23.519641,87.325145,1
NKW,Central,Kozhikode,Kozhikode,Kerala,South,11.270796,75.78165,1
SUA,East,Jalandhar,Jalandhar,Punjab,North,31.326013,75.567378,1
XLA,Sector 62,Noida,Gautam Buddha Nagar,Uttar Pradesh,North,28.541704,77.402756,1
BZA,South,Anand,Anand,Gujarat,West,22.546691,72.926917,1
EXS,South,Yamunanagar,Yamunanagar,Haryana,North,30.111209,77.266141,1
TMY,South,Margao,South Goa,Goa,West,15.266134,73.987607,1
RHW,North,Dharamshala,Kangra,Himachal Pradesh,North,32.220544,76.339246,1
PZP,East,Maheshtala,South 24 Parganas,West Bengal,East,22.510741,88.237295,1
RLS,East,Ajmer,Ajmer,Rajasthan,North,26.44992,74.627939,1
YYG,East,Bhiwandi,Thane,Maharashtra,West,19.301002,73.050926,1
GFD,South,Bhuj,Kutch,Gujarat,West,23.2366,69.669047,1
PQZ,North,Amravati,Amravati,Maharashtra,West,20.936119,77.794199,1
AEI,Central,Solapur,Solapur,Maharashtra,West,17.672616,75.907314,1
AVC,Central,Durgapur,Paschim Bardhaman,West Bengal,East,23.532948,87.312482,1
BPE,TT Nagar,Bhopal,Bhopal,Madhya Pradesh,Central,23.249313,77.429412,1
NOO,North,Port Blair,Cuddalore,Tamil Nadu,South,11.74651,79.783983,1
HOD,Central,Warangal,Warangal Urban,Telangana,South,17.978683,79.594734,1
AHN,City Light,Surat,Surat,Gujarat,West,21.161869,72.84853,1
DCL,South,Guntur,Guntur,Andhra Pradesh,South,16.287403,80.436633,1
OGG,East,Satara,Satara,Maharashtra,West,17.68111,74.007918,1
NEI,Central,Kalyan,Thane,Maharashtra,West,19.255394,73.134737,1
LVC,Central,Durgapur,Paschim Bardhaman,West Bengal,East,23.530886,87.313175,1
LTE,North,Nellore,Nellore,Andhra Pradesh,South,14.441701,80.000711,1
CVG,East,Tiruvottiyur,Tiruvallur,Tamil Nadu,South,13.161859,80.290475,1
VBN,East,Raipur,Raipur,Chhattisgarh,Central,21.241336,81.622261,1
UMH,North,Port Blair,Cuddalore,Tamil Nadu,South,11.74723,79.783966,1
FZO,Central,Ambattur,Tiruvallur,Tamil Nadu,South,13.110426,80.159549,1
LSK,North,Panaji,North Goa,Goa,West,15.48929,73.840529,1
JOK,Central,Rajkot,Rajkot,Gujarat,West,22.313372,70.800919,1
TSY,West,Jabalpur,Jabalpur,Madhya Pradesh,Central,23.185399,79.971037,1
GCS,Vijayanagar,Mysuru,Mysuru,Karnataka,South,12.276807,76.638891,1
PBB,Central,Jalandhar,Jalandhar,Punjab,North,31.335443,75.576174,1
WNM,Cantonment,Tiruchirappalli,Tiruchirappalli,Tamil Nadu,South,10.802527,78.703943,1
FEV,Central,Shimla,Shimla,Himachal Pradesh,North,31.115221,77.171752,1
NCX,Saibaba Colony,Coimbatore,Coimbatore,Tamil Nadu,South,11.02284,76.966341,1
LVH,South,Akola,Akola,Maharashtra,West,20.681206,77.008535,1
HOJ,Aashiana,Lucknow,Lucknow,Uttar Pradesh,North,26.845353,80.934879,1
REC,Nerul,Navi Mumbai,Thane,Maharashtra,West,19.024914,73.043405,1
WOA,South,Kota,Kota,Rajasthan,North,25.19891,75.874822,1
BHP,South,Rohtak,Rohtak,Haryana,North,28.875756,76.605384,1
DNQ,East,Dharamshala,Kangra,Himachal Pradesh,North,32.219522,76.314384,1
JFP,Central,Durgapur,Paschim Bardhaman,West Bengal,East,23.529712,87.310374,1
JYR,North,Bareilly,Bareilly,Uttar Pradesh,North,28.36608,79.445425,1
OJL,East,Aizawl,Aizawl,Mizoram,Northeast,23.728822,92.70863,1
NQS,VV Mohalla,Mysuru,Mysuru,Karnataka,South,12.306578,76.640671,1
QSL,East,Agartala,West Tripura,Tripura,Northeast,23.829536,91.276497,1
JPO,East,Durgapur,Paschim Bardhaman,West Bengal,East,23.521945,87.300505,1
LRS,East,Durgapur,Paschim Bardhaman,West Bengal,East,23.521422,87.30197,1
NQN,Gokulam,Mysuru,Mysuru,Karnataka,South,12.297068,76.652171,1
DAM,Sayajigunj,Vadodara,Vadodara,Gujarat,West,22.315803,73.193768,1
UGS,North,Kalyan,Thane,Maharashtra,West,19.249462,73.150316,1
LAJ,Central,Aizawl,Aizawl,Mizoram,Northeast,23.738708,92.716562,1
TTT,East,Loni,Ghaziabad,Uttar Pradesh,North,28.738769,77.277389,1
PMW,North,Dehradun,Dehradun,Uttarakhand,North,30.322894,78.04445,1
JAM,East,Allahabad,Prayagraj,Uttar Pradesh,North,25.425579,81.838478,1
HFX,Vijayanagar,Mysuru,Mysuru,Karnataka,South,12.27822,76.639799,1
IUD,South,Thrissur,Thrissur,Kerala,South,10.507641,76.214666,1
BNG,DLF Phase 1,Gurgaon,Gurugram,Haryana,North,28.468574,77.040221,1
GAN,Dadar,Mumbai,Mumbai,Maharashtra,West,19.082058,72.893263,1
NCE,Sector 22,Chandigarh,Chandigarh,Chandigarh,North,30.724097,76.796173,1
BHN,East,Durgapur,Paschim Bardhaman,West Bengal,East,23.520927,87.30266,1
FBT,East,Rohtak,Rohtak,Haryana,North,28.894008,76.593871,1
HWK,Central,Aizawl,Aizawl,Mizoram,Northeast,23.738051,92.716853,1
WSB,Central,Bokaro Steel City,Bokaro,Jharkhand,East,23.681047,86.153094,1
SNH,North,Anantapur,Anantapur,Andhra Pradesh,South,14.681259,77.614331,1
SOG,Sector 22,Chandigarh,Chandigarh,Chandigarh,North,30.725749,76.795434,1
IIS,South,Belgaum,Belgaum,Karnataka,South,15.830992,74.496141,1
VEG,South,Solapur,Solapur,Maharashtra,West,17.641013,75.90587,1
LWA,Central,Loni,Ghaziabad,Uttar Pradesh,North,28.749795,77.290988,1
HUI,South,Gangtok,East Sikkim,Sikkim,Northeast,27.320457,88.605674,1
TES,South,Latur,Latur,Maharashtra,West,18.390981,76.562056,1
BQB,South,Jammu,Jammu,Jammu and Kashmir,North,32.707663,74.855277,1
MPW,East,Bhiwandi,Thane,Maharashtra,West,19.301138,73.054276,1
RUV,South,Rourkela,Sundargarh,Odisha,East,22.242265,84.852438,1
NSG,Central,Rohtak,Rohtak,Haryana,North,28.906807,76.604679,1
RQS,Central,Ludhiana,Ludhiana,Punjab,North,30.912657,75.857684,1
CIC,North,Firozabad,Firozabad,Uttar Pradesh,North,27.159475,78.411318,1
YPO,Central,Dibrugarh,Dibrugarh,Assam,Northeast,27.484,94.91345,1
VRJ,South,Anantapur,Anantapur,Andhra Pradesh,South,14.664232,77.599363,1
XVW,Central,Kalyan,Thane,Maharashtra,West,19.256262,73.137418,1
VER,South,Howrah,Howrah,West Bengal,East,22.581269,88.275563,1
RYO,East,Anand,Anand,Gujarat,West,22.563882,72.919371,1
DHM,North,Jammu,Jammu,Jammu and Kashmir,North,32.725585,74.87171,1
XHE,Central,Udaipur,Udaipur,Rajasthan,North,24.597377,73.711539,1
IFS,East,Korba,Korba,Chhattisgarh,Central,22.36076,82.741112,1
SSE,Fort Kochi,Kochi,Ernakulam,Kerala,South,9.93828,76.28158,1
YNP,East,Imphal,Imphal West,Manipur,Northeast,24.815316,93.924716,1
WRL,Central,Loni,Ghaziabad,Uttar Pradesh,North,28.750749,77.28726,1
MWV,North,Kota,Kota,Rajasthan,North,25.219796,75.879643,1
JZS,East,Dhule,Dhule,Maharashtra,West,20.903864,74.76358,1
SSA,Central,Kohima,Kohima,Nagaland,Northeast,25.685381,94.109374,1
JDO,North,Dhule,Dhule,Maharashtra,West,20.904815,74.788722,1
RWS,Central,Jhansi,Jhansi,Uttar Pradesh,North,25.459167,78.568687,1
GEW,South,Solapur,Solapur,Maharashtra,West,17.643861,75.904479,1
BGD,Bondel,Mangalore,Dakshina Kannada,Karnataka,South,12.907316,74.843027,1
VDZ,South,Loni,Ghaziabad,Uttar Pradesh,North,28.721542,77.29086,1
ZRV,South,Kohima,Kohima,Nagaland,Northeast,25.658278,94.110462,1
XGP,South,Dhule,Dhule,Maharashtra,West,20.887945,74.773567,1
GMT,City Light,Surat,Surat,Gujarat,West,21.161304,72.845257,1
CTP,South,Panipat,Panipat,Haryana,North,29.372462,76.963417,1
OBI,Piplod,Surat,Surat,Gujarat,West,21.163249,72.817201,1
EAR,Central,Mira-Bhayandar,Thane,Maharashtra,West,19.305416,72.856371,1
UUI,Central,Bhagalpur,Bhagalpur,Bihar,East,25.25278,86.983564,1
HLS,North,Junagadh,Junagadh,Gujarat,West,21.523646,70.473813,1
FYI,North,Firozabad,Firozabad,Uttar Pradesh,North,27.157981,78.40894,1
MAX,East,Brahmapur,Ganjam,Odisha,East,19.31435,84.781353,1
SZM,South,Kohima,Kohima,Nagaland,Northeast,25.658495,94.106705,1
XEA,South,Maheshtala,South 24 Parganas,West Bengal,East,22.492191,88.249183,1
KMB,North,Jabalpur,Jabalpur,Madhya Pradesh,Central,23.18429,80.000251,1
PGS,South,Jalandhar,Jalandhar,Punjab,North,31.308512,75.574703,1
VSD,Central,Anand,Anand,Gujarat,West,22.575201,72.928305,1
RSY,East,Rajahmundry,East Godavari,Andhra Pradesh,South,17.001473,81.79208,1
PVX,Central,Durgapur,Paschim Bardhaman,West Bengal,East,23.529397,87.310885,1
DME,East,Siliguri,Darjeeling,West Bengal,East,26.728122,88.385647,1
USS,Bandra,Mumbai,Mumbai,Maharashtra,West,19.088209,72.875828,1
WVO,East,Puducherry,Puducherry,Puducherry,South,11.941147,79.79879,1
HSE,North,Jammu,Jammu,Jammu and Kashmir,North,32.727732,74.871561,1
APW,Central,Bikaner,Bikaner,Rajasthan,North,28.033898,73.31266,1
BSA,East,Maheshtala,South 24 Parganas,West Bengal,East,22.508666,88.237209,1
FFP,North,Akola,Akola,Maharashtra,West,20.69982,77.022086,1
QLA,Central,Bhagalpur,Bhagalpur,Bihar,East,25.254407,86.983636,1
MHU,East,Durgapur,Paschim Bardhaman,West Bengal,East,23.521716,87.299235,1
VXG,East,Durgapur,Paschim Bardhaman,West Bengal,East,23.5202,87.299956,1
ESB,East,Durgapur,Paschim Bardhaman,West Bengal,East,23.520888,87.299774,1
JZM,East,Dhule,Dhule,Maharashtra,West,20.905389,74.76536,1
PFP,Central,Anantapur,Anantapur,Andhra Pradesh,South,14.691977,77.599336,1
LBD,South,Kalyan,Thane,Maharashtra,West,19.229261,73.147849,1
WCL,North,Ulhasnagar,Thane,Maharashtra,West,19.221382,73.177297,1
ZCL,West,Meerut,Meerut,Uttar Pradesh,North,28.990571,77.693197,1
ANO,Central,Saharanpur,Saharanpur,Uttar Pradesh,North,29.978892,77.553322,1
KNM,Central,Patiala,Patiala,Punjab,North,30.350459,76.3884,1
BKU,North,Ulhasnagar,Thane,Maharashtra,West,19.222503,73.180233,1
ITC,Central,Ujjain,Ujjain,Madhya Pradesh,Central,23.187456,75.787804,1
NAP,South,Dehradun,Dehradun,Uttarakhand,North,30.302806,78.042386,1
XNR,Central,Dhule,Dhule,Maharashtra,West,20.913249,74.774561,1
AUG,South,Loni,Ghaziabad,Uttar Pradesh,North,28.720627,77.289181,1
PHM,South,Tinsukia,Tinsukia,Assam,Northeast,27.469527,95.361546,1
AHV,Vashi,Navi Mumbai,Thane,Maharashtra,West,19.043801,73.028326,1
GCC,Gokulam,Mysuru,Mysuru,Karnataka,South,12.295384,76.653598,1
LTO,Juhu,Mumbai,Mumbai,Maharashtra,West,19.080736,72.858773,1
VLI,North,Jalandhar,Jalandhar,Punjab,North,31.327702,75.591727,1
SLJ,East,Brahmapur,Ganjam,Odisha,East,19.313044,84.783614,1
NLX,Pendurthi,Visakhapatnam,Visakhapatnam,Andhra Pradesh,South,17.697775,83.201801,1
BOY,Central,Agartala,West Tripura,Tripura,Northeast,23.840619,91.286916,1
PRP,East,Aligarh,Aligarh,Uttar Pradesh,North,27.895753,78.076315,1
LWO,South,Panipat,Panipat,Haryana,North,29.373888,76.964109,1
AVY,MG Road,Gurgaon,Gurugram,Haryana,North,28.448099,77.026234,1
FOC,North,Ratnagiri,Ratnagiri,Maharashtra,West,16.993245,73.315222,1
MSN,South,Moradabad,Moradabad,Uttar Pradesh,North,28.821804,78.776866,1
VKJ,Central,Anantapur,Anantapur,Andhra Pradesh,South,14.693443,77.599029,1
XWI,East,Gandhinagar,Gandhinagar,Gujarat,West,23.204982,72.629043,1
SXY,Central,Gwalior,Gwalior,Madhya Pradesh,Central,26.229203,78.181472,1
JON,Gandhi Nagar,Vellore,Vellore,Tamil Nadu,South,12.918331,79.146147,1
SUY,South,Jodhpur,Jodhpur,Rajasthan,North,26.222754,73.033172,1
HLC,East,Warangal,Warangal Urban,Telangana,South,17.968614,79.582797,1
GEH,Central,Belgaum,Belgaum,Karnataka,South,15.861918,74.498514,1
HWI,South,Aligarh,Aligarh,Uttar Pradesh,North,27.881346,78.088387,1
RPN,Central,Amritsar,Amritsar,Punjab,North,31.642988,74.872692,1
TYR,North,Tinsukia,Tinsukia,Assam,Northeast,27.488449,95.374833,1
NPN,Central,Mathura,Mathura,Uttar Pradesh,North,27.503508,77.672473,1
BTN,Industrial Area,Chandigarh,Chandigarh,Chandigarh,North,30.743291,76.764453,1
VSC,Panvel,Navi Mumbai,Thane,Maharashtra,West,19.024108,73.017026,1
NRB,North,Firozabad,Firozabad,Uttar Pradesh,North,27.159593,78.408922,1
RCV,East,Durgapur,Paschim Bardhaman,West Bengal,East,23.52105,87.300421,1
FED,North,Nellore,Nellore,Andhra Pradesh,South,14.44226,79.999407,1
RAZ,Goregaon,Mumbai,Mumbai,Maharashtra,West,19.072766,72.86541,1
NUB,Central,Dhule,Dhule,Maharashtra,West,20.91592,74.773739,1
XGE,Manpada,Thane,Thane,Maharashtra,West,19.210777,72.963899,1
MXF,North,Jalgaon,Jalgaon,Maharashtra,West,21.006171,75.575134,1
YFN,North,Avadi,Tiruvallur,Tamil Nadu,South,13.115035,80.122881,1
QQL,East,Jalandhar,Jalandhar,Punjab,North,31.327202,75.56529,1
YEL,North,Avadi,Tiruvallur,Tamil Nadu,South,13.115598,80.122458,1
ROB,East,Jodhpur,Jodhpur,Rajasthan,North,26.230619,73.018886,1
LTY,South,Amravati,Amravati,Maharashtra,West,20.918994,77.779044,1
WDP,Central,Agartala,West Tripura,Tripura,Northeast,23.842843,91.288289,1
HIN,Central,Bokaro Steel City,Bokaro,Jharkhand,East,23.681316,86.151843,1
LIY,Sector 22,Chandigarh,Chandigarh,Chandigarh,North,30.723031,76.7949,1
VKS,Central,Anantapur,Anantapur,Andhra Pradesh,South,14.691219,77.60165,1
XLT,West,Varanasi,Varanasi,Uttar Pradesh,North,25.323667,82.961608,1
YBP,East,Brahmapur,Ganjam,Odisha,East,19.314308,84.781354,1
TQA,Palayamkottai,Tirunelveli,Tirunelveli,Tamil Nadu,South,8.696604,77.756355,1
SNJ,North,Anantapur,Anantapur,Andhra Pradesh,South,14.681338,77.614398,1
DXP,Srirangam,Tiruchirappalli,Tiruchirappalli,Tamil Nadu,South,10.788995,78.718518,1
MEX,South,Agartala,West Tripura,Tripura,Northeast,23.811559,91.286702,1
NLD,South,Jalandhar,Jalandhar,Punjab,North,31.308831,75.577513,1
HDF,RS Puram,Coimbatore,Coimbatore,Tamil Nadu,South,11.027761,76.957173,1
SOM,South,Loni,Ghaziabad,Uttar Pradesh,North,28.722924,77.287705,1
AGS,Central,Durgapur,Paschim Bardhaman,West Bengal,East,23.530832,87.311387,1
AOP,South,Rajahmundry,East Godavari,Andhra Pradesh,South,16.982883,81.804106,1
SKM,Mangalam Road,Tiruppur,Tiruppur,Tamil Nadu,South,11.107814,77.356428,1
CIR,South,Gwalior,Gwalior,Madhya Pradesh,Central,26.203206,78.191488,1
TRP,North,Belgaum,Belgaum,Karnataka,South,15.84954,74.510383,1
WOZ,East,Hisar,Hisar,Haryana,North,29.148988,75.709919,1
VJN,Mahanagar,Lucknow,Lucknow,Uttar Pradesh,North,26.835266,80.934021,1
BRI,East,Aizawl,Aizawl,Mizoram,Northeast,23.727304,92.70669,1
XPL,Sector 76,Noida,Gautam Buddha Nagar,Uttar Pradesh,North,28.524455,77.390338,1
UMP,Bandra,Mumbai,Mumbai,Maharashtra,West,19.087866,72.87764,1
PFC,South,Anantapur,Anantapur,Andhra Pradesh,South,14.665502,77.601861,1
HAS,East,Durgapur,Paschim Bardhaman,West Bengal,East,23.519292,87.300167,1
UHV,North,Kadapa,YSR Kadapa,Andhra Pradesh,South,14.46588,78.839628,1
NTC,Central,Aligarh,Aligarh,Uttar Pradesh,North,27.908426,78.088785,1
LTR,Central,Amravati,Amravati,Maharashtra,West,20.949728,77.777858,1
NKH,North,Kalyan,Thane,Maharashtra,West,19.248966,73.150292,1
RHF,North,Margao,South Goa,Goa,West,15.281765,74.001745,1
LOX,South,Dibrugarh,Dibrugarh,Assam,Northeast,27.455021,94.911452,1
OSS,Central,Aizawl,Aizawl,Mizoram,Northeast,23.736776,92.718042,1
WME,East,Kozhikode,Kozhikode,Kerala,South,11.260789,75.769795,1
YGS,South,Junagadh,Junagadh,Gujarat,West,21.503431,70.459083,1
EVZ,Salt Lake,Kolkata,Kolkata,West Bengal,East,22.584034,88.372556,1
UNM,RS Puram,Coimbatore,Coimbatore,Tamil Nadu,South,11.028652,76.9551,1
PYH,North,Loni,Ghaziabad,Uttar Pradesh,North,28.739808,77.304168,1
ZCG,North,Karnal,Karnal,Haryana,North,29.684088,77.00365,1
QRI,Tonk Road,Jaipur,Jaipur,Rajasthan,North,26.899429,75.789176,1
MLY,West,Kanpur,Kanpur Nagar,Uttar Pradesh,North,26.452385,80.318097,1
QQW,Central,Jalandhar,Jalandhar,Punjab,North,31.335258,75.578197,1
IBI,South,Karnal,Karnal,Haryana,North,29.66791,76.990915,1
YSH,Sadar,Nagpur,Nagpur,Maharashtra,West,21.155689,79.087693,1
JOU,South,Dehradun,Dehradun,Uttarakhand,North,30.301002,78.043673,1
UKQ,Central,Dhule,Dhule,Maharashtra,West,20.916962,74.775207,1
YDY,North,Nellore,Nellore,Andhra Pradesh,South,14.443747,79.999737,1
MSJ,South,Agartala,West Tripura,Tripura,Northeast,23.815203,91.287409,1
ACK,East,Durgapur,Paschim Bardhaman,West Bengal,East,23.521519,87.302359,1
CCG,East,Durgapur,Paschim Bardhaman,West Bengal,East,23.521726,87.300058,1
PWF,North,Durgapur,Paschim Bardhaman,West Bengal,East,23.522351,87.326738,1
MKQ,Central,Ajmer,Ajmer,Rajasthan,North,26.458982,74.639268,1
GIJ,Bodakdev,Ahmedabad,Ahmedabad,Gujarat,West,23.005808,72.5712,1
VOC,Central,Dibrugarh,Dibrugarh,Assam,Northeast,27.484191,94.913267,1
NWE,Palayamkottai,Tirunelveli,Tirunelveli,Tamil Nadu,South,8.696967,77.757937,1
VMW,Bunder,Mangalore,Dakshina Kannada,Karnataka,South,12.924513,74.841774,1
SFC,East,Kadapa,YSR Kadapa,Andhra Pradesh,South,14.469074,78.81237,1
ACG,North,Rajahmundry,East Godavari,Andhra Pradesh,South,17.000033,81.819866,1
CSY,North,Gaya,Gaya,Bihar,East,24.791585,85.014537,1
WPU,North,Gangtok,East Sikkim,Sikkim,Northeast,27.337205,88.620448,1
BGO,North,Kamarhati,North 24 Parganas,West Bengal,East,22.669205,88.385749,1
RCI,Central,Loni,Ghaziabad,Uttar Pradesh,North,28.751211,77.288449,1
XZS,East,Kalyan,Thane,Maharashtra,West,19.235604,73.129681,1
SEO,Central,Anand,Anand,Gujarat,West,22.574818,72.929678,1
CRS,East,Dhanbad,Dhanbad,Jharkhand,East,23.787444,86.422116,1
TTN,Central,Howrah,Howrah,West Bengal,East,22.608313,88.264751,1
VTC,East,Loni,Ghaziabad,Uttar Pradesh,North,28.739469,77.27861,1
WNT,North,Durgapur,Paschim Bardhaman,West Bengal,East,23.520845,87.325864,1
IDR,North,Gwalior,Gwalior,Madhya Pradesh,Central,26.222325,78.196779,1
XUR,North,Bhilwara,Bhilwara,Rajasthan,North,25.345018,74.649168,1
KTC,East,Anand,Anand,Gujarat,West,22.564571,72.919324,1
SEI,North,Gandhinagar,Gandhinagar,Gujarat,West,23.218366,72.652199,1
GLB,East,Kohima,Kohima,Nagaland,Northeast,25.676442,94.09967,1
TLJ,Vesu,Surat,Surat,Gujarat,West,21.176514,72.845195,1
MDX,North,Karaikudi,Sivaganga,Tamil Nadu,South,10.070382,78.788047,1
DLC,North,Dhanbad,Dhanbad,Jharkhand,East,23.800771,86.444565,1
CBI,West,Raipur,Raipur,Chhattisgarh,Central,21.25391,81.61554,1
THP,Central,Durgapur,Paschim Bardhaman,West Bengal,East,23.530296,87.313468,1
MLO,North,Aligarh,Aligarh,Uttar Pradesh,North,27.896132,78.101314,1
XBM,Airoli,Navi Mumbai,Thane,Maharashtra,West,19.040502,73.014662,1
XXK,Pratap Nagar,Nagpur,Nagpur,Maharashtra,West,21.156276,79.072738,1
GOL,Varachha,Surat,Surat,Gujarat,West,21.179054,72.813948,1
BXJ,South,Anantapur,Anantapur,Andhra Pradesh,South,14.663043,77.602577,1
XKP,East,Kolhapur,Kolhapur,Maharashtra,West,16.705227,74.232708,1
SWJ,North,Kohima,Kohima,Nagaland,Northeast,25.675438,94.124778,1
SXZ,Vijayanagar,Mysuru,Mysuru,Karnataka,South,12.279381,76.638815,1
DPC,East,Srinagar,Srinagar,Jammu and Kashmir,North,34.0754,74.791571,1
RPR,South,Dhule,Dhule,Maharashtra,West,20.884993,74.774492,1
LRM,North,Thrissur,Thrissur,Kerala,South,10.529345,76.228098,1
AKF,North,Hubli,Dharwad,Karnataka,South,15.36385,75.137314,1
SYB,North,Durgapur,Paschim Bardhaman,West Bengal,East,23.519226,87.32759,1
TMA,East,Bilaspur,Bilaspur,Chhattisgarh,Central,22.080801,82.12994,1
MOG,Central,Akbarpur,Ambedkar Nagar,Uttar Pradesh,North,26.438082,82.536665,1
ECN,South,Silchar,Cachar,Assam,Northeast,24.816238,92.778009,1
BQT,Central,Allahabad,Prayagraj,Uttar Pradesh,North,25.446998,81.845312,1
OBH,Gokulam,Mysuru,Mysuru,Karnataka,South,12.29694,76.653678,1
NAZ,East,Bhuj,Kutch,Gujarat,West,23.254823,69.658623,1
XFE,North,Aurangabad,Aurangabad,Maharashtra,West,19.880642,75.356495,1
WNF,East,Belgaum,Belgaum,Karnataka,South,15.848292,74.487697,1
WOK,Central,Loni,Ghaziabad,Uttar Pradesh,North,28.75161,77.28769,1
HOM,South,Warangal,Warangal Urban,Telangana,South,17.952746,79.592688,1
YTH,Goripalayam,Madurai,Madurai,Tamil Nadu,South,9.918199,78.134045,1
GBC,Central,Malegaon,Nashik,Maharashtra,West,20.567149,74.527235,1
FMD,Sector 137,Noida,Gautam Buddha Nagar,Uttar Pradesh,North,28.529289,77.37838,1
DWK,East,Jalandhar,Jalandhar,Punjab,North,31.32765,75.564744,1
ZUU,GS Road,Guwahati,Kamrup Metro,Assam,Northeast,26.13583,91.753147,1
FAF,Central,Howrah,Howrah,West Bengal,East,22.606222,88.26164,1
CSR,South,Korba,Korba,Chhattisgarh,Central,22.341672,82.750103,1
OSV,Central,Ambala,Ambala,Haryana,North,30.390291,76.775339,1
AKZ,Central,Jamnagar,Jamnagar,Gujarat,West,22.479701,70.057724,1
UWP,Crawford,Tiruchirappalli,Tiruchirappalli,Tamil Nadu,South,10.792204,78.694404,1
MXZ,South,Kollam,Kollam,Kerala,South,8.873921,76.615597,1
DVQ,East,Siliguri,Darjeeling,West Bengal,East,26.728677,88.383326,1
QCO,East,Jhansi,Jhansi,Uttar Pradesh,North,25.449072,78.557853,1
OCP,Officer's Line,Vellore,Vellore,Tamil Nadu,South,12.897853,79.134434,1
SCY,East,Bareilly,Bareilly,Uttar Pradesh,North,28.366786,79.419844,1
ICR,East,Gorakhpur,Gorakhpur,Uttar Pradesh,North,26.759929,83.361879,1
GDA,Central,Durgapur,Paschim Bardhaman,West Bengal,East,23.53257,87.310673,1
GLQ,Central,Itanagar,Papum Pare,Arunachal Pradesh,Northeast,27.114753,93.605743,1
SRZ,South,Malegaon,Nashik,Maharashtra,West,20.538564,74.528005,1
EBW,North,Kamarhati,North 24 Parganas,West Bengal,East,22.67117,88.383425,1
UNR,Sector 21,Faridabad,Faridabad,Haryana,North,28.414139,77.32961,1
FID,Central,Amravati,Amravati,Maharashtra,West,20.948333,77.780918,1
UBE,North,Rohtak,Rohtak,Haryana,North,28.894687,76.620656,1
SNP,Technopark,Thiruvananthapuram,Thiruvananthapuram,Kerala,South,8.532063,76.920609,1
FSJ,Central,Durgapur,Paschim Bardhaman,West Bengal,East,23.531167,87.311221,1
RUM,North,Agartala,West Tripura,Tripura,Northeast,23.832093,91.301618,1
TNC,South,Durgapur,Paschim Bardhaman,West Bengal,East,23.503981,87.311823,1
MYG,North,Solapur,Solapur,Maharashtra,West,17.66036,75.92029,1
NMW,Malviya Nagar,Jaipur,Jaipur,Rajasthan,North,26.921009,75.796298,1
XFO,Central,Solapur,Solapur,Maharashtra,West,17.672659,75.905972,1
AZZ,Central,Gaya,Gaya,Bihar,East,24.804047,84.999371,1
OOT,East,Aizawl,Aizawl,Mizoram,Northeast,23.725274,92.708645,1
MNL,North,Durgapur,Paschim Bardhaman,West Bengal,East,23.521628,87.324851,1
GLX,East,Meerut,Meerut,Uttar Pradesh,North,28.974138,77.700189,1
GFR,South,Bhilwara,Bhilwara,Rajasthan,North,25.329746,74.638038,1
KAF,North,Nadiad,Kheda,Gujarat,West,22.693881,72.878495,1
DER,East,Aizawl,Aizawl,Mizoram,Northeast,23.725772,92.707262,1
GDH,Sector 21,Faridabad,Faridabad,Haryana,North,28.415051,77.330116,1
ZME,South,Mathura,Mathura,Uttar Pradesh,North,27.476147,77.672815,1
SGU,Central,Bhilwara,Bhilwara,Rajasthan,North,25.355491,74.637181,1
MND,East,Bhiwandi,Thane,Maharashtra,West,19.300431,73.050837,1
BOX,Pratap Nagar,Nagpur,Nagpur,Maharashtra,West,21.153635,79.071155,1
PCG,East,Gwalior,Gwalior,Madhya Pradesh,Central,26.210315,78.176736,1
SEX,Greater Noida,Noida,Gautam Buddha Nagar,Uttar Pradesh,North,28.526401,77.406523,1
NTP,East,Durgapur,Paschim Bardhaman,West Bengal,East,23.519282,87.301633,1
HSI,MG Road,Kochi,Ernakulam,Kerala,South,9.942001,76.266318,1
BNR,Race Course,Coimbatore,Coimbatore,Tamil Nadu,South,11.008331,76.944239,1
OLO,South,Bhiwandi,Thane,Maharashtra,West,19.280278,73.062294,1
MCR,East,Kohima,Kohima,Nagaland,Northeast,25.675348,94.098867,1
QPO,East,Rajahmundry,East Godavari,Andhra Pradesh,South,17.001397,81.792115,1
ZHP,Bairagarh,Bhopal,Bhopal,Madhya Pradesh,Central,23.251453,77.399237,1
BBI,North,Anantapur,Anantapur,Andhra Pradesh,South,14.680413,77.61321,1
EHB,East,Thrissur,Thrissur,Kerala,South,10.527101,76.205509,1
HGM,South,Jabalpur,Jabalpur,Madhya Pradesh,Central,23.168728,79.996365,1
FAU,East,Jalandhar,Jalandhar,Punjab,North,31.326374,75.565069,1
NRS,Central,Jhansi,Jhansi,Uttar Pradesh,North,25.459087,78.568773,1
JRW,North,Loni,Ghaziabad,Uttar Pradesh,North,28.742396,77.304607,1
CIP,Jagatpura,Jaipur,Jaipur,Rajasthan,North,26.910537,75.774538,1
XHK,Karungalpalayam,Erode,Erode,Tamil Nadu,South,11.342467,77.706447,1
TXZ,North,Kanpur,Kanpur Nagar,Uttar Pradesh,North,26.455746,80.344487,1
RYM,Central,Korba,Korba,Chhattisgarh,Central,22.371452,82.749966,1
OUD,South,Brahmapur,Ganjam,Odisha,East,19.296173,84.792827,1
GLT,South,Loni,Ghaziabad,Uttar Pradesh,North,28.722412,77.287068,1
OKD,South,Durgapur,Paschim Bardhaman,West Bengal,East,23.504304,87.313255,1
NRR,Srirangam,Tiruchirappalli,Tiruchirappalli,Tamil Nadu,South,10.789846,78.719044,1
LSQ,East,Kalyan,Thane,Maharashtra,West,19.234166,73.128746,1
UPG,Sector 35,Chandigarh,Chandigarh,Chandigarh,North,30.742261,76.792467,1
AGE,Danapur,Patna,Patna,Bihar,East,25.601699,85.121978,1
JEK,GS Road,Guwahati,Kamrup Metro,Assam,Northeast,26.137215,91.751632,1
MWE,Central,Margao,South Goa,Goa,West,15.29235,73.98804,1
AYD,East,Ulhasnagar,Thane,Maharashtra,West,19.22097,73.153817,1
TOO,Central,Kozhikode,Kozhikode,Kerala,South,11.26772,75.778402,1
NBB,North,Panipat,Panipat,Haryana,North,29.389955,76.97899,1
QTB,East,Pathankot,Pathankot,Punjab,North,32.274382,75.642385,1
RAS,Manpada,Thane,Thane,Maharashtra,West,19.212928,72.967586,1
GKK,North,Dibrugarh,Dibrugarh,Assam,Northeast,27.471267,94.925457,1
NUG,North,Bhagalpur,Bhagalpur,Bihar,East,25.242645,86.999177,1
BHQ,South,Jalandhar,Jalandhar,Punjab,North,31.30942,75.57806,1
TOK,South,Davanagere,Davanagere,Karnataka,South,14.445928,75.92325,1
NCP,East,Hubli,Dharwad,Karnataka,South,15.364907,75.111805,1
PHD,North,Durgapur,Paschim Bardhaman,West Bengal,East,23.520738,87.326387,1
IAT,East,Mysore,Mysuru,Karnataka,South,12.294977,76.627021,1
TSJ,Central,Agartala,West Tripura,Tripura,Northeast,23.842546,91.285614,1
BBH,North,Bikaner,Bikaner,Rajasthan,North,28.024588,73.328005,1
GES,South,Loni,Ghaziabad,Uttar Pradesh,North,28.722086,77.290506,1
SHN,North,Sangli,Sangli,Maharashtra,West,16.854052,74.597167,1
KLL,Central,Aurangabad,Aurangabad,Maharashtra,West,19.886675,75.341907,1
JET,South,Karnal,Karnal,Haryana,North,29.668507,76.990118,1
ACA,North,Aurangabad,Aurangabad,Maharashtra,West,19.879281,75.356239,1
GVN,East,Bathinda,Bathinda,Punjab,North,30.212395,74.935906,1
RFP,North,Karaikudi,Sivaganga,Tamil Nadu,South,10.071697,78.788916,1
EVE,South,Panaji,North Goa,Goa,West,15.470931,73.825858,1
LTJ,South,Gwalior,Gwalior,Madhya Pradesh,Central,26.20332,78.194037,1
GCM,South,Ratnagiri,Ratnagiri,Maharashtra,West,16.975573,73.299264,1
VOB,Central,Bhiwandi,Thane,Maharashtra,West,19.311034,73.064794,1
FCB,East,Jalandhar,Jalandhar,Punjab,North,31.325128,75.565258,1
KWF,North,Kolhapur,Kolhapur,Maharashtra,West,16.706228,74.256527,1
FRV,North,Kurnool,Kurnool,Andhra Pradesh,South,15.826982,78.053364,1
COA,City Light,Surat,Surat,Gujarat,West,21.159775,72.845411,1
ETC,East,Durgapur,Paschim Bardhaman,West Bengal,East,23.519937,87.302061,1
MOK,Central,Bidar,Bidar,Karnataka,South,17.925406,77.529311,1
PPK,South,Davanagere,Davanagere,Karnataka,South,14.44743,75.921929,1
PAJ,GS Road,Guwahati,Kamrup Metro,Assam,Northeast,26.137141,91.751169,1
MSI,East,Kollam,Kollam,Kerala,South,8.894094,76.602922,1
JJS,South,Pathankot,Pathankot,Punjab,North,32.255668,75.653416,1
AKE,VV Mohalla,Mysuru,Mysuru,Karnataka,South,12.308218,76.637495,1
NFC,East,Srinagar,Srinagar,Jammu and Kashmir,North,34.076015,74.792536,1
KCB,East,Durgapur,Paschim Bardhaman,West Bengal,East,23.520177,87.301313,1
ESO,South,Roorkee,Haridwar,Uttarakhand,North,29.836788,77.888093,1
PPV,North,Anantapur,Anantapur,Andhra Pradesh,South,14.68357,77.614284,1
NXB,East,Saharanpur,Saharanpur,Uttar Pradesh,North,29.969449,77.544281,1
MVL,East,Loni,Ghaziabad,Uttar Pradesh,North,28.739055,77.277141,1
PRF,North,Aizawl,Aizawl,Mizoram,Northeast,23.725332,92.73232,1
AGM,East,Dibrugarh,Dibrugarh,Assam,Northeast,27.470903,94.901229,1
BPF,Central,Durgapur,Paschim Bardhaman,West Bengal,East,23.532848,87.310673,1
IWS,South,Dhule,Dhule,Maharashtra,West,20.887654,74.775394,1
QUT,North,Rohtak,Rohtak,Haryana,North,28.89614,76.620755,1
TZT,East,Agartala,West Tripura,Tripura,Northeast,23.833431,91.277851,1
LFD,North,Margao,South Goa,Goa,West,15.285007,73.999063,1
PKG,East,Durgapur,Paschim Bardhaman,West Bengal,East,23.520116,87.300023,1
UPB,Vijayanagar,Mysuru,Mysuru,Karnataka,South,12.278553,76.64065,1
BDH,Peelamedu,Coimbatore,Coimbatore,Tamil Nadu,South,11.006678,76.972653,1
FRD,South,Gangtok,East Sikkim,Sikkim,Northeast,27.321215,88.606373,1
QSH,North,Nanded,Nanded,Maharashtra,West,19.13835,77.334982,1
FYH,North,Nellore,Nellore,Andhra Pradesh,South,14.442276,80.00124,1
TOY,West,Agra,Agra,Uttar Pradesh,North,27.180546,77.993782,1
ZMA,South,Rajahmundry,East Godavari,Andhra Pradesh,South,16.98094,81.803874,1
WWN,South,Durgapur,Paschim Bardhaman,West Bengal,East,23.502778,87.313023,1
CXR,West,Agra,Agra,Uttar Pradesh,North,27.179465,77.993619,1
YJS,North,Dhule,Dhule,Maharashtra,West,20.903591,74.789849,1
LPX,North,Amritsar,Amritsar,Punjab,North,31.637426,74.88567,1
RIL,North,Karnal,Karnal,Haryana,North,29.687175,77.005156,1
EBT,North,Jamshedpur,East Singhbhum,Jharkhand,East,22.807966,86.216051,1
MUR,C-Scheme,Jaipur,Jaipur,Rajasthan,North,26.92303,75.788579,1
MPX,East,Amritsar,Amritsar,Punjab,North,31.625699,74.865854,1
BIG,East,Dehradun,Dehradun,Uttarakhand,North,30.308969,78.027235,1
KIC,North,Dhule,Dhule,Maharashtra,West,20.906111,74.788704,1
XWZ,VV Mohalla,Mysuru,Mysuru,Karnataka,South,12.307191,76.638554,1
MMX,Singanallur,Coimbatore,Coimbatore,Tamil Nadu,South,11.008,76.954129,1
BNJ,North,Agartala,West Tripura,Tripura,Northeast,23.831852,91.302197,1
NMX,Central,Rajkot,Rajkot,Gujarat,West,22.316089,70.8011,1
PLG,Central,Durgapur,Paschim Bardhaman,West Bengal,East,23.533103,87.313729,1
LBZ,Wakad,Pune,Pune,Maharashtra,West,18.503069,73.857001,1
MUO,Central,Loni,Ghaziabad,Uttar Pradesh,North,28.750968,77.290032,1
ABI,East,Tinsukia,Tinsukia,Assam,Northeast,27.487898,95.350854,1
AKN,North,Kohima,Kohima,Nagaland,Northeast,25.67339,94.123195,1
SRP,North,Agartala,West Tripura,Tripura,Northeast,23.831533,91.302274,1
NDC,Central,Ratnagiri,Ratnagiri,Maharashtra,West,17.003815,73.300926,1
SBY,North,Meerut,Meerut,Uttar Pradesh,North,28.988098,77.720074,1
RLW,South,Agartala,West Tripura,Tripura,Northeast,23.815076,91.285671,1
EWN,North,Rajahmundry,East Godavari,Andhra Pradesh,South,17.001297,81.818536,1
XRU,North,Bhuj,Kutch,Gujarat,West,23.252725,69.681997,1
KWW,Central,Kurnool,Kurnool,Andhra Pradesh,South,15.838105,78.037618,1
TMU,North,Bilaspur,Bilaspur,Chhattisgarh,Central,22.081049,82.154484,1
UGR,East,Karnal,Karnal,Haryana,North,29.684652,76.977758,1
CNE,South,Avadi,Tiruvallur,Tamil Nadu,South,13.097252,80.109705,1
VWD,South,Ulhasnagar,Thane,Maharashtra,West,19.20294,73.165883,1
ELL,South,Bilaspur,Bilaspur,Chhattisgarh,Central,22.062593,82.137121,1
CWG,Sushant Lok,Gurgaon,Gurugram,Haryana,North,28.453242,77.013641,1
BFF,Ramavarappadu,Vijayawada,Krishna,Andhra Pradesh,South,16.499472,80.634682,1
OBF,Central,Durgapur,Paschim Bardhaman,West Bengal,East,23.529981,87.31138,1
XUU,South,Amritsar,Amritsar,Punjab,North,31.620934,74.88245,1
XNJ,Central,Bokaro Steel City,Bokaro,Jharkhand,East,23.680732,86.150535,1
CCR,Central,Jabalpur,Jabalpur,Madhya Pradesh,Central,23.192102,79.985132,1
DJF,AB Road,Indore,Indore,Madhya Pradesh,Central,22.728406,75.843524,1
NDW,South,Dehradun,Dehradun,Uttarakhand,North,30.30365,78.043486,1
MDN,Central,Durgapur,Paschim Bardhaman,West Bengal,East,23.530307,87.313819,1
TFT,Colaba,Mumbai,Mumbai,Maharashtra,West,19.067809,72.871554,1
CCJ,East,Durgapur,Paschim Bardhaman,West Bengal,East,23.519906,87.299203,1
LAN,Akota,Vadodara,Vadodara,Gujarat,West,22.30013,73.16983,1
VKM,North,Gaya,Gaya,Bihar,East,24.792856,85.013061,1
LPH,Central,Rajahmundry,East Godavari,Andhra Pradesh,South,17.010816,81.804623,1
ARD,Aminabad,Lucknow,Lucknow,Uttar Pradesh,North,26.831676,80.944596,1
FET,North,Durgapur,Paschim Bardhaman,West Bengal,East,23.518938,87.32605,1
LKF,Central,Gaya,Gaya,Bihar,East,24.801362,85.001143,1
PJN,Central,Dhule,Dhule,Maharashtra,West,20.913994,74.776532,1
MGL,North,Agartala,West Tripura,Tripura,Northeast,23.832885,91.300587,1
PDN,South,Kalyan,Thane,Maharashtra,West,19.229352,73.145293,1
CIU,East,Agartala,West Tripura,Tripura,Northeast,23.831852,91.275969,1
ZSN,North,Anantapur,Anantapur,Andhra Pradesh,South,14.682065,77.615729,1
IGG,West,Agra,Agra,Uttar Pradesh,North,27.182704,77.992598,1
RNW,South,Gwalior,Gwalior,Madhya Pradesh,Central,26.202863,78.193573,1
ECW,South,Ambala,Ambala,Haryana,North,30.359534,76.77724,1
YNE,East,Mathura,Mathura,Uttar Pradesh,North,27.493887,77.663945,1
TXS,North,Loni,Ghaziabad,Uttar Pradesh,North,28.740901,77.303876,1
NAF,East,Ahmednagar,Ahmednagar,Maharashtra,West,19.096752,74.736266,1
QFP,East,Pathankot,Pathankot,Punjab,North,32.275129,75.641415,1
KSU,South,Dibrugarh,Dibrugarh,Assam,Northeast,27.455788,94.913187,1
GLD,North,Panipat,Panipat,Haryana,North,29.390402,76.97693,1
ITK,South,Moradabad,Moradabad,Uttar Pradesh,North,28.822465,78.777225,1
PWV,North,Jalandhar,Jalandhar,Punjab,North,31.325375,75.590868,1
TQE,South,Karnal,Karnal,Haryana,North,29.667452,76.990235,1
BBL,North,Durgapur,Paschim Bardhaman,West Bengal,East,23.521804,87.324356,1
AGH,North,Durgapur,Paschim Bardhaman,West Bengal,East,23.5191,87.326585,1
HIM,South,Gaya,Gaya,Bihar,East,24.773852,84.998442,1
RLM,Bariatu,Ranchi,Ranchi,Jharkhand,East,23.337036,85.296737,1
SRW,North,Sambalpur,Sambalpur,Odisha,East,21.466627,83.991519,1
WPT,East,Jalandhar,Jalandhar,Punjab,North,31.325288,75.563603,1
TGI,East,Karaikudi,Sivaganga,Tamil Nadu,South,10.07355,78.764002,1
CAI,North,Durgapur,Paschim Bardhaman,West Bengal,East,23.521478,87.327161,1
TAG,South,Kohima,Kohima,Nagaland,Northeast,25.654712,94.10937,1
QIT,RS Puram,Coimbatore,Coimbatore,Tamil Nadu,South,11.02757,76.95601,1
SVC,North,Agartala,West Tripura,Tripura,Northeast,23.832977,91.29948,1
BOA,East,Durgapur,Paschim Bardhaman,West Bengal,East,23.518984,87.30169,1
DWW,South,Gorakhpur,Gorakhpur,Uttar Pradesh,North,26.744307,83.374779,1
HOF,Central,Port Blair,Cuddalore,Tamil Nadu,South,11.757055,79.772611,1
QSI,North,Nanded,Nanded,Maharashtra,West,19.13635,77.33445,1
ITN,East,Latur,Latur,Maharashtra,West,18.408092,76.548229,1
RWA,North,Durgapur,Paschim Bardhaman,West Bengal,East,23.520021,87.32731,1
DID,North,Loni,Ghaziabad,Uttar Pradesh,North,28.74187,77.304737,1
ZDJ,East,Kohima,Kohima,Nagaland,Northeast,25.676662,94.099605,1
ZZV,Town,Tirunelveli,Tirunelveli,Tamil Nadu,South,8.725355,77.758303,1
ZDF,East,Ahmednagar,Ahmednagar,Maharashtra,West,19.096451,74.735799,1
STV,Central,Durgapur,Paschim Bardhaman,West Bengal,East,23.529539,87.310912,1
ZON,South,Agra,Agra,Uttar Pradesh,North,27.161273,78.019217,1
SVB,Central,Jalandhar,Jalandhar,Punjab,North,31.338756,75.577116,1
VHK,Five Roads,Salem,Salem,Tamil Nadu,South,11.673186,78.146553,1
GTE,South,Gwalior,Gwalior,Madhya Pradesh,Central,26.202238,78.193415,1
QMI,North,Rajahmundry,East Godavari,Andhra Pradesh,South,16.998634,81.819392,1
AGI,North,Anantapur,Anantapur,Andhra Pradesh,South,14.681965,77.614472,1
WVA,South,Jalgaon,Jalgaon,Maharashtra,West,20.98878,75.562761,1
PLQ,C-Scheme,Jaipur,Jaipur,Rajasthan,North,26.924115,75.787878,1
GZZ,Vellayambalam,Thiruvananthapuram,Thiruvananthapuram,Kerala,South,8.515043,76.953134,1
NQU,Central,Margao,South Goa,Goa,West,15.293323,73.986764,1
HJN,Central,Kurnool,Kurnool,Andhra Pradesh,South,15.837165,78.037959,1
MVR,Central,Thrissur,Thrissur,Kerala,South,10.538365,76.213859,1
GAZ,East,Bilaspur,Bilaspur,Chhattisgarh,Central,22.080657,82.127783,1
SHF,Ramavarappadu,Vijayawada,Krishna,Andhra Pradesh,South,16.498512,80.636182,1
JNO,South,Dhule,Dhule,Maharashtra,West,20.884712,74.775306,1
DTJ,North,Bhavnagar,Bhavnagar,Gujarat,West,21.765201,72.16567,1
EWI,South,Dhule,Dhule,Maharashtra,West,20.888035,74.773428,1
NEK,RS Puram,Coimbatore,Coimbatore,Tamil Nadu,South,11.025643,76.957799,1
KKR,North,Jabalpur,Jabalpur,Madhya Pradesh,Central,23.185327,80.001879,1
XKE,Sadar,Nagpur,Nagpur,Maharashtra,West,21.158537,79.090012,1
URN,Central,Kohima,Kohima,Nagaland,Northeast,25.687428,94.107558,1
SNX,South,Maheshtala,South 24 Parganas,West Bengal,East,22.49314,88.24642,1
SUB,Central,Durgapur,Paschim Bardhaman,West Bengal,East,23.529694,87.31142,1
USP,South,Rajahmundry,East Godavari,Andhra Pradesh,South,16.982992,81.805349,1
CPH,Naupada,Thane,Thane,Maharashtra,West,19.2251,72.992394,1
GHG,North,Imphal,Imphal West,Manipur,Northeast,24.818312,93.952364,1
FBE,East,Nellore,Nellore,Andhra Pradesh,South,14.441512,79.974805,1
EDI,Central,Kohima,Kohima,Nagaland,Northeast,25.684033,94.108165,1
WBY,North,Davanagere,Davanagere,Karnataka,South,14.463036,75.937582,1
ZSO,Benz Circle,Vijayawada,Krishna,Andhra Pradesh,South,16.51374,80.660273,1
WFP,South,Kolhapur,Kolhapur,Maharashtra,West,16.688432,74.244845,1
NTF,East,Aizawl,Aizawl,Mizoram,Northeast,23.727037,92.707077,1
DPL,North,Bhuj,Kutch,Gujarat,West,23.25332,69.683117,1
ITP,Central,Malegaon,Nashik,Maharashtra,West,20.569724,74.52955,1
LAS,East,Patiala,Patiala,Punjab,North,30.338669,76.375459,1
LIQ,Nerul,Navi Mumbai,Thane,Maharashtra,West,19.023657,73.045118,1
YMP,Central,Kurnool,Kurnool,Andhra Pradesh,South,15.838792,78.03847,1
LQA,South,Bilaspur,Bilaspur,Chhattisgarh,Central,22.060614,82.139914,1
JVC,North,Ambattur,Tiruvallur,Tamil Nadu,South,13.098308,80.173955,1
PLD,South,Jalandhar,Jalandhar,Punjab,North,31.307977,75.574881,1
DGK,East,Loni,Ghaziabad,Uttar Pradesh,North,28.742079,77.277638,1
NQK,South,Nadiad,Kheda,Gujarat,West,22.676881,72.863789,1
PNS,Central,Akola,Akola,Maharashtra,West,20.712258,77.007886,1
HNB,East,Bhiwandi,Thane,Maharashtra,West,19.300987,73.054058,1
DBX,East,Kohima,Kohima,Nagaland,Northeast,25.673775,94.096311,1
NPR,South,Thrissur,Thrissur,Kerala,South,10.51095,76.215505,1
RBY,South,Jabalpur,Jabalpur,Madhya Pradesh,Central,23.166161,79.997311,1
MJG,North,Durgapur,Paschim Bardhaman,West Bengal,East,23.518437,87.325104,1
EBO,East,Agartala,West Tripura,Tripura,Northeast,23.832213,91.274986,1
GKM,Ammapet,Salem,Salem,Tamil Nadu,South,11.663395,78.13462,1
GGK,South,Jamnagar,Jamnagar,Gujarat,West,22.452822,70.05594,1
CJM,South,Maheshtala,South 24 Parganas,West Bengal,East,22.4942,88.248609,1
PUU,Jayanagar,Bangalore,Bengaluru Urban,Karnataka,South,12.961774,77.603483,1
VSO,MG Road,Gurgaon,Gurugram,Haryana,North,28.447906,77.026594,1
XZL,Central,Maheshtala,South 24 Parganas,West Bengal,East,22.522974,88.247648,1
NHK,Central,Anand,Anand,Gujarat,West,22.573512,72.928851,1
RFV,South,Agartala,West Tripura,Tripura,Northeast,23.814449,91.286152,1
BOL,North,Durgapur,Paschim Bardhaman,West Bengal,East,23.518843,87.327969,1
HFA,East,Tinsukia,Tinsukia,Assam,Northeast,27.486793,95.351769,1
WPD,Sector 16,Noida,Gautam Buddha Nagar,Uttar Pradesh,North,28.543396,77.374539,1
NTB,East,Ratnagiri,Ratnagiri,Maharashtra,West,16.995564,73.289196,1
XAX,South,Durgapur,Paschim Bardhaman,West Bengal,East,23.502189,87.312294,1
XOK,East,Amravati,Amravati,Maharashtra,West,20.93587,77.768038,1
FOE,North,Patiala,Patiala,Punjab,North,30.340178,76.402016,1
GRY,South,Dharamshala,Kangra,Himachal Pradesh,North,32.200788,76.322904,1
VTE,East,Gulbarga,Kalaburagi,Karnataka,South,17.331529,76.823876,1
TCO,North,Ballari,Ballari,Karnataka,South,15.138079,76.93428,1
ICP,North,Kolhapur,Kolhapur,Maharashtra,West,16.703179,74.256828,1
TKX,Central,Gorakhpur,Gorakhpur,Uttar Pradesh,North,26.772882,83.374981,1
MPZ,North,Agartala,West Tripura,Tripura,Northeast,23.832838,91.300294,1
NIB,Ganapathy,Coimbatore,Coimbatore,Tamil Nadu,South,11.027677,76.940115,1
ISC,Piplod,Surat,Surat,Gujarat,West,21.162079,72.818818,1
XRL,Central,Ambala,Ambala,Haryana,North,30.388513,76.777279,1
BWV,East,Bathinda,Bathinda,Punjab,North,30.212536,74.936656,1
MMZ,South,Akbarpur,Ambedkar Nagar,Uttar Pradesh,North,26.409793,82.537955,1
TLR,Central,Kamarhati,North 24 Parganas,West Bengal,East,22.681001,88.369507,1
DEI,North,Jalandhar,Jalandhar,Punjab,North,31.324905,75.588627,1
AHC,South,Bhuj,Kutch,Gujarat,West,23.234648,69.668911,1
BOU,Central,Kohima,Kohima,Nagaland,Northeast,25.686036,94.10708,1
BXN,North,Dhule,Dhule,Maharashtra,West,20.906155,74.790964,1
SHY,Central,Loni,Ghaziabad,Uttar Pradesh,North,28.749531,77.288383,1
XGQ,North,Bathinda,Bathinda,Punjab,North,30.212716,74.958466,1
OAL,Aashiana,Lucknow,Lucknow,Uttar Pradesh,North,26.844949,80.93496,1
LHJ,South,Guntur,Guntur,Andhra Pradesh,South,16.287238,80.436908,1
UZS,Saraswathipuram,Mysuru,Mysuru,Karnataka,South,12.293825,76.627891,1
LTZ,East,Gwalior,Gwalior,Madhya Pradesh,Central,26.208181,78.175839,1
DIV,East,Kalyan,Thane,Maharashtra,West,19.236431,73.127782,1
UPT,Central,Rajahmundry,East Godavari,Andhra Pradesh,South,17.010056,81.805839,1
KSF,Adajan,Surat,Surat,Gujarat,West,21.181209,72.829824,1
ZZS,East,Ambattur,Tiruvallur,Tamil Nadu,South,13.096721,80.151724,1
XVU,Central,Dhule,Dhule,Maharashtra,West,20.916501,74.774523,1
JCT,Central,Durgapur,Paschim Bardhaman,West Bengal,East,23.530533,87.313275,1
IDU,Sayajigunj,Vadodara,Vadodara,Gujarat,West,22.312425,73.194596,1
EAB,North,Pathankot,Pathankot,Punjab,North,32.276234,75.666006,1
CKO,East,Moradabad,Moradabad,Uttar Pradesh,North,28.84063,78.766566,1
CAS,Ramavarappadu,Vijayawada,Krishna,Andhra Pradesh,South,16.500394,80.637409,1
UPW,Central,Nadiad,Kheda,Gujarat,West,22.70464,72.863791,1
QMH,North,Margao,South Goa,Goa,West,15.282111,73.999894,1
CAF,South,Aurangabad,Aurangabad,Maharashtra,West,19.85988,75.353047,1
DOB,Central,Jamshedpur,East Singhbhum,Jharkhand,East,22.817394,86.202669,1
DBN,North,Malegaon,Nashik,Maharashtra,West,20.559456,74.543593,1
OKV,Singanallur,Coimbatore,Coimbatore,Tamil Nadu,South,11.007259,76.954376,1
TGN,East,Dhule,Dhule,Maharashtra,West,20.902671,74.765057,1
KGB,North,Moradabad,Moradabad,Uttar Pradesh,North,28.840134,78.790092,1
YST,North,Dhule,Dhule,Maharashtra,West,20.904843,74.787683,1
KOU,Kothrud,Pune,Pune,Maharashtra,West,18.517749,73.844545,1
IEG,Central,Ambattur,Tiruvallur,Tamil Nadu,South,13.110964,80.161485,1
VST,Hinoo,Ranchi,Ranchi,Jharkhand,East,23.333152,85.327069,1
ERH,South,Bikaner,Bikaner,Rajasthan,North,28.00301,73.312624,1
IXX,MVP Colony,Visakhapatnam,Visakhapatnam,Andhra Pradesh,South,17.697528,83.219476,1
HBH,East,Tinsukia,Tinsukia,Assam,Northeast,27.48789,95.351959,1
UWT,Central,Hubli,Dharwad,Karnataka,South,15.373868,75.124168,1
ZMS,East,Maheshtala,South 24 Parganas,West Bengal,East,22.512156,88.236469,1
BUG,South,Malegaon,Nashik,Maharashtra,West,20.54143,74.527559,1
AVL,East,Durgapur,Paschim Bardhaman,West Bengal,East,23.518653,87.30041,1
CMN,Vesu,Surat,Surat,Gujarat,West,21.178818,72.843497,1
MEU,East,Ratnagiri,Ratnagiri,Maharashtra,West,16.993088,73.288407,1
WVL,Sector 22,Chandigarh,Chandigarh,Chandigarh,North,30.723728,76.79327,1
AKQ,Vashi,Navi Mumbai,Thane,Maharashtra,West,19.044533,73.031443,1
MUI,South,Loni,Ghaziabad,Uttar Pradesh,North,28.721803,77.289788,1
HGE,North,Loni,Ghaziabad,Uttar Pradesh,North,28.741593,77.303926,1
DIJ,East,Amritsar,Amritsar,Punjab,North,31.626476,74.866092,1
QGW,South,Bilaspur,Bilaspur,Chhattisgarh,Central,22.061822,82.138258,1
ING,South,Nanded,Nanded,Maharashtra,West,19.119828,77.319071,1
BAG,MP Nagar,Bhopal,Bhopal,Madhya Pradesh,Central,23.271568,77.412344,1
AVA,Central,Guntur,Guntur,Andhra Pradesh,South,16.317148,80.436776,1
QQT,Central,Margao,South Goa,Goa,West,15.294341,73.985347,1
IGE,North,Agartala,West Tripura,Tripura,Northeast,23.832353,91.302494,1
AGN,Sector 35,Chandigarh,Chandigarh,Chandigarh,North,30.739789,76.792538,1
OUT,Central,Amritsar,Amritsar,Punjab,North,31.643881,74.872548,1
BBO,South,Yamunanagar,Yamunanagar,Haryana,North,30.111211,77.268439,1
OLW,East,Ulhasnagar,Thane,Maharashtra,West,19.22086,73.152043,1
CRU,North,Junagadh,Junagadh,Gujarat,West,21.522794,70.472886,1
IME,Central,Gorakhpur,Gorakhpur,Uttar Pradesh,North,26.770577,83.373805,1
TEP,East,Gwalior,Gwalior,Madhya Pradesh,Central,26.208078,78.176785,1
MUZ,East,Bhavnagar,Bhavnagar,Gujarat,West,21.76525,72.140336,1
UTN,North,Dhule,Dhule,Maharashtra,West,20.904418,74.788538,1
HWE,Central,Panipat,Panipat,Haryana,North,29.402143,76.962509,1
NGS,Central,Durgapur,Paschim Bardhaman,West Bengal,East,23.53034,87.313111,1
CUW,East,Kohima,Kohima,Nagaland,Northeast,25.675605,94.098374,1
HAG,East,Mira-Bhayandar,Thane,Maharashtra,West,19.294162,72.841625,1
KCM,Central,Durgapur,Paschim Bardhaman,West Bengal,East,23.530343,87.313597,1
QBN,North,Nanded,Nanded,Maharashtra,West,19.13829,77.337391,1
ERD,East,Durgapur,Paschim Bardhaman,West Bengal,East,23.51893,87.299167,1
NMF,Tirunagar,Madurai,Madurai,Tamil Nadu,South,9.933656,78.104363,1
PGK,East,Durgapur,Paschim Bardhaman,West Bengal,East,23.518719,87.30282,1
JOD,Central,Bhiwandi,Thane,Maharashtra,West,19.30963,73.063829,1
JHN,Central,Patiala,Patiala,Punjab,North,30.352169,76.387728,1
YVA,East,Ahmednagar,Ahmednagar,Maharashtra,West,19.094269,74.73541,1
HYM,South,Durgapur,Paschim Bardhaman,West Bengal,East,23.501822,87.313374,1
XDW,East,Nadiad,Kheda,Gujarat,West,22.694344,72.853036,1
CWI,East,Bhilai,Durg,Chhattisgarh,Central,21.195504,81.33826,1
CHF,South,Patiala,Patiala,Punjab,North,30.32263,76.386317,1
ULM,Central,Guntur,Guntur,Andhra Pradesh,South,16.319456,80.438003,1
CHU,Patamata,Vijayawada,Krishna,Andhra Pradesh,South,16.497234,80.663565,1
DHR,South,Siliguri,Darjeeling,West Bengal,East,26.709033,88.397273,1
BAF,South,Jalgaon,Jalgaon,Maharashtra,West,20.991,75.561079,1
XXI,South,Kakinada,East Godavari,Andhra Pradesh,South,16.969673,82.248881,1
EGI,Central,Maheshtala,South 24 Parganas,West Bengal,East,22.520319,88.248926,1
FVF,North,Jammu,Jammu,Jammu and Kashmir,North,32.725965,74.870075,1
XJW,East,Tinsukia,Tinsukia,Assam,Northeast,27.488936,95.348982,1
NSN,Central,Gaya,Gaya,Bihar,East,24.803237,84.998924,1
TUL,East,Moradabad,Moradabad,Uttar Pradesh,North,28.838903,78.767661,1
BNL,Ballabgarh,Faridabad,Faridabad,Haryana,North,28.399317,77.316838,1
CTE,Sitabuldi,Nagpur,Nagpur,Maharashtra,West,21.151094,79.102043,1
IWI,North,Kanpur,Kanpur Nagar,Uttar Pradesh,North,26.452554,80.347593,1
VTD,East,Ahmednagar,Ahmednagar,Maharashtra,West,19.09354,74.736015,1
VKX,East,Nellore,Nellore,Andhra Pradesh,South,14.444581,79.975149,1
NOW,South,Agartala,West Tripura,Tripura,Northeast,23.815062,91.288242,1
ZAD,Central,Dhule,Dhule,Maharashtra,West,20.913925,74.776079,1
QLN,East,Jalgaon,Jalgaon,Maharashtra,West,21.009677,75.550559,1
KBR,Central,Dhule,Dhule,Maharashtra,West,20.914699,74.774437,1
BBF,South,Gorakhpur,Gorakhpur,Uttar Pradesh,North,26.744172,83.372654,1
CHO,Doranda,Ranchi,Ranchi,Jharkhand,East,23.351357,85.323484,1
PUG,East,Panaji,North Goa,Goa,West,15.492295,73.815032,1
SYZ,North,Kolhapur,Kolhapur,Maharashtra,West,16.704934,74.257547,1
DOV,East,Agartala,West Tripura,Tripura,Northeast,23.83258,91.277859,1
ESI,Banashankari,Bangalore,Bengaluru Urban,Karnataka,South,12.981665,77.587835,1
YOS,GS Road,Guwahati,Kamrup Metro,Assam,Northeast,26.137298,91.753434,1
XVB,East,Bhagalpur,Bhagalpur,Bihar,East,25.24251,86.974947,1
OOM,North,Durgapur,Paschim Bardhaman,West Bengal,East,23.519,87.327516,1
REV,East,Durgapur,Paschim Bardhaman,West Bengal,East,23.522213,87.301428,1
NWS,Central,Kamarhati,North 24 Parganas,West Bengal,East,22.68091,88.371993,1
JND,North,Dhule,Dhule,Maharashtra,West,20.905592,74.790565,1
NMV,South,Silchar,Cachar,Assam,Northeast,24.815204,92.777349,1
DPP,Mangalam Road,Tiruppur,Tiruppur,Tamil Nadu,South,11.110298,77.354078,1
UZH,East,Hisar,Hisar,Haryana,North,29.148448,75.709271,1
VDO,East,Loni,Ghaziabad,Uttar Pradesh,North,28.740767,77.279375,1
XRK,DLF Phase 1,Gurgaon,Gurugram,Haryana,North,28.46615,77.037207,1
TUR,West,Jamshedpur,East Singhbhum,Jharkhand,East,22.809529,86.188217,1
SLW,South,Durgapur,Paschim Bardhaman,West Bengal,East,23.504294,87.310311,1
JGN,North,Dhule,Dhule,Maharashtra,West,20.903108,74.790052,1
QED,South,Bhilwara,Bhilwara,Rajasthan,North,25.327888,74.636521,1
KHB,South,Ahmednagar,Ahmednagar,Maharashtra,West,19.076707,74.748498,1
ASI,West,Raipur,Raipur,Chhattisgarh,Central,21.25761,81.614571,1
GAH,Tonk Road,Jaipur,Jaipur,Rajasthan,North,26.896337,75.786028,1
ENV,East,Kadapa,YSR Kadapa,Andhra Pradesh,South,14.468438,78.813878,1
OZW,Karungalpalayam,Erode,Erode,Tamil Nadu,South,11.341436,77.704667,1
WBB,East,Thrissur,Thrissur,Kerala,South,10.528472,76.20498,1
BMT,South,Jalandhar,Jalandhar,Punjab,North,31.306636,75.575938,1
YVL,Central,Jalgaon,Jalgaon,Maharashtra,West,21.016728,75.564295,1
QLT,South,Raipur,Raipur,Chhattisgarh,Central,21.23641,81.641291,1
CVL,Central,Margao,South Goa,Goa,West,15.295287,73.98504,1
KMU,Central,Kurnool,Kurnool,Andhra Pradesh,South,15.837527,78.038,1
NVL,Central,Meerut,Meerut,Uttar Pradesh,North,28.993961,77.707817,1
NBN,Sohna Road,Gurgaon,Gurugram,Haryana,North,28.468869,77.010834,1
HAV,North,Tinsukia,Tinsukia,Assam,Northeast,27.48731,95.376365,1
QBL,Central,Amravati,Amravati,Maharashtra,West,20.949389,77.778923,1
QBO,Central,Varanasi,Varanasi,Uttar Pradesh,North,25.327594,82.973928,1
YDJ,TT Nagar,Bhopal,Bhopal,Madhya Pradesh,Central,23.249622,77.427597,1
QMS,South,Ambattur,Tiruvallur,Tamil Nadu,South,13.079995,80.161392,1
AGA,North,Roorkee,Haridwar,Uttarakhand,North,29.855219,77.900561,1
PGH,East,Jalandhar,Jalandhar,Punjab,North,31.325417,75.565309,1
KMJ,East,Agartala,West Tripura,Tripura,Northeast,23.833131,91.274092,1
KGJ,Vikas Nagar,Lucknow,Lucknow,Uttar Pradesh,North,26.855135,80.934313,1
ERY,South,Rourkela,Sundargarh,Odisha,East,22.242832,84.854374,1
IES,South,Durgapur,Paschim Bardhaman,West Bengal,East,23.501177,87.311799,1
AEN,North,Anand,Anand,Gujarat,West,22.562837,72.94486,1
KAX,North,Nadiad,Kheda,Gujarat,West,22.694526,72.879418,1
EVP,Central,Rajahmundry,East Godavari,Andhra Pradesh,South,17.009779,81.805809,1
BVL,South,Cuttack,Cuttack,Odisha,East,20.443879,85.88467,1
PXZ,North,Thrissur,Thrissur,Kerala,South,10.52637,76.228496,1
VFE,Benz Circle,Vijayawada,Krishna,Andhra Pradesh,South,16.515086,80.658845,1
AFN,Vijay Nagar,Indore,Indore,Madhya Pradesh,Central,22.728888,75.858658,1
NJN,North,Dhule,Dhule,Maharashtra,West,20.902865,74.790291,1
SYI,Saibaba Colony,Coimbatore,Coimbatore,Tamil Nadu,South,11.0252,76.967972,1
QRN,East,Jalgaon,Jalgaon,Maharashtra,West,21.00942,75.553329,1
QGI,Central,Saharanpur,Saharanpur,Uttar Pradesh,North,29.979528,77.554608,1
EIM,Central,Davanagere,Davanagere,Karnataka,South,14.475488,75.921816,1
IWN,North,Dhule,Dhule,Maharashtra,West,20.904435,74.790096,1
XUZ,South,Ujjain,Ujjain,Madhya Pradesh,Central,23.159305,75.789762,1
SVM,Central,Allahabad,Prayagraj,Uttar Pradesh,North,25.447383,81.847988,1
YWB,West,Jodhpur,Jodhpur,Rajasthan,North,26.24352,73.009949,1
TCH,South,Kozhikode,Kozhikode,Kerala,South,11.239993,75.779757,1
OBO,East,Karaikudi,Sivaganga,Tamil Nadu,South,10.071877,78.764857,1
RBW,South,Durgapur,Paschim Bardhaman,West Bengal,East,23.501421,87.312768,1
QAL,East,Moradabad,Moradabad,Uttar Pradesh,North,28.839156,78.765418,1
JMN,North,Saharanpur,Saharanpur,Uttar Pradesh,North,29.967887,77.571196,1
DWY,North,Jalandhar,Jalandhar,Punjab,North,31.327089,75.59145,1
AIB,South,Kakinada,East Godavari,Andhra Pradesh,South,16.972211,82.24596,1
ZVO,Manpada,Thane,Thane,Maharashtra,West,19.210119,72.966527,1
UOW,North,Loni,Ghaziabad,Uttar Pradesh,North,28.741041,77.303856,1
OSI,Central,Kanpur,Kanpur Nagar,Uttar Pradesh,North,26.459669,80.331417,1
IEJ,South,Agartala,West Tripura,Tripura,Northeast,23.815034,91.288744,1
RMR,Central,Durgapur,Paschim Bardhaman,West Bengal,East,23.529971,87.310825,1
IPF,North,Kanpur,Kanpur Nagar,Uttar Pradesh,North,26.455798,80.344283,1
TYT,South,Amravati,Amravati,Maharashtra,West,20.919253,77.778463,1
VMI,East,Warangal,Warangal Urban,Telangana,South,17.970009,79.582262,1
ARJ,East,Kohima,Kohima,Nagaland,Northeast,25.672775,94.09946,1
DOU,South,Srinagar,Srinagar,Jammu and Kashmir,North,34.069953,74.808574,1
KUP,South,Moradabad,Moradabad,Uttar Pradesh,North,28.822066,78.775751,1
GCK,East,Mathura,Mathura,Uttar Pradesh,North,27.493487,77.66122,1
NNG,East,Durgapur,Paschim Bardhaman,West Bengal,East,23.518434,87.29911,1
EVD,Central,Ballari,Ballari,Karnataka,South,15.149,76.921461,1
GIZ,South,Firozabad,Firozabad,Uttar Pradesh,North,27.141329,78.396681,1
LGO,Naupada,Thane,Thane,Maharashtra,West,19.226376,72.991331,1
KTN,East,Durgapur,Paschim Bardhaman,West Bengal,East,23.519703,87.300056,1
RIQ,East,Silchar,Cachar,Assam,Northeast,24.832454,92.769726,1
JPH,Central,Durgapur,Paschim Bardhaman,West Bengal,East,23.531603,87.31131,1
AVV,West,Srinagar,Srinagar,Jammu and Kashmir,North,34.086501,74.785039,1
SNR,South,Thrissur,Thrissur,Kerala,South,10.508953,76.214644,1
MTH,South,Ballari,Ballari,Karnataka,South,15.119666,76.919809,1
DRC,Central,Durgapur,Paschim Bardhaman,West Bengal,East,23.531567,87.312028,1
SET,West,Meerut,Meerut,Uttar Pradesh,North,28.989336,77.692607,1
TLT,MG Road,Vijayawada,Krishna,Andhra Pradesh,South,16.517851,80.647218,1
VSA,South,Aurangabad,Aurangabad,Maharashtra,West,19.860351,75.352519,1
AUM,Central,Kohima,Kohima,Nagaland,Northeast,25.685135,94.109126,1
GKJ,Central,Durgapur,Paschim Bardhaman,West Bengal,East,23.532289,87.31115,1
SEG,South,Shahjahanpur,Shahjahanpur,Uttar Pradesh,North,27.862692,79.909047,1
DCO,North,Mira-Bhayandar,Thane,Maharashtra,West,19.294837,72.867996,1
EKM,Central,Jamshedpur,East Singhbhum,Jharkhand,East,22.815973,86.203692,1
KXR,North,Kakinada,East Godavari,Andhra Pradesh,South,16.988812,82.262075,1
OPW,North,Bikaner,Bikaner,Rajasthan,North,28.022654,73.326428,1
ADN,East,Durgapur,Paschim Bardhaman,West Bengal,East,23.52029,87.299252,1
VFR,South,Hubli,Dharwad,Karnataka,South,15.347518,75.123561,1
YOL,South,Avadi,Tiruvallur,Tamil Nadu,South,13.096853,80.111739,1
PNK,Hadapsar,Pune,Pune,Maharashtra,West,18.513203,73.850701,1
ECX,Cyber City,Gurgaon,Gurugram,Haryana,North,28.469682,77.027935,1
FCO,Central,Nanded,Nanded,Maharashtra,West,19.14748,77.320504,1
JDC,Central,Durgapur,Paschim Bardhaman,West Bengal,East,23.533021,87.311362,1
MAR,East,Shillong,East Khasi Hills,Meghalaya,Northeast,25.580426,91.882011,1
UEL,East,Kurnool,Kurnool,Andhra Pradesh,South,15.828714,78.027618,1
DVR,North,Ratnagiri,Ratnagiri,Maharashtra,West,16.993103,73.313397,1
NDU,Central,Loni,Ghaziabad,Uttar Pradesh,North,28.750411,77.289014,1
SSK,South,Durgapur,Paschim Bardhaman,West Bengal,East,23.501474,87.313837,1
HDJ,East,Aizawl,Aizawl,Mizoram,Northeast,23.727819,92.707272,1
TQR,Suramangalam,Salem,Salem,Tamil Nadu,South,11.64587,78.14457,1
KGZ,Central,Davanagere,Davanagere,Karnataka,South,14.475022,75.920864,1
TVJ,North,Agartala,West Tripura,Tripura,Northeast,23.832055,91.30103,1
BRJ,Hinoo,Ranchi,Ranchi,Jharkhand,East,23.333895,85.326812,1
UWO,North,Margao,South Goa,Goa,West,15.285032,74.001605,1
QHI,Central,Thrissur,Thrissur,Kerala,South,10.538232,76.216039,1
EHN,Central,Durgapur,Paschim Bardhaman,West Bengal,East,23.530005,87.312669,1
MQI,North,Durgapur,Paschim Bardhaman,West Bengal,East,23.521279,87.324705,1
TTP,Central,Gorakhpur,Gorakhpur,Uttar Pradesh,North,26.77054,83.373993,1
DKW,Central,Dehradun,Dehradun,Uttarakhand,North,30.328606,78.032566,1
JAJ,South,Kohima,Kohima,Nagaland,Northeast,25.655544,94.107682,1
TAL,North,Maheshtala,South 24 Parganas,West Bengal,East,22.510751,88.264116,1
KNE,Central,Rohtak,Rohtak,Haryana,North,28.906629,76.605773,1
MBH,East,Muzaffarpur,Muzaffarpur,Bihar,East,26.119827,85.3552,1
ABF,North,Jamnagar,Jamnagar,Gujarat,West,22.471751,70.072755,1
LEU,Central,Asansol,Paschim Bardhaman,West Bengal,East,23.684508,86.950897,1
FHW,Central,Udaipur,Udaipur,Rajasthan,North,24.596284,73.710749,1
IFF,Doranda,Ranchi,Ranchi,Jharkhand,East,23.35015,85.320112,1
WLI,Saibaba Colony,Coimbatore,Coimbatore,Tamil Nadu,South,11.024201,76.966519,1
JXD,Central,Dhule,Dhule,Maharashtra,West,20.916238,74.775975,1
KRO,North,Solapur,Solapur,Maharashtra,West,17.658971,75.919999,1
OPO,South,Imphal,Imphal West,Manipur,Northeast,24.800596,93.936842,1
TML,East,Jhansi,Jhansi,Uttar Pradesh,North,25.449838,78.556895,1
RLJ,Central,Gwalior,Gwalior,Madhya Pradesh,Central,26.23023,78.182555,1
VNA,Central,Bidar,Bidar,Karnataka,South,17.924354,77.529588,1
AHR,East,Kamarhati,North 24 Parganas,West Bengal,East,22.668843,88.3603,1
BPL,South,Durgapur,Paschim Bardhaman,West Bengal,East,23.503604,87.312899,1
GKE,Central,Jabalpur,Jabalpur,Madhya Pradesh,Central,23.19393,79.984516,1
HRV,East,Aizawl,Aizawl,Mizoram,Northeast,23.727639,92.706235,1
BIN,Central,Imphal,Imphal West,Manipur,Northeast,24.829631,93.935994,1
MTT,East,Saharanpur,Saharanpur,Uttar Pradesh,North,29.96766,77.543845,1
ZFB,South,Kolhapur,Kolhapur,Maharashtra,West,16.688264,74.241823,1
GAD,West,Meerut,Meerut,Uttar Pradesh,North,28.989772,77.691064,1
NGO,Vannarpet,Tirunelveli,Tirunelveli,Tamil Nadu,South,8.715152,77.745585,1
JLI,South,Durgapur,Paschim Bardhaman,West Bengal,East,23.501587,87.312045,1
VEZ,South,Port Blair,Cuddalore,Tamil Nadu,South,11.728953,79.771613,1
BEJ,North,Guntur,Guntur,Andhra Pradesh,South,16.306504,80.451231,1
GFI,North,Ratnagiri,Ratnagiri,Maharashtra,West,16.995749,73.314419,1
YPA,North,Maheshtala,South 24 Parganas,West Bengal,East,22.510187,88.26413,1
OHE,North,Gandhinagar,Gandhinagar,Gujarat,West,23.220658,72.652561,1
KSR,North,Agra,Agra,Uttar Pradesh,North,27.179196,78.022947,1
JIP,East,Patiala,Patiala,Punjab,North,30.339155,76.374164,1
TYE,North,Agartala,West Tripura,Tripura,Northeast,23.833091,91.301055,1
HLB,South,Patiala,Patiala,Punjab,North,30.320083,76.388086,1
RFX,Central,Loni,Ghaziabad,Uttar Pradesh,North,28.751714,77.290172,1
TLC,South,Durgapur,Paschim Bardhaman,West Bengal,East,23.503752,87.309964,1
MJS,South,Dhule,Dhule,Maharashtra,West,20.887471,74.775426,1
NNL,Surathkal,Mangalore,Dakshina Kannada,Karnataka,South,12.902121,74.857565,1
MTI,East,Jalgaon,Jalgaon,Maharashtra,West,21.008703,75.553533,1
JSH,East,Durgapur,Paschim Bardhaman,West Bengal,East,23.520448,87.302528,1
QNU,Central,Port Blair,Cuddalore,Tamil Nadu,South,11.757033,79.769937,1
AXB,Bhawarkua,Indore,Indore,Madhya Pradesh,Central,22.709866,75.873028,1
HML,East,Cuttack,Cuttack,Odisha,East,20.462155,85.870445,1
VBO,Central,Jammu,Jammu,Jammu and Kashmir,North,32.736547,74.855724,1
NCF,Central,Nanded,Nanded,Maharashtra,West,19.148201,77.319576,1
BPZ,South,Ratnagiri,Ratnagiri,Maharashtra,West,16.978183,73.300765,1
YEC,Saheed Nagar,Bhubaneswar,Khordha,Odisha,East,20.30868,85.823584,1
DLH,South,Kalyan,Thane,Maharashtra,West,19.228352,73.144133,1
NWO,Central,Bathinda,Bathinda,Punjab,North,30.221134,74.944715,1
DEN,Central,Jabalpur,Jabalpur,Madhya Pradesh,Central,23.193829,79.985209,1
PUJ,South,Thrissur,Thrissur,Kerala,South,10.510671,76.215088,1
VGJ,Central,Tinsukia,Tinsukia,Assam,Northeast,27.499108,95.361834,1
OGF,North,Durgapur,Paschim Bardhaman,West Bengal,East,23.520978,87.326522,1
NRC,East,Jodhpur,Jodhpur,Rajasthan,North,26.229783,73.017111,1
TCT,North,Satara,Satara,Maharashtra,West,17.681257,74.033758,1
RWR,North,Mathura,Mathura,Uttar Pradesh,North,27.492799,77.686968,1
MLL,Lalpur,Ranchi,Ranchi,Jharkhand,East,23.356584,85.308436,1
GGA,East,Dibrugarh,Dibrugarh,Assam,Northeast,27.472475,94.902786,1
EVK,South,Rohtak,Rohtak,Haryana,North,28.878751,76.605968,1
DGI,Central,Durgapur,Paschim Bardhaman,West Bengal,East,23.531172,87.309973,1
BTI,North,Nellore,Nellore,Andhra Pradesh,South,14.443001,80.000452,1
HMV,North,Bareilly,Bareilly,Uttar Pradesh,North,28.368335,79.44466,1
KNZ,East,Rohtak,Rohtak,Haryana,North,28.893911,76.595984,1
ULR,East,Dharamshala,Kangra,Himachal Pradesh,North,32.220565,76.31261,1
NAV,North,Kalyan,Thane,Maharashtra,West,19.249756,73.149613,1
ISZ,South,Junagadh,Junagadh,Gujarat,West,21.505266,70.457026,1
WLG,RS Puram,Coimbatore,Coimbatore,Tamil Nadu,South,11.029395,76.954305,1
EUM,South,Rajkot,Rajkot,Gujarat,West,22.290853,70.814155,1
ZDB,Gokulam,Mysuru,Mysuru,Karnataka,South,12.294479,76.653245,1
NEJ,North,Dhanbad,Dhanbad,Jharkhand,East,23.799181,86.446087,1
ZEK,East,Margao,South Goa,Goa,West,15.285016,73.975479,1
KAY,Central,Agra,Agra,Uttar Pradesh,North,27.187837,78.006709,1
MFB,South,Loni,Ghaziabad,Uttar Pradesh,North,28.722896,77.29039,1
KMI,East,Ambala,Ambala,Haryana,North,30.37839,76.766087,1
DSH,South,Durgapur,Paschim Bardhaman,West Bengal,East,23.503677,87.312066,1
EPC,North,Jalandhar,Jalandhar,Punjab,North,31.326397,75.589922,1
DPQ,South,Durgapur,Paschim Bardhaman,West Bengal,East,23.501214,87.310051,1
NIN,West,Varanasi,Varanasi,Uttar Pradesh,North,25.322012,82.959945,1
KHN,Hinoo,Ranchi,Ranchi,Jharkhand,East,23.33546,85.327054,1
LXB,Cantonment,Tiruchirappalli,Tiruchirappalli,Tamil Nadu,South,10.801885,78.705258,1
JNK,South,Karnal,Karnal,Haryana,North,29.666266,76.992264,1
LCE,East,Hubli,Dharwad,Karnataka,South,15.363991,75.115081,1
YNW,South,Nanded,Nanded,Maharashtra,West,19.121168,77.320595,1
BKN,North,Durgapur,Paschim Bardhaman,West Bengal,East,23.518434,87.325175,1
RVV,Auto Nagar,Vijayawada,Krishna,Andhra Pradesh,South,16.496179,80.649275,1
ZCT,South,Bhilwara,Bhilwara,Rajasthan,North,25.32737,74.635437,1
GLC,Pan Bazar,Guwahati,Kamrup Metro,Assam,Northeast,26.157206,91.736593,1
MJP,Central,Howrah,Howrah,West Bengal,East,22.605729,88.262237,1
TBX,Central,Bhiwandi,Thane,Maharashtra,West,19.311727,73.062372,1
YNL,South,Bhilwara,Bhilwara,Rajasthan,North,25.32679,74.635396,1
RRW,South,Shahjahanpur,Shahjahanpur,Uttar Pradesh,North,27.864351,79.911396,1
JBT,Central,Durgapur,Paschim Bardhaman,West Bengal,East,23.532052,87.313546,1
YIS,East,Jamshedpur,East Singhbhum,Jharkhand,East,22.797385,86.197563,1
BUN,East,Anand,Anand,Gujarat,West,22.562539,72.918533,1
LFG,Frazer Road,Patna,Patna,Bihar,East,25.583797,85.138361,1
IPW,South,Mathura,Mathura,Uttar Pradesh,North,27.475121,77.673715,1
EDG,Central,Akbarpur,Ambedkar Nagar,Uttar Pradesh,North,26.43828,82.536828,1
ULS,South,Kolhapur,Kolhapur,Maharashtra,West,16.685263,74.241464,1
CPT,East,Jalandhar,Jalandhar,Punjab,North,31.32655,75.565469,1
JWI,North,Udaipur,Udaipur,Rajasthan,North,24.583817,73.727027,1
BJQ,Athwagate,Surat,Surat,Gujarat,West,21.158542,72.830726,1
ENI,Panvel,Navi Mumbai,Thane,Maharashtra,West,19.027776,73.018981,1
IGN,South,Maheshtala,South 24 Parganas,West Bengal,East,22.491693,88.246573,1
RCM,Central,Jamshedpur,East Singhbhum,Jharkhand,East,22.815405,86.202022,1
QSB,East,Durgapur,Paschim Bardhaman,West Bengal,East,23.518623,87.299315,1
FFN,Central,Ratnagiri,Ratnagiri,Maharashtra,West,17.004876,73.300748,1
BIE,East,Jamshedpur,East Singhbhum,Jharkhand,East,22.796593,86.195891,1
MRF,Ganapathy,Coimbatore,Coimbatore,Tamil Nadu,South,11.027303,76.938992,1
TIE,North,Agartala,West Tripura,Tripura,Northeast,23.831476,91.301562,1
CAZ,North,Rohtak,Rohtak,Haryana,North,28.895323,76.622387,1
MYV,Sector 56,Gurgaon,Gurugram,Haryana,North,28.449545,77.0412,1
TSC,Central,Bidar,Bidar,Karnataka,South,17.924167,77.531547,1
ZOC,North,Agartala,West Tripura,Tripura,Northeast,23.830534,91.299798,1
XSM,Central,Siliguri,Darjeeling,West Bengal,East,26.739242,88.393932,1
VVI,East,Silchar,Cachar,Assam,Northeast,24.832894,92.76742,1
LBX,Central,Guntur,Guntur,Andhra Pradesh,South,16.317378,80.437808,1
SXR,East,Shimla,Shimla,Himachal Pradesh,North,31.106708,77.162668,1
FFS,Nerul,Navi Mumbai,Thane,Maharashtra,West,19.024606,73.046205,1
IVF,East,Port Blair,Cuddalore,Tamil Nadu,South,11.747131,79.760836,1
VAF,Maninagar,Ahmedabad,Ahmedabad,Gujarat,West,23.02641,72.587693,1
NDI,Central,Bhilai,Durg,Chhattisgarh,Central,21.206166,81.348925,1
MUA,Central,Loni,Ghaziabad,Uttar Pradesh,North,28.749237,77.288073,1
NKI,Pendurthi,Visakhapatnam,Visakhapatnam,Andhra Pradesh,South,17.695399,83.201327,1
ZOD,Central,Dhule,Dhule,Maharashtra,West,20.916874,74.774326,1
EYZ,Peelamedu,Coimbatore,Coimbatore,Tamil Nadu,South,11.008497,76.971242,1
MZE,South,Agartala,West Tripura,Tripura,Northeast,23.812209,91.285119,1
HOI,Nerul,Navi Mumbai,Thane,Maharashtra,West,19.025417,73.046412,1
PEF,South,Hisar,Hisar,Haryana,North,29.131703,75.720274,1
AJS,East,Shahjahanpur,Shahjahanpur,Uttar Pradesh,North,27.880533,79.898323,1
ZOO,Central,Akbarpur,Ambedkar Nagar,Uttar Pradesh,North,26.441483,82.537887,1
IEZ,South,Karnal,Karnal,Haryana,North,29.667324,76.989768,1
GAX,North,Imphal,Imphal West,Manipur,Northeast,24.816466,93.951231,1
YTT,East,Mysore,Mysuru,Karnataka,South,12.295112,76.629495,1
SKH,South,Belgaum,Belgaum,Karnataka,South,15.830033,74.498145,1
MFI,Bariatu,Ranchi,Ranchi,Jharkhand,East,23.335558,85.298725,1
UPL,East,Silchar,Cachar,Assam,Northeast,24.83194,92.76619,1
IEX,North,Solapur,Solapur,Maharashtra,West,17.661052,75.921574,1
ECA,Central,Bokaro Steel City,Bokaro,Jharkhand,East,23.679298,86.152544,1
JLO,South,Jamnagar,Jamnagar,Gujarat,West,22.453068,70.058308,1
GEG,North,Akbarpur,Ambedkar Nagar,Uttar Pradesh,North,26.427886,82.551575,1
LPF,South,Ulhasnagar,Thane,Maharashtra,West,19.204751,73.166348,1
IZX,South,Kanpur,Kanpur Nagar,Uttar Pradesh,North,26.433536,80.340668,1
PLK,South,Akbarpur,Ambedkar Nagar,Uttar Pradesh,North,26.411507,82.537622,1
KEG,Frazer Road,Patna,Patna,Bihar,East,25.585244,85.137144,1
LNO,South,Latur,Latur,Maharashtra,West,18.389168,76.559287,1
ASP,East,Davanagere,Davanagere,Karnataka,South,14.466272,75.910917,1
VRT,Kharghar,Navi Mumbai,Thane,Maharashtra,West,19.021538,73.030093,1
CUT,Khanapara,Guwahati,Kamrup Metro,Assam,Northeast,26.154521,91.722073,1
VXX,North,Bilaspur,Bilaspur,Chhattisgarh,Central,22.080116,82.152443,1
IMR,East,Ambattur,Tiruvallur,Tamil Nadu,South,13.096319,80.150539,1
BLT,Central,Satara,Satara,Maharashtra,West,17.69169,74.017503,1
DWT,North,Satara,Satara,Maharashtra,West,17.680709,74.034238,1
OJC,South,Kohima,Kohima,Nagaland,Northeast,25.658368,94.10913,1
SLI,East,Rajahmundry,East Godavari,Andhra Pradesh,South,17.000301,81.793291,1
ICH,North,Agartala,West Tripura,Tripura,Northeast,23.830187,91.30022,1
ORT,South,Agartala,West Tripura,Tripura,Northeast,23.813668,91.28607,1
ESS,South,Karnal,Karnal,Haryana,North,29.667124,76.990074,1
EDU,East,Raipur,Raipur,Chhattisgarh,Central,21.244596,81.623542,1
TAS,South,Jamshedpur,East Singhbhum,Jharkhand,East,22.788417,86.211578,1
BLS,South,Ratnagiri,Ratnagiri,Maharashtra,West,16.976205,73.301472,1
KYO,East,Bokaro Steel City,Bokaro,Jharkhand,East,23.668774,86.139525,1
IEU,North,Bareilly,Bareilly,Uttar Pradesh,North,28.365784,79.44393,1
IER,Central,Howrah,Howrah,West Bengal,East,22.607772,88.265449,1
AMB,Sector 18,Noida,Gautam Buddha Nagar,Uttar Pradesh,North,28.547234,77.38954,1
AND,East,Jalandhar,Jalandhar,Punjab,North,31.324962,75.563701,1
OBE,Central,Varanasi,Varanasi,Uttar Pradesh,North,25.32946,82.974815,1
